{"type":"FeatureCollection","features":[{"type":"Feature","geometry":{"bbox":[107.02628900100011,-6.306341999999999,107.03831100000005,-6.304207000000007],"type":"LineString","coordinates":[[107.03831100000005,-6.306288000999972,0],[107.03823231300002,-6.3062885249999265,0],[107.03816100100008,-6.306288999999966,0],[107.03793599900011,-6.306196999999903,0],[107.03665600000008,-6.306157999999963,0],[107.03648703900004,-6.306157056999973,0],[107.0364769990001,-6.306157000999969,0],[107.03645631100007,-6.3061560209999765,0],[107.03613900000002,-6.306140999999977,0],[107.03605499999999,-6.306137999999995,0],[107.03556560100009,-6.3061213439999495,0],[107.03543800000001,-6.306117000999945,0],[107.03521926300003,-6.306109227000013,0],[107.03481900000004,-6.30609500099999,0],[107.03456100000001,-6.306085999999956,0],[107.03452199900008,-6.306083999999968,0],[107.0343129350001,-6.3062155179999255,0],[107.03418500000008,-6.306296000000012,0],[107.03404000000008,-6.306297999,0],[107.03387250300007,-6.306300242999919,0],[107.03381600100002,-6.306300999999982,0],[107.03372370100001,-6.306302498999928,0],[107.03350800000003,-6.306305999999951,0],[107.03350802600002,-6.306305767999932,0],[107.03350899900002,-6.306297000000006,0],[107.03350867900008,-6.306296979000004,0],[107.03319600000005,-6.30627699999995,0],[107.03319544900009,-6.306276448999904,0],[107.03319500000006,-6.306275999999956,0],[107.0329807670001,-6.306266067999934,0],[107.03289300000003,-6.306261999999952,0],[107.03263528900003,-6.306251330999958,0],[107.03257900000007,-6.3062489999999425,0],[107.03230400000005,-6.306236999999927,0],[107.03214506300004,-6.306298975999903,0],[107.03214499900004,-6.306298999999994,0],[107.03212388600008,-6.306300306000013,0],[107.03167600000005,-6.3063280009999065,0],[107.03112200000004,-6.306341999999999,0],[107.03098227500003,-6.306338090999942,0],[107.0308360000001,-6.306333999999959,0],[107.03017399900003,-6.306313000999998,0],[107.03014719900004,-6.306313658999963,0],[107.03005200000007,-6.306315999999979,0],[107.0293902100001,-6.306333993999958,0],[107.02939,-6.306333998999959,0],[107.0293730000001,-6.306267999999916,0],[107.02934268000008,-6.306186722999941,0],[107.02925400000002,-6.3059489999999006,0],[107.02894900000011,-6.305233999999894,0],[107.02882500000005,-6.304832999999933,0],[107.02882464600003,-6.304833045999937,0],[107.02877100000003,-6.304839999999979,0],[107.02841100000009,-6.304831999999939,0],[107.02836900000008,-6.304830999999945,0],[107.02818500000004,-6.304798999999962,0],[107.02799099900007,-6.304764999999991,0],[107.02749999900003,-6.304498000999926,0],[107.02745200000005,-6.304468999999925,0],[107.02738318900005,-6.304489041999984,0],[107.02734900000006,-6.304499000000009,0],[107.02727056900005,-6.304510437999978,0],[107.02720500000005,-6.30451999899997,0],[107.02720477700002,-6.304519907999962,0],[107.02686500000007,-6.304381000999927,0],[107.02655100000003,-6.304271999999967,0],[107.02649896800007,-6.304259069999963,0],[107.02638600100005,-6.30423099999995,0],[107.02636688100007,-6.3042252649999195,0],[107.02636600100008,-6.304224999999986,0],[107.02636193400011,-6.3042239159999856,0],[107.0263060010001,-6.304208999999995,0],[107.02628900100011,-6.304207000000007,0]]},"properties":{}},{"type":"Feature","geometry":{"bbox":[106.974835,-6.296011000999991,106.9999990000001,-6.289138000000017],"type":"LineString","coordinates":[[106.974835,-6.289138000000017,0],[106.97876000000004,-6.290168999999969,0],[106.98262900000006,-6.291424999999974,0],[106.98472100000005,-6.291924999999955,0],[106.98472096300004,-6.291925359999896,0],[106.98471900000006,-6.291943999999928,0],[106.98471500000008,-6.291984999999945,0],[106.98471053300007,-6.292029127999955,0],[106.9846820000001,-6.292311001000007,0],[106.98455803300007,-6.293522671999897,0],[106.98455800000006,-6.293522998999924,0],[106.98486572800003,-6.293553974,0],[106.98486600000005,-6.293554001000002,0],[106.98492506400005,-6.2935685129999595,0],[106.98544800000008,-6.293696999999932,0],[106.98661500000009,-6.293982999999971,0],[106.98667939600008,-6.2939948439999736,0],[106.986702,-6.293999000999962,0],[106.98707600000003,-6.294069999999975,0],[106.98726600100012,-6.294121000999931,0],[106.98738300000012,-6.294212999999994,0],[106.98743490600006,-6.2942542799999455,0],[106.98751000000006,-6.294313999999913,0],[106.98751161800001,-6.294314805999891,0],[106.98751165300011,-6.294314826999981,0],[106.98751200000005,-6.294314999999907,0],[106.98775652400012,-6.294509621999934,0],[106.98775699900007,-6.294509999999965,0],[106.98807200000002,-6.294655999999966,0],[106.98822130200003,-6.294697438999931,0],[106.98831700000004,-6.294724000999997,0],[106.98839738500003,-6.294746626999915,0],[106.9885870000001,-6.294799999999979,0],[106.9886870010001,-6.294827999999898,0],[106.98897200000006,-6.294918999999966,0],[106.98913097500007,-6.295000357999948,0],[106.98914200000009,-6.295005999999971,0],[106.98943600000008,-6.295157000999941,0],[106.9895327900001,-6.295197366999995,0],[106.98964700100004,-6.295244999999939,0],[106.98978715100009,-6.295272649000006,0],[106.98979400000003,-6.295274000999941,0],[106.98982900800009,-6.295261120999941,0],[106.98990000000002,-6.295234999999911,0],[106.98998400000004,-6.295178998999985,0],[106.98998449000008,-6.295178019999993,0],[106.98998500000003,-6.295176999999997,0],[106.99016917200008,-6.295054217999963,0],[106.99017399900004,-6.295051000999964,0],[106.99017409600005,-6.295050917999957,0],[106.99031086300008,-6.294934118999974,0],[106.9903110010001,-6.294934002999964,0],[106.99032646600004,-6.2949218349999345,0],[106.99047500000007,-6.294804999999949,0],[106.9905482870001,-6.294767590999962,0],[106.99071400000004,-6.29468299999998,0],[106.99073600000008,-6.2946719989999576,0],[106.99077666700008,-6.29466917399999,0],[106.99113900000003,-6.29464399999995,0],[106.99132500000006,-6.294655999999966,0],[106.9915520000001,-6.294687999999949,0],[106.99221400000008,-6.294781999999911,0],[106.99232859900005,-6.294767124000012,0],[106.99242200000005,-6.294754999999986,0],[106.99247460800005,-6.294748640999993,0],[106.99251300000012,-6.294743999999964,0],[106.99266700000007,-6.294713999999969,0],[106.9927703330001,-6.2946910909999385,0],[106.99287900100003,-6.294666999999988,0],[106.99288685800006,-6.294669172999901,0],[106.99297300000008,-6.294692999999919,0],[106.99310700000007,-6.294729000999967,0],[106.99344900000003,-6.294822000999934,0],[106.99350014700009,-6.29484414599999,0],[106.99354600000007,-6.294863999999945,0],[106.99390200000003,-6.29501899999998,0],[106.9941090010001,-6.29511500099993,0],[106.99411790300005,-6.295119451999943,0],[106.99412900000007,-6.295124999999958,0],[106.99442700000013,-6.295202999999928,0],[106.99464900000002,-6.295246999999927,0],[106.99489732200004,-6.295307254999939,0],[106.99492100000005,-6.29531300099997,0],[106.99521299900006,-6.295384000999983,0],[106.99522900000005,-6.295388000999958,0],[106.99541700000006,-6.295390000999946,0],[106.99559750900008,-6.295348214999953,0],[106.99563300000008,-6.2953399999999835,0],[106.99578300000006,-6.29530499999993,0],[106.99597382200004,-6.295258474999988,0],[106.99606600000003,-6.295235999999905,0],[106.99627000000002,-6.295185999999942,0],[106.99632365100011,-6.295185999999942,0],[106.99633999900004,-6.295185999999942,0],[106.99636575100004,-6.295181027999975,0],[106.99648500000005,-6.295157999999935,0],[106.99652900000005,-6.295149999999984,0],[106.99672840800012,-6.295103544999959,0],[106.99716000000004,-6.295002999999989,0],[106.99732100000003,-6.294977999999963,0],[106.99790274800003,-6.294887039999898,0],[106.99790300000005,-6.294886999999983,0],[106.99804500000008,-6.294924000000025,0],[106.99804926400007,-6.294925172999944,0],[106.9980850000001,-6.294934999999958,0],[106.99811000100003,-6.294941000999922,0],[106.99877699900007,-6.295127002999946,0],[106.99877708500007,-6.295127035999949,0],[106.99996300000005,-6.295615999999905,0],[106.9999990000001,-6.295632999999979,0],[106.9999990000001,-6.295636321999988,0],[106.9999990000001,-6.295977000999931,0],[106.9999990000001,-6.296011000999991,0]]},"properties":{}},{"type":"Feature","geometry":{"bbox":[106.94629672100164,-6.235331,106.96643300000008,-6.230753999999928],"type":"LineString","coordinates":[[106.96643300000008,-6.2334069999999695,0],[106.96626012300008,-6.233361572999941,0],[106.96615900000006,-6.233335000999963,0],[106.96609810400008,-6.2333176009999445,0],[106.96595600000005,-6.23327699999996,0],[106.96594726900013,-6.233274272999912,0],[106.96594000000006,-6.233272000999902,0],[106.96578387500001,-6.23321533099992,0],[106.9655239990001,-6.233120999999931,0],[106.96538052900004,-6.233066730999971,0],[106.96529399900008,-6.233034000000016,0],[106.9652836420001,-6.233029684000014,0],[106.96527000100005,-6.233024000999899,0],[106.96503999900003,-6.232940999999959,0],[106.96491800000005,-6.23289699999996,0],[106.96479300000001,-6.232857999999931,0],[106.96479282800009,-6.232858360999961,0],[106.9647468480001,-6.232955587999923,0],[106.964662,-6.233135000999935,0],[106.96447605800007,-6.233405591999942,0],[106.96440500000006,-6.233509000999971,0],[106.96431249300005,-6.233562370999946,0],[106.96427500100005,-6.23358399999996,0],[106.96426970600005,-6.233586647000001,0],[106.96426500000011,-6.233588999999929,0],[106.96418627900009,-6.233626240999991,0],[106.964005,-6.233711999999981,0],[106.9639364380001,-6.233743452999919,0],[106.96381100000012,-6.233800999999973,0],[106.96362800000007,-6.233858000999893,0],[106.96335800100012,-6.233895999999929,0],[106.96320042200004,-6.233940663999894,0],[106.96304400100007,-6.233984999999921,0],[106.96283299900003,-6.234118999999994,0],[106.96275600000004,-6.234199998999946,0],[106.96262010700008,-6.234322381999947,0],[106.96258499900001,-6.2343539999998985,0],[106.96243300000006,-6.234358999999957,0],[106.96236555100008,-6.234349985999922,0],[106.96221600000004,-6.2343299999999555,0],[106.96209500000006,-6.234324999999986,0],[106.96164899900002,-6.234387999999958,0],[106.96162584000007,-6.234391735000001,0],[106.96161800000003,-6.234392998999928,0],[106.96160298300003,-6.234399857999962,0],[106.9614910000001,-6.234450998999931,0],[106.96143816800007,-6.234470153999917,0],[106.96123999900003,-6.234541999999999,0],[106.96090536100004,-6.234595741000005,0],[106.96049900000008,-6.234661000999987,0],[106.96005600100003,-6.234828999999943,0],[106.95971410200006,-6.235070382999931,0],[106.95959000000002,-6.235157999999986,0],[106.95958884500001,-6.235158769999961,0],[106.95958100000007,-6.2351639999999495,0],[106.95954465800008,-6.235175523999926,0],[106.95953999900006,-6.235176999999959,0],[106.95940790700004,-6.235180738999913,0],[106.9593280000001,-6.235183000999923,0],[106.95905600000006,-6.2352089999999425,0],[106.95904370800011,-6.235213528999962,0],[106.9590370000001,-6.235215999999989,0],[106.95869200000006,-6.235331,0],[106.95858275100008,-6.2353030529999085,0],[106.95847700000012,-6.235275999999979,0],[106.95839027100004,-6.235252284999971,0],[106.9583490000001,-6.2352410000000145,0],[106.9581428530001,-6.235153108999937,0],[106.95809100000007,-6.2351310009999725,0],[106.95774200100006,-6.234972999999956,0],[106.95771800000003,-6.234986999999959,0],[106.95767140400008,-6.23499976599995,0],[106.95757199900002,-6.235026999999983,0],[106.95753400000008,-6.235070000999899,0],[106.95753384100006,-6.235069976999986,0],[106.95746100000008,-6.235058999999966,0],[106.95718500000007,-6.235000999999963,0],[106.95697000000004,-6.234952999999988,0],[106.95682846700005,-6.23491508999996,0],[106.95674600000007,-6.234892999999909,0],[106.95637511200002,-6.234721053999982,0],[106.95637500000001,-6.234721000999977,0],[106.95603500000004,-6.234721000999977,0],[106.95600100000007,-6.234358999999957,0],[106.9560980000001,-6.233947998999968,0],[106.95603099900006,-6.233568999999962,0],[106.95589800000008,-6.233256999999993,0],[106.95551100000003,-6.230888999999907,0],[106.95551054100008,-6.230888982999906,0],[106.95200511300003,-6.2307540039999285,0],[106.95200500000001,-6.230753999999928,0],[106.95193471900006,-6.231198542999939,0],[106.95171599999999,-6.23258200000001,0],[106.95084300000006,-6.232436999999914,0],[106.95054012700005,-6.232367106999993,0],[106.95034900100005,-6.232323000999985,0],[106.95005300000007,-6.232324000999979,0],[106.94974100100009,-6.2325390000000045,0],[106.94941300000005,-6.232919001000004,0],[106.94916700000003,-6.23318299999991,0],[106.94888404800007,-6.233310567999984,0],[106.94887200000005,-6.23331599999999,0],[106.94887194700004,-6.23331599999999,0],[106.9482790000001,-6.233318000999889,0],[106.94796711600006,-6.233267424999967,0],[106.94768700000006,-6.233221998999939,0],[106.94670772900012,-6.233178352999969,0],[106.94629672100164,-6.233160033181685,0]]},"properties":{}},{"type":"Feature","geometry":{"bbox":[106.92711700000011,-6.34866499999991,106.93450900000003,-6.341881999999922],"type":"LineString","coordinates":[[106.92711700000011,-6.34504699999996,0],[106.9275720000001,-6.3442659999999105,0],[106.92766525900008,-6.3440880849999335,0],[106.9279079990001,-6.343624998999898,0],[106.92827822700008,-6.343070399999929,0],[106.92840800000008,-6.342876001000009,0],[106.92868900000005,-6.342495999999921,0],[106.92884400000008,-6.342276000000014,0],[106.92885203500005,-6.342259928999928,0],[106.92887600000007,-6.342211999999959,0],[106.92893400000007,-6.342166999999966,0],[106.92912900000005,-6.342016000999907,0],[106.92920443700007,-6.341918801999947,0],[106.92923300000004,-6.341881999999922,0],[106.92937099900008,-6.3422649999999035,0],[106.92939464800008,-6.342445698999933,0],[106.92940999900011,-6.3425629999999575,0],[106.92941698500007,-6.342613916999907,0],[106.92941699600007,-6.342614000000003,0],[106.92943500000005,-6.342937999999988,0],[106.92948640300004,-6.343116555999929,0],[106.92951100000003,-6.343201999999982,0],[106.92955764200008,-6.343306019999973,0],[106.92965000000008,-6.343511999999963,0],[106.92968299900005,-6.3435859999999575,0],[106.9299230000001,-6.343982999999943,0],[106.93003300000005,-6.344124999999968,0],[106.93014590300007,-6.344270874999959,0],[106.93014600100008,-6.344270999999969,0],[106.93015541900006,-6.344280183999929,0],[106.93038800000004,-6.344506999999956,0],[106.93042800000005,-6.344534999999963,0],[106.93089400000007,-6.344857999999954,0],[106.93095946800007,-6.344893393999952,0],[106.93125100000012,-6.345050999999936,0],[106.93129727200004,-6.345087653999949,0],[106.93196300000005,-6.345614999999972,0],[106.93198340200006,-6.345638183999936,0],[106.9319850000001,-6.345639999999909,0],[106.93225122600009,-6.345814936999906,0],[106.9326120000001,-6.346051999999892,0],[106.93327800000006,-6.3464559999999235,0],[106.93328668200006,-6.346461426999928,0],[106.93331000000003,-6.34647599999998,0],[106.93378700000007,-6.34673099999994,0],[106.93385539500004,-6.346813877999958,0],[106.93387200100008,-6.3468339999999355,0],[106.93387203700009,-6.346834118999945,0],[106.93392300000004,-6.34699899999991,0],[106.9339517270001,-6.347075140999992,0],[106.93402600100003,-6.347271999999938,0],[106.93416194400001,-6.347626851999989,0],[106.9341620000001,-6.347626999999912,0],[106.93431300000007,-6.347913999999944,0],[106.93431411300007,-6.347915279999961,0],[106.93433300000004,-6.347936999999982,0],[106.93445770700005,-6.348085929999959,0],[106.93447200100007,-6.34810300099995,0],[106.93450887300011,-6.348146848999937,0],[106.93450900000003,-6.348146998999949,0],[106.93450300000006,-6.348284000000005,0],[106.93447308200008,-6.348352249999968,0],[106.93443900000001,-6.348429999999917,0],[106.93442900900007,-6.348664784999892,0],[106.93442900000008,-6.34866499999991,0]]},"properties":{}},{"type":"Feature","geometry":{"bbox":[106.96643300000008,-6.233754999999986,106.968039,-6.2334069999999695],"type":"LineString","coordinates":[[106.968039,-6.233754999999986,0],[106.96770540000003,-6.233692796999991,0],[106.96725600000005,-6.233609000999897,0],[106.96724175400003,-6.233606862999986,0],[106.96723600100009,-6.233605999999915,0],[106.96711293800003,-6.233572284999967,0],[106.96694400000008,-6.233525999999957,0],[106.96693533100007,-6.233523935999964,0],[106.96692300000004,-6.233520999999898,0],[106.96688385900008,-6.233510986999958,0],[106.96683700000003,-6.233498999999943,0],[106.9666040000001,-6.233441999999934,0],[106.96643300000008,-6.2334069999999695,0]]},"properties":{}},{"type":"Feature","geometry":{"bbox":[107.01523799900012,-6.301873999999975,107.02248400000005,-6.280323999999938],"type":"LineString","coordinates":[[107.01984700000008,-6.301873999999975,0],[107.01984686600008,-6.3018738499999625,0],[107.0192954270001,-6.3012608849999605,0],[107.01913000000009,-6.301076999999934,0],[107.01906225400009,-6.300958442999983,0],[107.01883800100009,-6.300565999999931,0],[107.01884800000003,-6.300209999999963,0],[107.01898827600009,-6.299937890999919,0],[107.01914699999999,-6.299630000000024,0],[107.01946324000005,-6.299224841999985,0],[107.01955600000008,-6.299105999999922,0],[107.01963902500002,-6.298961281999938,0],[107.01984400000002,-6.298603999999953,0],[107.01987980100004,-6.29831711299993,0],[107.0199190000001,-6.298003000999964,0],[107.01996470000006,-6.297584014999936,0],[107.02003799900008,-6.296911999999933,0],[107.01994500000002,-6.295954999999976,0],[107.01977500000008,-6.295198998999952,0],[107.01945900000005,-6.293964999999991,0],[107.01920100000011,-6.293520999999936,0],[107.018764,-6.29278799999995,0],[107.01840500000006,-6.292345999999972,0],[107.01799648900001,-6.2922845199999475,0],[107.01760100000006,-6.292224999999997,0],[107.01758135300012,-6.2922212579999535,0],[107.01755900000005,-6.292216999999956,0],[107.01735899900011,-6.292170000999976,0],[107.01714100000001,-6.29211899999993,0],[107.0171270000001,-6.292116000999949,0],[107.01701799900005,-6.292091003999923,0],[107.01701773100002,-6.2920909479999185,0],[107.0167910000001,-6.29204599999993,0],[107.0164700000001,-6.2919819989999635,0],[107.01641145900005,-6.291970159999961,0],[107.01638100000011,-6.291963998999984,0],[107.01631872800002,-6.291951685999942,0],[107.01602700000004,-6.2918939999999655,0],[107.01577709900005,-6.291825513999983,0],[107.01568400000008,-6.291800000999915,0],[107.01555444900002,-6.291758764999967,0],[107.0152850000001,-6.291672998999976,0],[107.01523799900012,-6.291519999999929,0],[107.01528655600005,-6.291352261999995,0],[107.01532600000003,-6.291216000999912,0],[107.01540100400011,-6.290965000999927,0],[107.01540114000004,-6.2909645479999785,0],[107.01553600000008,-6.290516000999991,0],[107.0156660000001,-6.29019799999997,0],[107.01567858300007,-6.290173745999917,0],[107.01580400000006,-6.289932000999988,0],[107.01598800000009,-6.289693999999924,0],[107.01601614000002,-6.289655207999912,0],[107.01620200000004,-6.289398999999941,0],[107.01626900000008,-6.289319999999977,0],[107.0162843370001,-6.28929664999991,0],[107.01680100000004,-6.288510000000015,0],[107.01722379900012,-6.287607431999943,0],[107.01722400000004,-6.287607000999996,0],[107.01747200100004,-6.287209999999922,0],[107.01778800000008,-6.286674000999982,0],[107.01797431400004,-6.286432927999931,0],[107.01806700000007,-6.286312999999955,0],[107.01825700000008,-6.286031999999976,0],[107.01843800000003,-6.285780999999902,0],[107.01851399900002,-6.2856659999999795,0],[107.01886000000005,-6.285180999999996,0],[107.01891900000004,-6.285099998999955,0],[107.01902000000005,-6.284946999999908,0],[107.01921933800011,-6.284667048999927,0],[107.01961100000001,-6.284117000999979,0],[107.01963810800004,-6.284084546999958,0],[107.01968199900003,-6.2840319999999625,0],[107.01970278000006,-6.2840016289999365,0],[107.019773,-6.2838989999999715,0],[107.01995200000007,-6.283656999999932,0],[107.02000900000009,-6.283555000999931,0],[107.02070400000012,-6.28257099999996,0],[107.02092861800006,-6.282256821999988,0],[107.021015,-6.282135999999939,0],[107.02117399800002,-6.281884998999955,0],[107.02124500000012,-6.281787999999922,0],[107.02128402200006,-6.2817308679999915,0],[107.02142600000009,-6.281522999999934,0],[107.02152700000009,-6.2813959999999955,0],[107.02200600000002,-6.280683999999971,0],[107.02200641200005,-6.280683772999952,0],[107.02217300000008,-6.280591997999997,0],[107.02235176600003,-6.280429065999927,0],[107.02244383500002,-6.280345150999912,0],[107.02244400000002,-6.280344999999988,0],[107.02248400000005,-6.280323999999938,0]]},"properties":{}},{"type":"Feature","geometry":{"bbox":[107.01016100000007,-6.251697399299006,107.03011357054615,-6.247172999999973],"type":"LineString","coordinates":[[107.03011357054615,-6.251697399299006,0],[107.02998199800004,-6.251642001999903,0],[107.02979500000002,-6.251545999999953,0],[107.02968000000001,-6.2514869999999565,0],[107.02907400000005,-6.2512869999999285,0],[107.02904318100008,-6.251276662999961,0],[107.02843000000006,-6.251070999999998,0],[107.02828300000007,-6.251017999999965,0],[107.02756800000006,-6.250793999999905,0],[107.02739200000006,-6.250734999999997,0],[107.02736800000012,-6.250725000999969,0],[107.02692300000007,-6.250539999999939,0],[107.02681799900009,-6.250496999999934,0],[107.0266945960001,-6.250456272999939,0],[107.02651500000006,-6.25039700099992,0],[107.02629300000008,-6.250295000999918,0],[107.02628041400001,-6.250291009999943,0],[107.02625200000007,-6.250282000999997,0],[107.02599820900012,-6.250188193999962,0],[107.02585700000007,-6.250135999999907,0],[107.02549300000005,-6.249999999999934,0],[107.02539500000003,-6.249963999999975,0],[107.02528600000008,-6.249922999999958,0],[107.02526200000004,-6.249914001000013,0],[107.02506799900007,-6.249850999999952,0],[107.02431300000003,-6.249555999999968,0],[107.02401552300003,-6.249454093999974,0],[107.02391600000006,-6.249420000999995,0],[107.02388354800003,-6.249403358999951,0],[107.02379899900005,-6.249360000000005,0],[107.02251900000002,-6.24883799999998,0],[107.02245100000007,-6.248809999999972,0],[107.02242117000009,-6.248796639000021,0],[107.02235500000003,-6.248766999999967,0],[107.02228200000003,-6.248732999999996,0],[107.02221900000006,-6.248703999999995,0],[107.02183600000008,-6.248528000999999,0],[107.02182677600003,-6.2485229689999375,0],[107.02173700000006,-6.248473999999971,0],[107.02052400000007,-6.248100000999935,0],[107.02037593500006,-6.248058842999994,0],[107.01995200000007,-6.2479410009999246,0],[107.0194070000001,-6.24790099999999,0],[107.01916536300008,-6.24790707699996,0],[107.01889000000004,-6.247914,0],[107.01833394500004,-6.248097005999954,0],[107.01770500000005,-6.248303999999939,0],[107.01751800000004,-6.248411000999999,0],[107.01717277200007,-6.248686632999979,0],[107.01714100000001,-6.248711999999946,0],[107.0171289990001,-6.248720000999986,0],[107.01708191200001,-6.248740110999963,0],[107.01693699900001,-6.248802000999932,0],[107.016627719,-6.2488836849999405,0],[107.01649400100004,-6.248919000999932,0],[107.01626695400009,-6.24898684699995,0],[107.01564400000005,-6.249172999999898,0],[107.01548300000006,-6.249220999999961,0],[107.01539397500007,-6.249247153999905,0],[107.01530600000007,-6.2492730000000005,0],[107.01525975600006,-6.249276460999932,0],[107.01515900000007,-6.249283999999934,0],[107.0151411260001,-6.249284715999993,0],[107.01513400000005,-6.2492850010000165,0],[107.01479399400007,-6.24928693899991,0],[107.01460800000004,-6.249287999999998,0],[107.013943,-6.24919200099996,0],[107.01394269000006,-6.249191908999952,0],[107.01394262900006,-6.249191893999951,0],[107.01341900000007,-6.249037001000014,0],[107.01310761400006,-6.248894761999969,0],[107.01309499900009,-6.248889002999936,0],[107.01297320000005,-6.248820900999897,0],[107.01278200000004,-6.248713999999934,0],[107.01261792500006,-6.248616881999981,0],[107.01223800000005,-6.248392000999937,0],[107.01180700000002,-6.248136000999983,0],[107.01155460500009,-6.248013083999938,0],[107.01138400000009,-6.2479299999999025,0],[107.01126800000009,-6.2478619999999605,0],[107.01016100000007,-6.247172999999973,0]]},"properties":{}},{"type":"Feature","geometry":{"bbox":[106.91977900000002,-6.286404999999929,106.93082399700005,-6.269793990999984],"type":"LineString","coordinates":[[106.93082399700005,-6.269793990999984,0],[106.93081250100008,-6.26979560399994,0],[106.93056600000001,-6.269829999999944,0],[106.93036799900007,-6.2698559999999635,0],[106.93022500000005,-6.269884999999965,0],[106.93023453100004,-6.269925664999954,0],[106.93027000000004,-6.270077000999953,0],[106.93026957400009,-6.27007708499996,0],[106.93004600000006,-6.270120999999952,0],[106.92973443600005,-6.270180626,0],[106.9296750000001,-6.270192000999964,0],[106.92964025900007,-6.270204060999985,0],[106.92948200000004,-6.270258999999912,0],[106.92941437000012,-6.2702823539999795,0],[106.92934300000007,-6.270306999999976,0],[106.92921600000005,-6.270348999999987,0],[106.92904900000009,-6.270375999999912,0],[106.92904394800011,-6.27043001399994,0],[106.92903600100007,-6.270514999999955,0],[106.92904287800012,-6.270594955999998,0],[106.92904400000003,-6.270607999999923,0],[106.92898637300006,-6.270626834999971,0],[106.92878699900008,-6.270691999999945,0],[106.92853458800006,-6.270748286999984,0],[106.92850000000004,-6.270755999999912,0],[106.9284760360001,-6.270760724999947,0],[106.92835799900011,-6.270783999999919,0],[106.92830400000008,-6.270841999999922,0],[106.92827621300009,-6.270891902999965,0],[106.92825500100011,-6.270930000000009,0],[106.9282547110001,-6.2709300429999235,0],[106.92813101200007,-6.270948771999963,0],[106.92800400000004,-6.2709679999999555,0],[106.92791606000004,-6.2709679999999555,0],[106.92782800000005,-6.2709679999999555,0],[106.92763582600004,-6.2709352309999975,0],[106.92748200000001,-6.270908999999959,0],[106.92727700000002,-6.270901000000007,0],[106.92719510500008,-6.270886581999969,0],[106.92713500000008,-6.270876000999982,0],[106.92710500100009,-6.270870999999923,0],[106.92664000000008,-6.270838000999946,0],[106.92656200000002,-6.270756000999912,0],[106.92656199600002,-6.270756065999917,0],[106.92656053500006,-6.270778042999959,0],[106.92654000000006,-6.271086999999943,0],[106.92646030700004,-6.271094456999938,0],[106.92636900000012,-6.271102999999934,0],[106.92621076200008,-6.271107072999916,0],[106.926096999,-6.271110000999981,0],[106.92606700000009,-6.271386000999902,0],[106.92595699900005,-6.271362999999953,0],[106.92593483700009,-6.271360392999915,0],[106.9258890010001,-6.271355000000002,0],[106.92569600000003,-6.271477000999971,0],[106.92550940300005,-6.271657884999927,0],[106.92550000000007,-6.271666999999971,0],[106.92548883000003,-6.271694765999959,0],[106.92536000000004,-6.272014999999987,0],[106.92534171900003,-6.272349155999924,0],[106.9253350000001,-6.272472000999963,0],[106.92529300000008,-6.27254399999997,0],[106.92528500000004,-6.272557999999973,0],[106.92528495800005,-6.272558164999987,0],[106.9251589990001,-6.273038000999987,0],[106.92511240700007,-6.273214646999948,0],[106.92504400000009,-6.273474000000002,0],[106.92489953100004,-6.273963308999987,0],[106.92484500000006,-6.2741480009999915,0],[106.92480700000002,-6.274286000999952,0],[106.92473293300012,-6.274550254999967,0],[106.92468900000003,-6.274706999999969,0],[106.92463933700009,-6.2748865489999925,0],[106.92459800000005,-6.275035999999924,0],[106.92455099900006,-6.275164000999945,0],[106.9243860000001,-6.275614000999964,0],[106.92438552300005,-6.275614478000003,0],[106.9243850000001,-6.275615000999958,0],[106.92411700000004,-6.276233001000021,0],[106.92399500000008,-6.276514000999912,0],[106.92387199900011,-6.277042998999983,0],[106.92381890400007,-6.277121996999947,0],[106.92379000000007,-6.277164999999952,0],[106.92371500000009,-6.277314001000024,0],[106.92366199600005,-6.277443998999944,0],[106.92366179400004,-6.277444501999986,0],[106.92355400100008,-6.277712999999908,0],[106.92334400000003,-6.278186999999958,0],[106.92327022500005,-6.278353442999963,0],[106.92326200100008,-6.2783719999999,0],[106.92298400000008,-6.278927000999902,0],[106.9226353770001,-6.279313581999913,0],[106.92263500000007,-6.279313999999948,0],[106.92263459300004,-6.2793144519998965,0],[106.92248100100004,-6.2794849999999744,0],[106.92247531700009,-6.279499466999928,0],[106.92247000000002,-6.279513000999982,0],[106.92245701000009,-6.2795749529999565,0],[106.9224570000001,-6.2795750009999605,0],[106.92236700000011,-6.27967399999998,0],[106.9223476640001,-6.2796947569999215,0],[106.92223100000004,-6.279819999999981,0],[106.92209400000007,-6.279955999999954,0],[106.92205789200003,-6.279992107999922,0],[106.922019,-6.280030999999942,0],[106.92192123600009,-6.280127386999924,0],[106.92187700000007,-6.28017099999998,0],[106.92182873500006,-6.280261497000007,0],[106.92178100000002,-6.280351000999952,0],[106.92176299900005,-6.280385000000011,0],[106.92172975700005,-6.280470213999957,0],[106.92169200000004,-6.280566999999971,0],[106.92162548500004,-6.2807561349998995,0],[106.92157700000011,-6.280893999999938,0],[106.9215940000001,-6.280901000999984,0],[106.92178800000008,-6.2810200009999715,0],[106.92179339200007,-6.2810401309999495,0],[106.92180300000007,-6.281076000999986,0],[106.92182431800006,-6.281138073999971,0],[106.92183700000004,-6.281175000000006,0],[106.92187179700008,-6.281206460999945,0],[106.92191000000004,-6.2812409999999606,0],[106.92194540700004,-6.281291030000014,0],[106.92195589600001,-6.2813058519999085,0],[106.92195600100003,-6.28130600000001,0],[106.92195549700007,-6.281307006000004,0],[106.92195500000012,-6.2813080009999975,0],[106.92194437100004,-6.28133926499992,0],[106.92190400000008,-6.281457999999974,0],[106.92189270800012,-6.281489052999968,0],[106.92188800000008,-6.281501999999973,0],[106.92179500000012,-6.28171199999994,0],[106.92173633700006,-6.281846458999963,0],[106.9216820010001,-6.281970999999965,0],[106.92159005600004,-6.282178251999971,0],[106.92156000100003,-6.282245999999892,0],[106.92155300000007,-6.282262000999973,0],[106.92152682100004,-6.282321678999937,0],[106.92143500000009,-6.282530999999937,0],[106.9213590030001,-6.28270232799999,0],[106.92132100000006,-6.282787999999885,0],[106.92128609500011,-6.282867687999994,0],[106.92126800000004,-6.282909000999949,0],[106.92125311100004,-6.282942499999967,0],[106.92122000000006,-6.283017000000003,0],[106.921141,-6.28327899999992,0],[106.921140967,-6.283279409999954,0],[106.92111300200008,-6.283651000999969,0],[106.920894,-6.284528000999968,0],[106.92086600000007,-6.285031999999925,0],[106.92081400800004,-6.285472929999992,0],[106.92081400000004,-6.285472999999998,0],[106.92068221800007,-6.285582387999989,0],[106.92050800000004,-6.285726999999964,0],[106.91977937700005,-6.286404639999988,0],[106.91977900000002,-6.286404999999929,0]]},"properties":{}},{"type":"Feature","geometry":{"bbox":[106.9999990000001,-6.2752479999999675,107.0073800000001,-6.259152000000002],"type":"LineString","coordinates":[[106.9999990000001,-6.2752479999999675,0],[107.00006100000007,-6.274941999999962,0],[107.00009074100005,-6.274835284999925,0],[107.00009500000004,-6.274819999999993,0],[107.00049179200002,-6.273825766999975,0],[107.00062300100004,-6.273496998999951,0],[107.00064451600004,-6.273456734999995,0],[107.00076300000008,-6.273234999999945,0],[107.00086850900001,-6.272986585999908,0],[107.00092099900009,-6.272862999999985,0],[107.00095822700007,-6.272767581999995,0],[107.00112700000008,-6.272334999999908,0],[107.00129300000005,-6.271875999999944,0],[107.0014160000001,-6.271569999999938,0],[107.00149500000006,-6.271356999999989,0],[107.00154513300004,-6.271256732999953,0],[107.00175500000009,-6.270837000999952,0],[107.00187300000007,-6.270468999999968,0],[107.00190452300002,-6.27035260899993,0],[107.00193800000004,-6.270229000000006,0],[107.00194582200007,-6.270188583999948,0],[107.0019559990001,-6.270136000999949,0],[107.00197142500005,-6.270036951999925,0],[107.00199400000005,-6.269892000000011,0],[107.00201405800003,-6.269822911999979,0],[107.00202100000007,-6.269799000999955,0],[107.00202400000005,-6.269479999999939,0],[107.0020150000001,-6.269369999999986,0],[107.00214300000003,-6.269096999999958,0],[107.0021427350001,-6.269096802999941,0],[107.00203292800008,-6.26901556899997,0],[107.00194700000007,-6.268951999999951,0],[107.00191756100013,-6.26891263499998,0],[107.00186100000006,-6.268836999999939,0],[107.00153100000003,-6.26803299899994,0],[107.00145200000006,-6.267811999999951,0],[107.0014084520001,-6.267712807999915,0],[107.00134400100009,-6.2675659999999365,0],[107.00132658300008,-6.267492728000002,0],[107.001314999,-6.2674440009999675,0],[107.0014170000001,-6.267161999999905,0],[107.00144600000002,-6.2670309999999905,0],[107.00131399900002,-6.266637999999981,0],[107.00124300000009,-6.266498999999937,0],[107.00120215400008,-6.266393869999943,0],[107.0011820000001,-6.266341999999915,0],[107.00118000000003,-6.266284280000024,0],[107.00117500000006,-6.266140000999899,0],[107.00120887900002,-6.26595479299994,0],[107.00122000000005,-6.265893999999973,0],[107.00140600100008,-6.265526999999983,0],[107.00146342600003,-6.265461652999905,0],[107.00158000000009,-6.265328999999943,0],[107.00163900000008,-6.26508099999994,0],[107.00173400000004,-6.264915999999966,0],[107.00173437600007,-6.264915744999945,0],[107.00221900000011,-6.264586999999922,0],[107.0027051200001,-6.264265264999947,0],[107.00277200000004,-6.264220999999926,0],[107.00311431000003,-6.263986993999927,0],[107.00355900000005,-6.2636829989999985,0],[107.00415100000001,-6.263251999999953,0],[107.00432200000003,-6.263172999999901,0],[107.00444100000001,-6.263082999999915,0],[107.00450258800005,-6.263034349999975,0],[107.00455978400008,-6.262989170999967,0],[107.0045600000001,-6.262988999999953,0],[107.00457282500008,-6.2629371529999265,0],[107.00460700000008,-6.262798999999953,0],[107.00470145200008,-6.262495966999927,0],[107.00475100000008,-6.262337000999919,0],[107.0048360010001,-6.262142999999943,0],[107.00507371300006,-6.261460653999974,0],[107.00522200000006,-6.261034999999927,0],[107.00528872800008,-6.26081010099997,0],[107.00530300000011,-6.260761999999987,0],[107.00538100000007,-6.260512999999991,0],[107.00541743000007,-6.2603936759999765,0],[107.00547900000001,-6.260192000999988,0],[107.00553000000006,-6.260079999999958,0],[107.00553025200009,-6.2600799739999555,0],[107.0057150000001,-6.260060999999984,0],[107.00588045100001,-6.260008266999973,0],[107.00596600000007,-6.259980999999938,0],[107.00614400000006,-6.259931999999969,0],[107.00658300000005,-6.259829999999967,0],[107.00694193500009,-6.259753393999935,0],[107.00700000000009,-6.259741000999975,0],[107.00700040000004,-6.259740868999964,0],[107.0070580010001,-6.259721999999913,0],[107.00712301200006,-6.259669002999969,0],[107.00720000000004,-6.259690000000019,0],[107.00720007500004,-6.259689820999915,0],[107.00723700000007,-6.259601999999932,0],[107.00723790900007,-6.259599879999934,0],[107.00725500000006,-6.259560000000009,0],[107.00727638300005,-6.259488260999936,0],[107.00728600000005,-6.259455999999931,0],[107.00729600100007,-6.259412999999926,0],[107.00733300100002,-6.25929699999992,0],[107.00734721200004,-6.259253155999934,0],[107.0073800000001,-6.259152000000002,0]]},"properties":{}},{"type":"Feature","geometry":{"bbox":[106.97222173546244,-6.306318999999961,106.99308400000002,-6.305255999999938],"type":"LineString","coordinates":[[106.97222173546244,-6.3058270000009085,0],[106.97492974900011,-6.3058270009999315,0],[106.97562999900005,-6.3058269999999315,0],[106.97563644200005,-6.305827919999919,0],[106.97567200000006,-6.305832999999984,0],[106.97717700000007,-6.3058919999999805,0],[106.97728228300008,-6.305897408999984,0],[106.97776100000007,-6.305922000999976,0],[106.97835200100012,-6.3059369999999735,0],[106.97861759100007,-6.3059305809998865,0],[106.97868300000006,-6.305928999999933,0],[106.979453,-6.305931999999915,0],[106.98055700000005,-6.305963999999987,0],[106.98068301200007,-6.305970021999952,0],[106.98137300000006,-6.3060030000000165,0],[106.98187900000009,-6.306032999999923,0],[106.98242800100005,-6.3061049999999295,0],[106.98262671300004,-6.306102340999887,0],[106.98272700000008,-6.306100999999954,0],[106.983456,-6.306085999999956,0],[106.98358459700007,-6.306094941999985,0],[106.98515300000008,-6.3062039999999495,0],[106.98523078600005,-6.306261090999966,0],[106.98526200000005,-6.3062840009999075,0],[106.98534317400001,-6.306300235000007,0],[106.98540700000005,-6.306313000999998,0],[106.985415044,-6.306314856999974,0],[106.98543300000007,-6.306318999999961,0],[106.98563109300004,-6.306291486999994,0],[106.98582900000007,-6.30626399999994,0],[106.98657400000006,-6.306239999999908,0],[106.98666004900008,-6.306248498999901,0],[106.98673600000006,-6.306255999999989,0],[106.98681400000002,-6.306296000000012,0],[106.98684100000004,-6.306163999999926,0],[106.98686625300009,-6.306113899999955,0],[106.98690300000003,-6.306040999999963,0],[106.9869630000001,-6.305986999999936,0],[106.98704835000005,-6.305969450999994,0],[106.98707000000007,-6.305964999999981,0],[106.98712967700004,-6.3059601079999315,0],[106.98719200000004,-6.305954999999953,0],[106.98736600000005,-6.305953999999959,0],[106.987577001,-6.305943999999931,0],[106.98769774400006,-6.3059378079999515,0],[106.98777200000006,-6.305933999999992,0],[106.98780315300007,-6.305934282999926,0],[106.98799200000006,-6.30593600099998,0],[106.9881020010001,-6.305947999999907,0],[106.98818400000005,-6.305994999999976,0],[106.98840398900005,-6.305999039999955,0],[106.9886739990001,-6.3060039989999215,0],[106.98869800000004,-6.306006999999992,0],[106.98927500000008,-6.306084999999962,0],[106.98977700000005,-6.306160999999944,0],[106.98991001000005,-6.306180988999911,0],[106.99031600000006,-6.306241999999985,0],[106.99064157,-6.306002137999945,0],[106.99086300000002,-6.305838999999947,0],[106.99111299900001,-6.305728999999905,0],[106.99114697300007,-6.3057075599999965,0],[106.9912160000001,-6.305664000999945,0],[106.9912750610001,-6.305646872999949,0],[106.99131600000003,-6.305634999999944,0],[106.99145388100007,-6.305625008999916,0],[106.99145400000008,-6.3056250000000045,0],[106.99154700000004,-6.305617999999958,0],[106.99167300000008,-6.305675999999961,0],[106.99178900000008,-6.305727001000006,0],[106.99186600000006,-6.30573299999997,0],[106.99190403700001,-6.305693854999928,0],[106.99196900000005,-6.305626999999992,0],[106.9920274660001,-6.305532945999937,0],[106.99206100000002,-6.305478999999915,0],[106.99228000000002,-6.305333000000003,0],[106.99236645400008,-6.305299035999946,0],[106.99247599900008,-6.305255999999938,0],[106.99259094100009,-6.305271030999938,0],[106.99273600000001,-6.305289999999998,0],[106.99295200000003,-6.305398999999957,0],[106.99303189200006,-6.3054244199999285,0],[106.99308400000002,-6.305440999999968,0]]},"properties":{}},{"type":"Feature","geometry":{"bbox":[107.0053910000001,-6.330495999999931,107.02642999900004,-6.304207000000007],"type":"LineString","coordinates":[[107.02628900100011,-6.304207000000007,0],[107.02628400000005,-6.304697999999954,0],[107.02625800000003,-6.3050139999999875,0],[107.0262320130001,-6.305172614999966,0],[107.02622900000003,-6.305190999999978,0],[107.02612500000004,-6.30583199999999,0],[107.02610500000007,-6.306089000999938,0],[107.02613400100007,-6.306247999999949,0],[107.02618786600009,-6.306306280999975,0],[107.02631699900012,-6.3064459999999,0],[107.0263630460001,-6.306490240999919,0],[107.02641900000003,-6.306544000000015,0],[107.02642999900004,-6.306606997999987,0],[107.02603600000005,-6.306891999999943,0],[107.02574461000009,-6.3073894049999755,0],[107.02572200000009,-6.307427999999971,0],[107.02548500000002,-6.307630999999981,0],[107.02542300000005,-6.30771400000001,0],[107.02546397400006,-6.308095752999977,0],[107.02546400000006,-6.308095999999997,0],[107.0254087280001,-6.308375332999928,0],[107.02537100000009,-6.308565999999894,0],[107.02537100600009,-6.308566238000003,0],[107.02537500000007,-6.308717999999947,0],[107.02538640300013,-6.308732704999921,0],[107.02559600000005,-6.309003000999992,0],[107.02565091600007,-6.309083875999933,0],[107.02565099900008,-6.3090839999999435,0],[107.02564200000005,-6.309197000999967,0],[107.02563500000008,-6.309291000000018,0],[107.02563844800001,-6.3093387709999735,0],[107.02564200000005,-6.309387999999961,0],[107.0256533880001,-6.309521156999965,0],[107.02565500000006,-6.309540000000014,0],[107.02569399900008,-6.309736999999972,0],[107.02555700000002,-6.310221999999955,0],[107.02550400000008,-6.310420999999989,0],[107.02545900000008,-6.310619999999934,0],[107.02529200000004,-6.310853999999933,0],[107.0250490000001,-6.311120000000004,0],[107.02455623100009,-6.311720740999972,0],[107.02444200000005,-6.311859999999948,0],[107.0242900000001,-6.311960999999956,0],[107.02416095200007,-6.312004770999936,0],[107.02411900000006,-6.3120189999999585,0],[107.02390900000009,-6.312267999999955,0],[107.0238102580001,-6.312399072999964,0],[107.0237963430001,-6.312417543999983,0],[107.02379600000008,-6.3124180000000205,0],[107.0236020130001,-6.312462963999922,0],[107.02349400000013,-6.31248799999995,0],[107.0234936470001,-6.312488284999974,0],[107.02338600000007,-6.3125739989999605,0],[107.02325300000008,-6.312732998999971,0],[107.02312300000007,-6.312832999999985,0],[107.02308418500006,-6.312989843999995,0],[107.02307400000011,-6.3130309999999366,0],[107.02309500000007,-6.313409000999949,0],[107.02310400000002,-6.31369299999991,0],[107.02311000000006,-6.31388299899991,0],[107.02315680600012,-6.313939717999984,0],[107.02319500000009,-6.313985999999906,0],[107.02327000000007,-6.314041000000016,0],[107.02324386700003,-6.314093264999899,0],[107.02322500000008,-6.3141310000000015,0],[107.02298200000004,-6.314286999999942,0],[107.02264200100007,-6.314490999999945,0],[107.02249900000005,-6.314629999999989,0],[107.022437235,-6.314689476999936,0],[107.02236400000007,-6.314759998999909,0],[107.02225100100004,-6.314947999999921,0],[107.02225075800003,-6.314948505999963,0],[107.02210900000001,-6.315243999999987,0],[107.02194000100008,-6.315442999999933,0],[107.0218425520001,-6.315522781999961,0],[107.02176900000005,-6.31558299999997,0],[107.02146400000004,-6.31566899999998,0],[107.0213220000001,-6.315721999999925,0],[107.02126690300007,-6.315769272999928,0],[107.02115300000006,-6.3158669999999315,0],[107.02111497400001,-6.315886334999933,0],[107.02109400000006,-6.315896999999927,0],[107.02109184100006,-6.315894840999926,0],[107.02109100000008,-6.315893999999945,0],[107.02002900000005,-6.315037000999913,0],[107.02002896400005,-6.315036973,0],[107.01995400000006,-6.314981999999892,0],[107.01991626400005,-6.314976040999932,0],[107.01991600000011,-6.314975999999929,0],[107.01988301300005,-6.31499307199992,0],[107.0198020000001,-6.315034999999925,0],[107.0196839810001,-6.315141800999969,0],[107.0195390000001,-6.3152729999999,0],[107.01947079700005,-6.315487653999986,0],[107.01937600000011,-6.31578599999998,0],[107.01917000000012,-6.315951999999948,0],[107.01911700000008,-6.316024000999954,0],[107.019438,-6.316504999999962,0],[107.01952800000008,-6.3166769999999826,0],[107.019524,-6.316735999999979,0],[107.01952371800007,-6.316736189999995,0],[107.01939000000003,-6.316825999999965,0],[107.01938730700007,-6.316909473999944,0],[107.01938300000006,-6.317042999999979,0],[107.01933691200007,-6.31714034099995,0],[107.01926700000006,-6.317288,0],[107.01934100000005,-6.31752999999995,0],[107.0193189990001,-6.317717999999962,0],[107.0193189460001,-6.317718403999907,0],[107.01929099900009,-6.31791799899999,0],[107.01928591600003,-6.317958675999892,0],[107.019276,-6.318037999999971,0],[107.0191708130001,-6.318148722999984,0],[107.01916200000008,-6.318157999999952,0],[107.01909832500004,-6.31820676299999,0],[107.01900400000007,-6.318278999999928,0],[107.01899342300007,-6.318296431999949,0],[107.01895019600005,-6.318367678999982,0],[107.01895000000003,-6.318368000000008,0],[107.01899408400004,-6.318429227000012,0],[107.01902200000004,-6.318467999999934,0],[107.01901792300006,-6.318594392,0],[107.01901500000008,-6.318684999999947,0],[107.01907296200008,-6.318781320000012,0],[107.01908300000011,-6.318797999999971,0],[107.01913100000009,-6.318850999999915,0],[107.01912229300008,-6.318866896999987,0],[107.01904500000008,-6.319007999999938,0],[107.01898600000008,-6.3190459999999735,0],[107.01890291900004,-6.319005390999989,0],[107.01876300000002,-6.318936999999925,0],[107.01875398600006,-6.318931359999992,0],[107.01858400100004,-6.318825000999896,0],[107.01845044300009,-6.318898627999948,0],[107.0184280000001,-6.318911000999906,0],[107.01817800000002,-6.319167999999943,0],[107.01804299900004,-6.319318999999913,0],[107.0179074170001,-6.319439627999946,0],[107.01790700000006,-6.319439999999888,0],[107.01797700000009,-6.319595998999917,0],[107.01802779700003,-6.319645800999952,0],[107.01802800000004,-6.319645999999969,0],[107.01801408400004,-6.319732374999921,0],[107.01799900000013,-6.3198260009999405,0],[107.01782400000003,-6.320278999999941,0],[107.01773200000007,-6.320432999999982,0],[107.01768019500004,-6.320464337999999,0],[107.01748900000003,-6.3205799999999766,0],[107.01746660400005,-6.32059590399996,0],[107.0174200000001,-6.320628999999945,0],[107.01742625100007,-6.320679010999909,0],[107.01743600000009,-6.320756999999967,0],[107.01747600100002,-6.3208689999999965,0],[107.017460842,-6.320962707999934,0],[107.01745400400007,-6.3210050019999695,0],[107.01742590700005,-6.321063147999984,0],[107.01732500000006,-6.321271999999945,0],[107.0172580000001,-6.321410999999989,0],[107.01713900000003,-6.321599999999906,0],[107.01702797900008,-6.321757090999936,0],[107.01684500000003,-6.3220159999999535,0],[107.01661003100004,-6.322351259999982,0],[107.01659900000003,-6.322366999999952,0],[107.01656639500008,-6.322396128999964,0],[107.01640200100006,-6.322542998999948,0],[107.01617200000004,-6.3226510009999135,0],[107.01587500000007,-6.3227049999999405,0],[107.01519899900009,-6.322568999999968,0],[107.01513400000005,-6.322555999999958,0],[107.01494917200003,-6.322552033999985,0],[107.01490100000004,-6.322550999999988,0],[107.01471833300012,-6.322592923999904,0],[107.01471800000009,-6.322592999999911,0],[107.01468583800009,-6.322621497999959,0],[107.01463900000003,-6.322663000000018,0],[107.0146260000001,-6.323170999999951,0],[107.01464750300002,-6.323370160999998,0],[107.01466799900004,-6.323559999999896,0],[107.01468552400006,-6.323643361999954,0],[107.01470500000008,-6.323735999999981,0],[107.01462400000013,-6.323932999999938,0],[107.01461949200011,-6.323974571999914,0],[107.01461500000009,-6.324016000999967,0],[107.01460800000004,-6.3240820000000095,0],[107.01460847800008,-6.324124592999981,0],[107.01460900100004,-6.3241710000000015,0],[107.01450400000006,-6.324346999999909,0],[107.01439719300001,-6.324415921999927,0],[107.01427000000005,-6.324497999999968,0],[107.01360200000003,-6.324643000999975,0],[107.01344615000001,-6.324701636999942,0],[107.01329900000009,-6.324757000999993,0],[107.01317500000005,-6.324856000999924,0],[107.01312452800005,-6.324932483999946,0],[107.01304500000003,-6.32505300099997,0],[107.01293699900008,-6.325442999999909,0],[107.01289828800007,-6.325539109999957,0],[107.01287899900007,-6.325586999999922,0],[107.01250203200006,-6.3259244769999565,0],[107.01245900000005,-6.3259629999999465,0],[107.01245625500009,-6.325965120999944,0],[107.012437,-6.325979999999932,0],[107.01225175900004,-6.326114720999977,0],[107.01219500000005,-6.326155999999928,0],[107.01166777100003,-6.326806396999919,0],[107.01160000000003,-6.326889999999908,0],[107.01156845200008,-6.326920777999968,0],[107.01139500000004,-6.327090002999936,0],[107.01138288900009,-6.327095381999937,0],[107.01110700000001,-6.327218000999958,0],[107.0108299990001,-6.327284000000001,0],[107.01070000000009,-6.327269999999908,0],[107.01021509200011,-6.327287014999984,0],[107.01013000000007,-6.327290000999964,0],[107.01003700000011,-6.327276999999954,0],[107.00972400000006,-6.327303999999968,0],[107.00964732100002,-6.327305991999955,0],[107.00964700000009,-6.327305999999956,0],[107.00956299900007,-6.327162999999937,0],[107.00950300000007,-6.326862000999901,0],[107.00949002300007,-6.3267481999999,0],[107.00949000000006,-6.326747999999972,0],[107.00946159400011,-6.326733449999923,0],[107.00944900000005,-6.326727000999922,0],[107.0093680000001,-6.326684999999911,0],[107.00935600000008,-6.326678999999947,0],[107.00925068500007,-6.3266779919999525,0],[107.00914700000001,-6.326676999999959,0],[107.009083558,-6.3267046349999365,0],[107.00898400000003,-6.326748000999972,0],[107.00890147600003,-6.3268295179999665,0],[107.00881999900005,-6.326909999999964,0],[107.00874100000009,-6.327117999999944,0],[107.0087540000001,-6.327198999999984,0],[107.00885600000001,-6.327290000999964,0],[107.00887300000008,-6.327382999999932,0],[107.00863327800005,-6.327519983999897,0],[107.00832700100003,-6.32769499999999,0],[107.00798753700009,-6.327979392999984,0],[107.00791412500006,-6.328040894999921,0],[107.00791400000004,-6.32804099999993,0],[107.00784258400009,-6.328074414999941,0],[107.00780499900009,-6.328092000999975,0],[107.00768999900008,-6.328128000999934,0],[107.00755900000007,-6.328254999999961,0],[107.007394,-6.328462999999941,0],[107.00731300000005,-6.328540001000006,0],[107.00729336700003,-6.3285543979999535,0],[107.00728299900007,-6.328562000999961,0],[107.00716400000007,-6.328692999999964,0],[107.00693299700006,-6.328953997999976,0],[107.00693297200006,-6.328954015999978,0],[107.00680700000002,-6.329023000999912,0],[107.00674400000005,-6.329056999999972,0],[107.00665921700005,-6.329145357999911,0],[107.00657800000009,-6.329229999999898,0],[107.00641200000003,-6.329380000999963,0],[107.0062540000001,-6.3294639999999855,0],[107.00606799900008,-6.329581999999979,0],[107.00583110800001,-6.32979407399994,0],[107.00575300000013,-6.329863999999953,0],[107.005667794,-6.329987256000026,0],[107.00549100000003,-6.3302429989999585,0],[107.00544260100011,-6.330365219999946,0],[107.0053920000001,-6.330492999999949,0],[107.0053910000001,-6.330495999999931,0]]},"properties":{}},{"type":"Feature","geometry":{"bbox":[106.93030000000003,-6.293741999999925,106.95661200000008,-6.266021999999994],"type":"LineString","coordinates":[[106.93806900000007,-6.293741999999925,0],[106.93806911800007,-6.293741885000005,0],[106.93829200000005,-6.293525999999906,0],[106.93844559700005,-6.293403834999923,0],[106.93855100100006,-6.293319999999914,0],[106.93892600000001,-6.2930949999999495,0],[106.93916584800004,-6.292944031999982,0],[106.93949000000005,-6.292739999999975,0],[106.93950300100006,-6.292665999999981,0],[106.93950400000006,-6.292658999999935,0],[106.93956800000011,-6.292429998999994,0],[106.93966499900004,-6.292229999999966,0],[106.93968748000013,-6.292185039999977,0],[106.93969500000004,-6.292169999999976,0],[106.93988700000003,-6.291849999999966,0],[106.93992099900001,-6.291747999999965,0],[106.940213999,-6.290872999999953,0],[106.94037000000012,-6.290490000999972,0],[106.94040000000011,-6.290416000999889,0],[106.94070700000012,-6.289649999999925,0],[106.9407368870001,-6.289550566999958,0],[106.94075900000006,-6.289477,0],[106.94087299900008,-6.289131999999965,0],[106.94087302000008,-6.28913193799996,0],[106.94109300000008,-6.288476999999949,0],[106.94112036800003,-6.288333314999962,0],[106.94116092300001,-6.2881204049999315,0],[106.94116100000011,-6.288119998999987,0],[106.94065400100008,-6.288082999999945,0],[106.94047416500003,-6.2880237099999245,0],[106.94019600000011,-6.287931999999975,0],[106.93989274300006,-6.2878311989998945,0],[106.93984100000004,-6.287813999999981,0],[106.93978499200003,-6.287783397999936,0],[106.9397439990001,-6.287760999999948,0],[106.93892100100004,-6.287308999999942,0],[106.93877749600007,-6.287230093999897,0],[106.93825900100006,-6.286944999999934,0],[106.93792858900008,-6.28676866699991,0],[106.93768000000003,-6.286635999999946,0],[106.93716707600005,-6.286242059999948,0],[106.93716699800004,-6.286242003999943,0],[106.93689900000007,-6.286064999999953,0],[106.93676599999999,-6.286051999999943,0],[106.93660900000006,-6.286036999999945,0],[106.93651703300009,-6.286036168999965,0],[106.93627699900013,-6.286033998999963,0],[106.93603800000007,-6.28598099999993,0],[106.9359020000001,-6.28592400000001,0],[106.93598600000011,-6.285353999999922,0],[106.93600566800005,-6.285300894999969,0],[106.93602600000006,-6.285245999999956,0],[106.93613200000003,-6.28515599999997,0],[106.93616199900002,-6.285134000999927,0],[106.93620771200007,-6.285099715999932,0],[106.93628600100007,-6.285040999999959,0],[106.93631599900006,-6.285015000999939,0],[106.9363346480001,-6.284990220999932,0],[106.93638899900006,-6.284918000999907,0],[106.9364860000001,-6.284842000999925,0],[106.93660599900008,-6.284779999999946,0],[106.93672057200006,-6.284654474999952,0],[106.93674199900005,-6.284630998999964,0],[106.936755438,-6.284600371999916,0],[106.93678500000006,-6.2845329999999375,0],[106.93679500100008,-6.284088999999971,0],[106.93656900000003,-6.283739999999961,0],[106.93649278200003,-6.28362190899996,0],[106.93640700100005,-6.283488999999976,0],[106.93640695200013,-6.283488739999955,0],[106.93637900000003,-6.283343999999969,0],[106.93639300000004,-6.283215999999948,0],[106.9366212840001,-6.282937581999915,0],[106.93664799900009,-6.282904999999973,0],[106.93676700000007,-6.282667999999903,0],[106.93684100000007,-6.282503999000012,0],[106.93687276500003,-6.282445007000016,0],[106.93690400000004,-6.282387000000012,0],[106.93685699900006,-6.281902998999934,0],[106.93684978300008,-6.281879487999943,0],[106.93682600000007,-6.281802000000015,0],[106.93678856200009,-6.281765601999934,0],[106.93675400000006,-6.281731999999996,0],[106.93675391000006,-6.281731993999907,0],[106.93632900100008,-6.28169899999993,0],[106.93621299900006,-6.281680999999951,0],[106.93603644500011,-6.281542277999931,0],[106.9359750300001,-6.281494022999935,0],[106.935975,-6.281493999999933,0],[106.93590300000008,-6.281371999999964,0],[106.93587700000006,-6.28115500099995,0],[106.93591900000008,-6.281020998999965,0],[106.9361209990001,-6.280805000999946,0],[106.93632900000007,-6.280581999999969,0],[106.93635861900013,-6.280552808999952,0],[106.93646699900003,-6.280445999999907,0],[106.93648201500012,-6.280430428999951,0],[106.93649400000005,-6.2804179999999,0],[106.93682119400003,-6.28015716699999,0],[106.93684900000002,-6.280134999999932,0],[106.93684909200003,-6.280134882000011,0],[106.93684911300004,-6.28013485899992,0],[106.93691600000005,-6.280048999999922,0],[106.93697300100007,-6.279920999999989,0],[106.93702209000004,-6.279875650999967,0],[106.93707800000006,-6.279823999999957,0],[106.93737400000003,-6.279608999999931,0],[106.93740221100005,-6.279584623999957,0],[106.93747700100002,-6.279519999999939,0],[106.93750467600009,-6.279496936999985,0],[106.93751300000007,-6.279489999999944,0],[106.93761200000009,-6.279224999999956,0],[106.93766522400006,-6.279082462999975,0],[106.93775800000009,-6.278834000999934,0],[106.93779848500007,-6.278753028999985,0],[106.93783300000008,-6.2786839999999575,0],[106.93784905100007,-6.278651363999922,0],[106.93786300000008,-6.278622999999884,0],[106.93789794800004,-6.278552171999975,0],[106.93801300000005,-6.278318999999955,0],[106.93802950600009,-6.278238618999966,0],[106.9380360000001,-6.278207000999926,0],[106.93796599000007,-6.2780265900000085,0],[106.93795800000004,-6.278005999999992,0],[106.9379405860001,-6.2779841329999595,0],[106.93791500000003,-6.277951999999965,0],[106.93790384400008,-6.277937745999941,0],[106.93787900000007,-6.2779059999999784,0],[106.937860001,-6.277872587999967,0],[106.93785000000007,-6.277855001000022,0],[106.93785000100007,-6.277766385999973,0],[106.93785000000007,-6.277726000000007,0],[106.93789800000005,-6.277590999999939,0],[106.93800100100013,-6.277329999999926,0],[106.93800476700008,-6.277305241000009,0],[106.93800799899999,-6.2772839999999395,0],[106.93804199900005,-6.27708899999997,0],[106.93808790700004,-6.277028319999923,0],[106.93824400000007,-6.276821999999994,0],[106.93840157200005,-6.2766532339999745,0],[106.93842700000002,-6.276625999999942,0],[106.93842703200002,-6.276625846999929,0],[106.93848400000003,-6.276352000000008,0],[106.93846913000004,-6.27619028399995,0],[106.93846800000004,-6.276178,0],[106.93841000100004,-6.275952999999946,0],[106.93835799900009,-6.275763000999946,0],[106.93821300000008,-6.275582999999886,0],[106.93810599900011,-6.275519001000008,0],[106.93808155600004,-6.275503075999934,0],[106.93797400000003,-6.275432999999998,0],[106.93784500000001,-6.275368999999943,0],[106.93774870000003,-6.2753441269999275,0],[106.93769400000004,-6.275329999999913,0],[106.93760899200002,-6.275306449999919,0],[106.93754600000005,-6.275288999999896,0],[106.93721499800002,-6.275296000999942,0],[106.937195521,-6.275301159000014,0],[106.93699600000011,-6.275353999999945,0],[106.93681600000005,-6.275447999999907,0],[106.93666500000008,-6.2755709999999585,0],[106.93663528100011,-6.275596261000006,0],[106.93658500000002,-6.275638999999989,0],[106.93645430100005,-6.275713483999935,0],[106.9363990000001,-6.275744999999967,0],[106.936225,-6.275768000000005,0],[106.93612216300001,-6.275720075999947,0],[106.93612200000008,-6.275719999999941,0],[106.93606970900002,-6.275645851000023,0],[106.93600000000004,-6.275546999999927,0],[106.93587700000006,-6.275333999999889,0],[106.93580900000003,-6.275166999999927,0],[106.93581145800006,-6.275148647000007,0],[106.93583700100004,-6.274957999999954,0],[106.93588601000002,-6.2748578190000135,0],[106.93590500000008,-6.274818999999999,0],[106.93594916600009,-6.274742290999958,0],[106.93596200000009,-6.274720000999979,0],[106.93596959200009,-6.27469854499998,0],[106.93598500000003,-6.27465499999993,0],[106.93598305300004,-6.274633100999983,0],[106.93598100000006,-6.274609999999937,0],[106.93590400000008,-6.274587999999982,0],[106.93583700000005,-6.274587999999982,0],[106.93577200000009,-6.27459800000001,0],[106.93569200000003,-6.27459800000001,0],[106.93564999900012,-6.2745919999999575,0],[106.93554200000005,-6.2744699999999884,0],[106.93553833900002,-6.274466123999934,0],[106.93550800000008,-6.274433999999941,0],[106.93532100000007,-6.274288999999934,0],[106.93515857600005,-6.274162954999985,0],[106.93500400000005,-6.274042999999919,0],[106.93495522000009,-6.27400485199996,0],[106.93492600000008,-6.2739819999999344,0],[106.93437923300004,-6.273651853999974,0],[106.9335629990001,-6.2731590009999625,0],[106.93351100000005,-6.273127999999973,0],[106.93341737900003,-6.273063762999898,0],[106.93337400000009,-6.273033999999923,0],[106.93317199900008,-6.272900999999932,0],[106.93310600000004,-6.272828999999925,0],[106.93305986300004,-6.272701446999941,0],[106.93300400000003,-6.2725469999999515,0],[106.93300111300006,-6.272539300999936,0],[106.93300100000005,-6.272538999999911,0],[106.93295473900004,-6.272531770999935,0],[106.93287300100012,-6.272518999999944,0],[106.93283802200007,-6.272518469999989,0],[106.93280700000007,-6.27251799999995,0],[106.93247977700008,-6.27251799999995,0],[106.93244000000008,-6.27251799999995,0],[106.93241299900006,-6.272519999999938,0],[106.9321300000001,-6.272541999999893,0],[106.93191019800012,-6.272562466999988,0],[106.9318830870001,-6.27256499099993,0],[106.9318830000001,-6.272564999999931,0],[106.93180200000005,-6.272211999999945,0],[106.9314860000001,-6.271397000000013,0],[106.9314010000001,-6.271167419999935,0],[106.93128200000011,-6.270845999999986,0],[106.93108306700007,-6.270404284999943,0],[106.93091000000005,-6.270020000999944,0],[106.93085508200004,-6.26987123099998,0],[106.93085499700004,-6.269870999999961,0],[106.93085265200001,-6.269865168999923,0],[106.93082399700005,-6.269793990999984,0],[106.93063000000006,-6.269308000000008,0],[106.93057723400005,-6.269170965999949,0],[106.93049600100008,-6.268960000999902,0],[106.93047796900001,-6.26884071299998,0],[106.93036600000008,-6.268099999999977,0],[106.93033045800007,-6.267893747999965,0],[106.93030005100003,-6.267717293999931,0],[106.93030000000003,-6.267717000999907,0],[106.93058675300004,-6.267713492999972,0],[106.93062700000009,-6.267712999999931,0],[106.93082300100005,-6.267687999999994,0],[106.9311155410001,-6.267798680999915,0],[106.93153400000008,-6.267956999999958,0],[106.93162500000007,-6.267945999999936,0],[106.93194297700008,-6.267962254999949,0],[106.93225100000008,-6.267978000000008,0],[106.93232900000005,-6.267981999999984,0],[106.9324325480001,-6.268006592999976,0],[106.93264899900005,-6.268057999999966,0],[106.93272000100006,-6.268034999999928,0],[106.93273390500006,-6.268015797999938,0],[106.93274100000012,-6.268005999999927,0],[106.9327870000001,-6.267938999999979,0],[106.93282100000008,-6.267847999999999,0],[106.93282900000011,-6.26767900099996,0],[106.93283551800003,-6.2676511299999635,0],[106.93285800100003,-6.267555000000003,0],[106.93290451800006,-6.267491646999913,0],[106.9329630000001,-6.267411999999984,0],[106.93305300300008,-6.267245946999923,0],[106.93309200100003,-6.2671739990000095,0],[106.93310818900004,-6.26715610699995,0],[106.93314900000004,-6.267110999999948,0],[106.93326900000002,-6.267041999999924,0],[106.93328899900007,-6.26702799999992,0],[106.93340811500008,-6.266944381999929,0],[106.93343992700004,-6.266922051999947,0],[106.93344000000005,-6.266921999999942,0],[106.933468481,-6.266869920999985,0],[106.93351000000007,-6.266793999999921,0],[106.93352172500006,-6.266737078999919,0],[106.93356500000009,-6.266527000999945,0],[106.9335780000001,-6.266293000999946,0],[106.93373200000005,-6.266147999999939,0],[106.93379052900009,-6.266090881000009,0],[106.93381500000008,-6.266066999999987,0],[106.93389500000004,-6.266029999999946,0],[106.93400277000006,-6.2660258749999596,0],[106.934104,-6.266021999999994,0],[106.93410787100007,-6.266033613999978,0],[106.93411199000005,-6.266045968999935,0],[106.93411200000004,-6.266045998999937,0],[106.93444284600007,-6.266076986000014,0],[106.93444300000007,-6.266076999999926,0],[106.93449334800007,-6.266088337999976,0],[106.934966999,-6.266195001000009,0],[106.935100128,-6.26620383399994,0],[106.93517800000005,-6.2662089999999235,0],[106.93545800000004,-6.266227999999986,0],[106.93592700000004,-6.266206999999936,0],[106.936157435,-6.266197067999913,0],[106.9361586150001,-6.266197015999998,0],[106.93615899900004,-6.2661969999999965,0],[106.93617592500001,-6.2661971570000095,0],[106.93637500000006,-6.266198998999895,0],[106.93665500000004,-6.266283999999912,0],[106.9367350000001,-6.266315999999984,0],[106.93698700000007,-6.266416999999903,0],[106.9371730000001,-6.26649199999998,0],[106.93726922600007,-6.2665360779999855,0],[106.93732799900005,-6.2665629999999926,0],[106.93736704800007,-6.266576535999958,0],[106.93740300000012,-6.266588999999923,0],[106.93760301000006,-6.266657005999955,0],[106.93761951700009,-6.2666647359999725,0],[106.93776100000008,-6.2667309999999485,0],[106.93786977100011,-6.266789505999993,0],[106.93789299900007,-6.266801999999961,0],[106.93816900000009,-6.2668980009999995,0],[106.93840900000005,-6.26701500099991,0],[106.9385750000001,-6.267106999999973,0],[106.9388970000001,-6.267231000000018,0],[106.93911000000004,-6.267284999999957,0],[106.93930900100008,-6.267334999999919,0],[106.93963600000005,-6.26741099999999,0],[106.93970062900007,-6.267428179999991,0],[106.939715,-6.2674319999999515,0],[106.9399640000001,-6.2674989999999,0],[106.94042000100008,-6.267639000999937,0],[106.94045600000004,-6.267649999999959,0],[106.94049365600004,-6.267665762999931,0],[106.94058500000006,-6.267703999999986,0],[106.94071700100005,-6.267757999999924,0],[106.94076000000005,-6.2677759999999925,0],[106.94109900000004,-6.267868000999966,0],[106.94109919600005,-6.267868025999968,0],[106.94127300000005,-6.267891000999915,0],[106.94131800000004,-6.267903999999925,0],[106.9417030000001,-6.267933000000015,0],[106.94183626200002,-6.26796190799992,0],[106.94189200000001,-6.267973998999944,0],[106.9419919200001,-6.26799303299992,0],[106.94208100000012,-6.268010000999903,0],[106.94209805300001,-6.268013411000007,0],[106.94211600000007,-6.268016999999949,0],[106.94233799900006,-6.268074999999952,0],[106.94245635800009,-6.268085822999959,0],[106.94267700000005,-6.268105999999941,0],[106.942757111,-6.268113681999955,0],[106.94282300100004,-6.268119999999945,0],[106.94289577300002,-6.268102498000006,0],[106.94298100000006,-6.268081999999909,0],[106.94305200000007,-6.268029999999959,0],[106.94305211900009,-6.26803001599996,0],[106.9431510530001,-6.2680431329999795,0],[106.94349700000004,-6.268088999999955,0],[106.9437167630001,-6.268118789999933,0],[106.94394700000005,-6.26814999899994,0],[106.94401600000008,-6.268184999999994,0],[106.94405788100008,-6.2682063679998965,0],[106.94421199900003,-6.268284999999919,0],[106.94416400000006,-6.268505999999908,0],[106.94414800100007,-6.268629999999954,0],[106.94414525200003,-6.268648779999998,0],[106.94414200000001,-6.268670999999971,0],[106.94416900000003,-6.268807999999938,0],[106.94419675700001,-6.2688177669999465,0],[106.94422300000006,-6.268827001,0],[106.94439057700006,-6.2688659509999365,0],[106.94440799900009,-6.268869999999916,0],[106.94443078200003,-6.268875236999994,0],[106.94449500000009,-6.268889999999972,0],[106.94462400000002,-6.268966999999948,0],[106.94462405900002,-6.268967225999967,0],[106.94463132200009,-6.268994531000006,0],[106.94464900000004,-6.269060999999999,0],[106.94463100000007,-6.269308000000008,0],[106.94461087200008,-6.2695225079999926,0],[106.94459600000002,-6.269680999999961,0],[106.94459619300002,-6.269681009999962,0],[106.94476958000007,-6.269690477999946,0],[106.944889001,-6.269696999999953,0],[106.94533965900008,-6.269778078999911,0],[106.945795,-6.269859999999939,0],[106.9458658670001,-6.269897161999994,0],[106.94595900000007,-6.269945999999949,0],[106.94605100000005,-6.269982000999997,0],[106.94612427400007,-6.270010076999922,0],[106.94615800100011,-6.270023000000014,0],[106.94623545700004,-6.270051290999957,0],[106.94644000000008,-6.270125999999921,0],[106.9466827150001,-6.270201324999936,0],[106.94670057500007,-6.270206867999951,0],[106.9467010000001,-6.270206999999962,0],[106.94670200100009,-6.27020399999998,0],[106.94685000000008,-6.270235998999963,0],[106.94691300000005,-6.270184000000013,0],[106.9470219990001,-6.270038999999917,0],[106.94707531800007,-6.270015044999978,0],[106.94709100000004,-6.270007999999928,0],[106.94709115700005,-6.270008025000019,0],[106.94727205700009,-6.270037794999995,0],[106.94740700000007,-6.270060000999967,0],[106.94745224300009,-6.2700649969999365,0],[106.94757000000006,-6.270078000999947,0],[106.94758841500007,-6.270010229999935,0],[106.94759499999999,-6.269985999999973,0],[106.94762947200009,-6.269898252999996,0],[106.94768299900008,-6.269762000999913,0],[106.94780276300004,-6.26980192099993,0],[106.94780300000006,-6.269801999999936,0],[106.94781241100013,-6.269802572999895,0],[106.94788500000001,-6.269806999999995,0],[106.94798400000012,-6.269813999999952,0],[106.94813434300004,-6.269866293999927,0],[106.94814500000003,-6.269869999999967,0],[106.94836300000013,-6.269999999999888,0],[106.94858785700008,-6.270164895999942,0],[106.94870800000007,-6.270252999999949,0],[106.9487705910001,-6.270286642999979,0],[106.94878800000002,-6.270295999999954,0],[106.9491110000001,-6.270467999999974,0],[106.94921293100002,-6.270486743999927,0],[106.949595,-6.270556999999966,0],[106.94973700000013,-6.270567998999988,0],[106.94994799900009,-6.27058400099998,0],[106.95001196300005,-6.270565357999947,0],[106.95014700000011,-6.270525999999977,0],[106.95031028600003,-6.270465637999957,0],[106.95035800000008,-6.270448001000007,0],[106.95043900000012,-6.270664000999938,0],[106.95081800100003,-6.271523998999951,0],[106.95104000000002,-6.271476999999971,0],[106.95107909400005,-6.271470345999953,0],[106.95122800000003,-6.2714449999999875,0],[106.95149224600004,-6.271457582999963,0],[106.95187899900007,-6.271475999999977,0],[106.95226000100007,-6.271478000999965,0],[106.952316194,-6.271480421999987,0],[106.95237600100008,-6.271482999999934,0],[106.95254768800007,-6.271488981999896,0],[106.9526630000001,-6.271492999999962,0],[106.95290899900003,-6.271548999999977,0],[106.95297844700009,-6.271564959999965,0],[106.95307000000011,-6.27158599999993,0],[106.95314400000011,-6.271603000000004,0],[106.95330300000003,-6.271638000999969,0],[106.95355100000003,-6.271669999999952,0],[106.953827474,-6.2717055349999615,0],[106.95387000000005,-6.27171100099997,0],[106.95387551900006,-6.271711752999943,0],[106.9538920000001,-6.2717140009999515,0],[106.95408000000002,-6.271770000999966,0],[106.95438451700008,-6.271831258999972,0],[106.95442300000006,-6.271838999999902,0],[106.95483594300003,-6.271820160999942,0],[106.95497100000001,-6.271813999999965,0],[106.95499700000003,-6.271812999999971,0],[106.95509177400007,-6.271736186999922,0],[106.95509200100008,-6.271736002999907,0],[106.95511700000012,-6.271715999999939,0],[106.95531200000008,-6.271571999999926,0],[106.95534316500009,-6.271568136999962,0],[106.95543300000006,-6.271557000000017,0],[106.95605800000007,-6.271589999999906,0],[106.9562870000001,-6.271618999999907,0],[106.95633812900007,-6.271626061999958,0],[106.95646800000007,-6.2716440000000215,0],[106.95651813600004,-6.271648525999952,0],[106.95661200000008,-6.2716569999999425,0]]},"properties":{}},{"type":"Feature","geometry":{"bbox":[106.92159343278253,-6.305268999999948,106.9215950000001,-6.305268237870655],"type":"LineString","coordinates":[[106.92159343278253,-6.305268237870655,0],[106.9215950000001,-6.305268999999948,0]]},"properties":{}},{"type":"Feature","geometry":{"bbox":[106.95539300000003,-6.28235999999991,106.97517100000009,-6.2716569999999425],"type":"LineString","coordinates":[[106.95661200000008,-6.2716569999999425,0],[106.95661201500009,-6.2716573989999755,0],[106.95662568800006,-6.272030939999974,0],[106.95665600000008,-6.2728589999999205,0],[106.956624,-6.273450999999964,0],[106.95649499900009,-6.274224000999974,0],[106.95646200000002,-6.274344999999949,0],[106.95636900000005,-6.2746819999999435,0],[106.95572000000008,-6.2763609999999534,0],[106.95557600000008,-6.276718999999998,0],[106.95539300000003,-6.277339999999954,0],[106.95544199900009,-6.277676999999949,0],[106.95543604000004,-6.2777415689999625,0],[106.95543600000003,-6.277742000999998,0],[106.95547891500003,-6.277743671999959,0],[106.95551300000001,-6.27774499899998,0],[106.9555268780001,-6.277742223999928,0],[106.95555300000004,-6.27773700099994,0],[106.9555580240001,-6.277735493999993,0],[106.95556300000007,-6.277733999999958,0],[106.95610199700008,-6.27781799899998,0],[106.9561430000001,-6.2777709999999995,0],[106.95619300000006,-6.2777159999999785,0],[106.95627172399999,-6.277653216999935,0],[106.95627200000011,-6.277652999999917,0],[106.95636700000006,-6.277586998999963,0],[106.95649900000006,-6.277524000999991,0],[106.9565350000001,-6.277509000999904,0],[106.95654632400007,-6.277509808999971,0],[106.95656300000012,-6.277510999999981,0],[106.95692100000007,-6.277579999999917,0],[106.95714500000004,-6.277610999999995,0],[106.95715799900005,-6.277612999999983,0],[106.95720500000003,-6.277618999999946,0],[106.95727568300002,-6.2776292049999025,0],[106.95757900000007,-6.277672999999973,0],[106.95795200000002,-6.277726000000007,0],[106.95863200000007,-6.27782299999995,0],[106.95884900000007,-6.277853999999939,0],[106.95971300000006,-6.278037999999976,0],[106.96008919400002,-6.278264736999995,0],[106.96022895800003,-6.2783489739999485,0],[106.96022900000013,-6.278348999999951,0],[106.96027744200005,-6.278353980000007,0],[106.96129900000003,-6.278459000999904,0],[106.96246900000001,-6.278591999999984,0],[106.96351200100007,-6.278744999999942,0],[106.96377600000007,-6.2787750009999375,0],[106.96420238500008,-6.2788101589999155,0],[106.96434600100007,-6.278821997000007,0],[106.96487200000007,-6.27891100099991,0],[106.96493234800009,-6.2790395059999735,0],[106.96495700000008,-6.279091999999965,0],[106.96496238499999,-6.279105584999934,0],[106.965087,-6.279419999999925,0],[106.96515899900001,-6.279583999999906,0],[106.96527000100005,-6.279836999999967,0],[106.96536600000009,-6.280055999999968,0],[106.96538800000003,-6.2800949999999975,0],[106.96551900000013,-6.280328999999908,0],[106.965538898,-6.2803527490000075,0],[106.96554999900012,-6.280365999999949,0],[106.96558000100002,-6.280333000999972,0],[106.96578141700009,-6.280159354999993,0],[106.96621100000002,-6.279788999999903,0],[106.96702400100004,-6.279211999999946,0],[106.96705237100008,-6.27920548299994,0],[106.96709800000004,-6.279194999999961,0],[106.9671910000001,-6.279194999999961,0],[106.96724312400005,-6.2792704669999875,0],[106.96735400000009,-6.279430999999947,0],[106.96741200000008,-6.279470999999971,0],[106.96830600000007,-6.280471000999933,0],[106.96834481399999,-6.280514359999968,0],[106.96852799900005,-6.2807189999999355,0],[106.96858958200008,-6.280747338999971,0],[106.96864100000008,-6.280770999999975,0],[106.96868364500006,-6.280735063999932,0],[106.96873000000006,-6.2806959999999865,0],[106.96878907900008,-6.280655329999908,0],[106.96886800000003,-6.280600999999942,0],[106.9688936320001,-6.280608323999926,0],[106.96893100000008,-6.280618999999922,0],[106.96893310000009,-6.280620908999902,0],[106.96894200000011,-6.28062900099995,0],[106.9690169820001,-6.280689923999928,0],[106.96903799900007,-6.28070700099992,0],[106.96903960300001,-6.280709565999954,0],[106.96904800000009,-6.280723001,0],[106.96904879100006,-6.280724160000007,0],[106.96913800000007,-6.280854999999997,0],[106.96914585500011,-6.280865800000003,0],[106.96915400000006,-6.280876999999952,0],[106.96921918700004,-6.280973887999975,0],[106.96930000000006,-6.281094000999966,0],[106.96942738800004,-6.281165078999985,0],[106.96943786700011,-6.281170925999936,0],[106.96943800000011,-6.281170999999942,0],[106.96945763700005,-6.281176957999991,0],[106.9696160000001,-6.281224999999969,0],[106.9697201490001,-6.281257546999909,0],[106.96988800000004,-6.281310000999985,0],[106.97003400000004,-6.281354999999978,0],[106.97006722500004,-6.281289878999919,0],[106.97010899900003,-6.281207999999895,0],[106.97022768800008,-6.2812656159999545,0],[106.97031500000011,-6.2813079999999974,0],[106.97069339400007,-6.281496847999991,0],[106.97085600000011,-6.281577999999955,0],[106.97096025100004,-6.281621100999969,0],[106.97113900100008,-6.281695000999955,0],[106.97140800000004,-6.281756000999939,0],[106.97141763800005,-6.281759486999961,0],[106.97159600000006,-6.28182399999997,0],[106.97181944000008,-6.281899994999952,0],[106.9719400000001,-6.28194099999997,0],[106.97227000000005,-6.282053000999911,0],[106.97266400000005,-6.282148999999949,0],[106.97295728100006,-6.282232303999914,0],[106.97334699900007,-6.282343000000013,0],[106.97340568600005,-6.282359909999991,0],[106.97340599900006,-6.28235999999991,0],[106.97351229800007,-6.282339914999936,0],[106.97375000000002,-6.28229499999995,0],[106.97398100100013,-6.282081999999912,0],[106.97413800000007,-6.28184999999999,0],[106.97429500000008,-6.281733999999984,0],[106.9745270000001,-6.281568999999921,0],[106.97454819000008,-6.281551801000008,0],[106.97468100000005,-6.28144400099997,0],[106.9748834000001,-6.2812284559999885,0],[106.97491180000004,-6.281198211999973,0],[106.97491200000006,-6.281197999999955,0],[106.97499800100007,-6.280863000999949,0],[106.9750530360001,-6.280574156999942,0],[106.97514700000006,-6.280081000999905,0],[106.97516757200007,-6.279938712999945,0],[106.975170974,-6.279915184999952,0],[106.97517100000009,-6.279914999999937,0]]},"properties":{}},{"type":"Feature","geometry":{"bbox":[107.01803700100008,-6.223545999999947,107.02479200000006,-6.207538999999974],"type":"LineString","coordinates":[[107.02272200000003,-6.223545999999947,0],[107.02271700000006,-6.223342999999938,0],[107.02272092200012,-6.223304336999936,0],[107.02273100000006,-6.223204999999977,0],[107.022741028,-6.223051836999916,0],[107.02274199900008,-6.223037000999932,0],[107.02277500000005,-6.2227659999999805,0],[107.02281900000006,-6.222518999999972,0],[107.0228527660001,-6.222385520999941,0],[107.02288300000002,-6.222265999999911,0],[107.022896696,-6.222218231999955,0],[107.02292400000005,-6.22212300099998,0],[107.02289981800008,-6.221980141999973,0],[107.02285900000008,-6.221738999999916,0],[107.02283360900012,-6.221584413999915,0],[107.02282499900011,-6.221531999999931,0],[107.02272999500006,-6.221052001000006,0],[107.02272700000009,-6.221001999999954,0],[107.02277300000007,-6.221001999999954,0],[107.02273400000004,-6.220631999999982,0],[107.02269800000008,-6.220310000999985,0],[107.02270398000005,-6.220183344999986,0],[107.02270400000005,-6.220182999999958,0],[107.02263300000003,-6.22018600099994,0],[107.02174600000009,-6.220125999999949,0],[107.02186500000008,-6.219962999999963,0],[107.02195600000006,-6.219680999999989,0],[107.02234700000008,-6.218453999999985,0],[107.02242220300009,-6.21817054399998,0],[107.02255500000007,-6.217669999999954,0],[107.02280282100006,-6.216793543999911,0],[107.02293699900005,-6.2163189999999044,0],[107.02327300000005,-6.2153169999999545,0],[107.02340098100007,-6.214934719999944,0],[107.02350400000007,-6.2146269999999735,0],[107.02359500000004,-6.214179999999937,0],[107.02369169400005,-6.213807731999955,0],[107.02369494500006,-6.213795186999983,0],[107.02369499700006,-6.213794999999967,0],[107.02399300000012,-6.212700999999955,0],[107.02416300000006,-6.212143998999965,0],[107.02428500000012,-6.211714000000002,0],[107.02455899900005,-6.210925000000001,0],[107.02461802800005,-6.210769377000004,0],[107.02471300000009,-6.210518999999982,0],[107.0247829020001,-6.210111976999967,0],[107.02479200000006,-6.210058999999935,0],[107.02479154300002,-6.210042761999924,0],[107.0247850000001,-6.209809999999939,0],[107.024771,-6.20977900099995,0],[107.02470400000006,-6.209628999999973,0],[107.024337325,-6.209527681999939,0],[107.02432399900006,-6.209523999999901,0],[107.02430599400007,-6.209518855999919,0],[107.02388300000007,-6.209397999999956,0],[107.02363500000007,-6.209342999999935,0],[107.02176100100009,-6.208713999999938,0],[107.02014058100005,-6.208215060999956,0],[107.0196240000001,-6.2080559999999405,0],[107.01807800000009,-6.207553000999978,0],[107.0180436900001,-6.207541283999985,0],[107.01803703900008,-6.207539012999975,0],[107.01803700100008,-6.207538999999974,0]]},"properties":{}},{"type":"Feature","geometry":{"bbox":[106.97263234269225,-6.350208999999941,107.00266100000009,-6.342164999999978],"type":"LineString","coordinates":[[106.97263234269225,-6.346661808864008,0],[106.97269824500005,-6.346628300999969,0],[106.97310400000003,-6.3464219999999525,0],[106.9731841880001,-6.346418915999964,0],[106.97326000000007,-6.346415999999989,0],[106.97329508800004,-6.3464019649998935,0],[106.97331000000013,-6.346395999999933,0],[106.97333500200006,-6.346385640999964,0],[106.97338000000005,-6.3463669999999315,0],[106.97382300000002,-6.346205999999933,0],[106.97382509100002,-6.346205932000016,0],[106.9738850000001,-6.346204000999945,0],[106.97404221700005,-6.346197126999909,0],[106.97406800000005,-6.346195999999994,0],[106.97433300000003,-6.346220999999931,0],[106.97433330300005,-6.346221060999936,0],[106.97433800000009,-6.3462219999999245,0],[106.9755500000001,-6.346470999999921,0],[106.97592867100008,-6.3465485349999415,0],[106.97609700000005,-6.346583000999951,0],[106.97624623800006,-6.34660553099995,0],[106.9769250000001,-6.346707999999991,0],[106.97763800000011,-6.346853000999909,0],[106.97805185100006,-6.346962392999989,0],[106.97849299900007,-6.347078999999956,0],[106.9786030000001,-6.347101000999912,0],[106.97870204900003,-6.347120572999932,0],[106.97876999900006,-6.347133999999889,0],[106.97915524100006,-6.347209437999913,0],[106.98020500100004,-6.347414999999957,0],[106.98045900100001,-6.3474549999999805,0],[106.98094600000007,-6.347530999999963,0],[106.9811513860001,-6.347563343999974,0],[106.98120000000004,-6.347570999999986,0],[106.98135400000008,-6.347594999999929,0],[106.98212399900011,-6.3477440000000005,0],[106.98246786300005,-6.347810293999979,0],[106.98276200000005,-6.3478669999999635,0],[106.98284582800007,-6.347880817999952,0],[106.98303500100008,-6.3479119999999565,0],[106.98309086100008,-6.347920699999966,0],[106.98315699900004,-6.34793099999993,0],[106.98350764300002,-6.348016887999931,0],[106.9836019990001,-6.348039999999978,0],[106.98370254300006,-6.34806256499998,0],[106.983954,-6.348118999999942,0],[106.98412200000004,-6.348156999999977,0],[106.98438000000007,-6.348229999999978,0],[106.98475000000005,-6.348281999999928,0],[106.98480700100006,-6.348299999999908,0],[106.98495000000008,-6.348324999999933,0],[106.98568166700004,-6.348452173999975,0],[106.98625599900005,-6.348552000999975,0],[106.98655900000007,-6.348594999999891,0],[106.9867300000001,-6.34859499899998,0],[106.98676706400005,-6.348579393999932,0],[106.98680600000007,-6.348562999999997,0],[106.98682600000005,-6.348615999999941,0],[106.98683600100007,-6.348788999999956,0],[106.98678987900007,-6.349017181999917,0],[106.98676000000009,-6.34916499999998,0],[106.9867118610001,-6.349397348999931,0],[106.9866850020001,-6.349526988999999,0],[106.98669881800001,-6.349532527999925,0],[106.9867750000001,-6.349562999999959,0],[106.98687944200012,-6.349594307999974,0],[106.98719199900005,-6.349687999999999,0],[106.98739200000007,-6.349747999999989,0],[106.98761000000007,-6.349775999999997,0],[106.98782579000007,-6.349735678999947,0],[106.98789899900001,-6.34972199999997,0],[106.9880160000001,-6.349699999999926,0],[106.98805882800009,-6.349692504999927,0],[106.98809600000006,-6.349685999999922,0],[106.988701925,-6.349802134999939,0],[106.9889360000001,-6.3498469999999205,0],[106.98899520400002,-6.349858582999991,0],[106.98907400000006,-6.349874000999934,0],[106.98914551000011,-6.349907448999948,0],[106.98919800000002,-6.349931999999937,0],[106.98922611400003,-6.34995362499995,0],[106.98925000000006,-6.34997199999996,0],[106.9892601130001,-6.349979503999959,0],[106.98928100000005,-6.349995000999998,0],[106.98937499900009,-6.350137999999928,0],[106.98966622700003,-6.35017607299997,0],[106.98981100000012,-6.350194999999937,0],[106.98981869300003,-6.350198589999968,0],[106.98984100100002,-6.350208999999941,0],[106.98986200000007,-6.350208000999947,0],[106.989901999,-6.350138999999922,0],[106.98998868400007,-6.349982969999891,0],[106.99001200000005,-6.349940998999971,0],[106.99003061600007,-6.349941408999916,0],[106.99010300000002,-6.349942999999959,0],[106.99053800000004,-6.349996000999992,0],[106.99059222300009,-6.349936442999949,0],[106.99059900000012,-6.349928999999955,0],[106.99063279000008,-6.349850543999947,0],[106.99068600000004,-6.349726999999939,0],[106.99087299700005,-6.349179890999968,0],[106.99091500000006,-6.349057000999926,0],[106.99102000000005,-6.348748999999932,0],[106.99101400000008,-6.348270999999995,0],[106.99101387300007,-6.348270865999984,0],[106.99095599900008,-6.348207999999934,0],[106.99080500000011,-6.348051999999905,0],[106.99082100000001,-6.347851999999966,0],[106.99085656000003,-6.34782426399998,0],[106.99087100000007,-6.3478130009999365,0],[106.99091534400009,-6.347812110999952,0],[106.99112000000007,-6.347807999999967,0],[106.99121900000009,-6.347853999999954,0],[106.99132926100006,-6.347887411999965,0],[106.99135100000008,-6.347893999999977,0],[106.99162800000008,-6.347964001999996,0],[106.991628028,-6.347964011999997,0],[106.99176100000007,-6.348015999999946,0],[106.99185772800008,-6.348036963999993,0],[106.99202400000007,-6.348072999999955,0],[106.99207664800008,-6.34813149699991,0],[106.99212300100001,-6.348182999999908,0],[106.99217000000007,-6.3482579999998965,0],[106.99217700000013,-6.348262999999955,0],[106.99223000000006,-6.348300999999902,0],[106.99234400000009,-6.3482789999999465,0],[106.99240171900006,-6.348240028000008,0],[106.99246099900009,-6.348200000999983,0],[106.99252594100004,-6.348132425999987,0],[106.99260900000007,-6.3480459999999415,0],[106.99268400000005,-6.3479109989999625,0],[106.99269736900001,-6.347858477999969,0],[106.99269800000006,-6.3478559999999415,0],[106.99273100000003,-6.347729999999997,0],[106.99274313600007,-6.347671315999937,0],[106.99280999900009,-6.34734799999992,0],[106.992825,-6.347203999999996,0],[106.99277800000002,-6.347059999999983,0],[106.99257446100006,-6.346563066999989,0],[106.99247900000006,-6.346330000999979,0],[106.99243799900005,-6.346016999999927,0],[106.99246900000013,-6.345928999999929,0],[106.99260162200008,-6.345760543999935,0],[106.99282799900007,-6.345472998999947,0],[106.99307900100005,-6.345323999999964,0],[106.99309261600003,-6.34530557899995,0],[106.99309600000004,-6.345300999999926,0],[106.99335400000007,-6.3449659999999195,0],[106.99335422500009,-6.344965908999912,0],[106.99340100000005,-6.344946999999946,0],[106.99351299900009,-6.344901999999953,0],[106.993659,-6.344919999999933,0],[106.99367615800008,-6.344921715999897,0],[106.99368900000007,-6.3449230009999145,0],[106.99383939300009,-6.344948128999951,0],[106.99408400000007,-6.344988999999957,0],[106.99417876700001,-6.344965307999951,0],[106.99423199900006,-6.344952000000005,0],[106.99476400000012,-6.344790001000012,0],[106.99476435200006,-6.344789986000011,0],[106.9950020000001,-6.344779999999984,0],[106.99533900100009,-6.3448089999999855,0],[106.99604300800007,-6.34498902699996,0],[106.9963010000001,-6.3450549999999115,0],[106.99637200000002,-6.34507299999998,0],[106.9966680000001,-6.345139999999928,0],[106.99747400000008,-6.345321999999976,0],[106.99778421800008,-6.345452617999948,0],[106.997911001,-6.345505999999924,0],[106.9979250000001,-6.345513999999964,0],[106.99805400000011,-6.3455879999999585,0],[106.99805414100003,-6.345588007999959,0],[106.9984800000001,-6.345610999999996,0],[106.99877799900005,-6.345596999999904,0],[106.99886566000004,-6.345585489000017,0],[106.99887700000008,-6.345583999999983,0],[106.99889243200002,-6.34558181599998,0],[106.99898300000005,-6.345569000999985,0],[106.99904200000006,-6.345469000999971,0],[106.99905900000005,-6.345348999999901,0],[106.99909000000012,-6.344857999999954,0],[106.99919000100004,-6.344793001999994,0],[106.99919003800005,-6.344792983999993,0],[106.99952099900007,-6.34466699999996,0],[106.99949210800008,-6.34463013699993,0],[106.99949200000007,-6.344629999999919,0],[106.9995191740001,-6.3446107380000125,0],[106.99957100000003,-6.344573999999993,0],[106.99979200000011,-6.344349999999933,0],[106.9999990000001,-6.344148999,0],[107.00002600000002,-6.34412300099998,0],[107.00025300100006,-6.343962999999976,0],[107.00067600000007,-6.343500000999947,0],[107.00082524500007,-6.343292063999973,0],[107.00085400000006,-6.343251999999945,0],[107.00092900000004,-6.343114999999978,0],[107.00100735000004,-6.343008933999995,0],[107.00107599900004,-6.342915999999944,0],[107.00148100000007,-6.342478999000024,0],[107.00200500000008,-6.342164999999978,0],[107.00211400200004,-6.3421930069998975,0],[107.00213915000008,-6.342254301999995,0],[107.00214600100011,-6.342270999999956,0],[107.00219648500011,-6.342348365999962,0],[107.00222300100009,-6.342389000999949,0],[107.0023454830001,-6.342453258999937,0],[107.00256800000002,-6.342570000000004,0],[107.00262004900007,-6.342622732999926,0],[107.00264400000002,-6.34264699899998,0],[107.00264638400003,-6.342646718999957,0],[107.00266100000009,-6.342645000999903,0]]},"properties":{}},{"type":"Feature","geometry":{"bbox":[106.97821800100004,-6.225713998999916,106.99653500000001,-6.172347999999973],"type":"LineString","coordinates":[[106.99132200000008,-6.172347999999973,0],[106.99132200300008,-6.17234808399998,0],[106.99132620700007,-6.172450544999931,0],[106.99133000000003,-6.1725430009999425,0],[106.99147000000006,-6.174254999999929,0],[106.9914704610001,-6.174309346999985,0],[106.99147400000004,-6.174725999999998,0],[106.9915123810001,-6.175812547999927,0],[106.99152900000006,-6.17628299999995,0],[106.99162200000004,-6.176511999999979,0],[106.99201100000006,-6.177310000999926,0],[106.99233899900011,-6.178245000999928,0],[106.99238040200008,-6.178365189999925,0],[106.99247300100009,-6.1786339999999615,0],[106.99252400000006,-6.178875999999912,0],[106.99255970900008,-6.17907492699994,0],[106.99272200100009,-6.179978999999959,0],[106.99311300000002,-6.181732999999957,0],[106.9931609990001,-6.18223099999995,0],[106.99314900000007,-6.18231699999996,0],[106.99312702300003,-6.182472820999974,0],[106.99312700000003,-6.182473000999989,0],[106.993079492,-6.182491120999979,0],[106.99303,-6.182509999999942,0],[106.992868,-6.182515,0],[106.99275917000006,-6.1825262289999525,0],[106.99249039100003,-6.182553960999938,0],[106.99248999999999,-6.182554000999941,0],[106.9924675330001,-6.18272216199991,0],[106.99245699900011,-6.18280099999995,0],[106.99238467900007,-6.182952639999973,0],[106.9922400010001,-6.183256000999938,0],[106.99198799900003,-6.183672999999979,0],[106.99198800100002,-6.1836730599998955,0],[106.99199500000007,-6.183920999999982,0],[106.99199600000007,-6.184424000999945,0],[106.99199600000007,-6.184532999999904,0],[106.99195600000004,-6.184848999999938,0],[106.99195280800005,-6.1849557169999745,0],[106.99194899999999,-6.185083000999937,0],[106.9919320000001,-6.185126999999936,0],[106.99188880100007,-6.185237229999908,0],[106.99187399900009,-6.185274999999924,0],[106.99178200000003,-6.185565999999932,0],[106.99178651900006,-6.185611193999941,0],[106.99179400000006,-6.185686000000002,0],[106.99179745200007,-6.185690089999985,0],[106.991859,-6.185762999999978,0],[106.99190439900003,-6.185830450999964,0],[106.99192900000011,-6.185867000999968,0],[106.99205100000009,-6.186387000000005,0],[106.99207372100001,-6.186476527999952,0],[106.99211800000003,-6.1866510009999995,0],[106.99212439700003,-6.186678720999984,0],[106.99212700000007,-6.18669000099994,0],[106.99230300000006,-6.187426000999908,0],[106.99233300000006,-6.187502999999973,0],[106.99246077200006,-6.187665322999992,0],[106.99252900000002,-6.1877519999999695,0],[106.99260125700005,-6.187792666999959,0],[106.9929270000001,-6.18797599999994,0],[106.9930120000001,-6.1880189999999455,0],[106.993110556,-6.187971185999986,0],[106.99311300100003,-6.187970001999888,0],[106.99324600000001,-6.187920999999919,0],[106.99338500000006,-6.187941998999969,0],[106.99338300000008,-6.18799399999992,0],[106.99328300000006,-6.188410999999961,0],[106.9931589990001,-6.1889300000000045,0],[106.99315732700005,-6.188937531999917,0],[106.99315500100003,-6.188947999999895,0],[106.99297200000008,-6.189476999999966,0],[106.99284195700007,-6.189976040999957,0],[106.99281200000009,-6.190090999999965,0],[106.9927874470001,-6.190152061999955,0],[106.99269700000006,-6.1903769999999145,0],[106.99266213400003,-6.1905321089999585,0],[106.992619,-6.190723999999937,0],[106.99261400000005,-6.190746998999975,0],[106.99261200000005,-6.190986999999938,0],[106.99266200000001,-6.191030999999937,0],[106.99276800000008,-6.191131999999945,0],[106.99271400000005,-6.191191999999935,0],[106.99265233300011,-6.1912372219999465,0],[106.99263900000007,-6.191246999999956,0],[106.99263378200008,-6.191268693999975,0],[106.99262,-6.19132600099992,0],[106.99256500000007,-6.191687999999941,0],[106.99256194400009,-6.191710916999972,0],[106.99255900000011,-6.191733000999934,0],[106.99247499900008,-6.191784999999884,0],[106.9923570000001,-6.191862998999943,0],[106.99236965800007,-6.191892696000002,0],[106.99240900000004,-6.191984999999912,0],[106.99248800000001,-6.192059999999989,0],[106.99259199900008,-6.192084999999926,0],[106.99288400100009,-6.192126999999937,0],[106.9929680000001,-6.192182999999952,0],[106.99297200000008,-6.192216000000018,0],[106.99297500000007,-6.192239999999961,0],[106.99288900000006,-6.192521999999935,0],[106.99286205400004,-6.192634877999948,0],[106.9928520000001,-6.19267700099997,0],[106.99274400000004,-6.1928769999999975,0],[106.99268216000009,-6.192997736999951,0],[106.99261800000002,-6.1931229999999236,0],[106.99248100000005,-6.193407999999968,0],[106.99237700000006,-6.193586999999946,0],[106.99237600200007,-6.1936669999999925,0],[106.99237600100007,-6.193667062999998,0],[106.99237600000006,-6.193667266999926,0],[106.99237600100007,-6.1936899999999415,0],[106.99243300000008,-6.193810999999917,0],[106.9924955820001,-6.193870253999934,0],[106.99252700000004,-6.193900000999998,0],[106.99280277000011,-6.194118841999986,0],[106.99290000000008,-6.194196000999975,0],[106.99289999500007,-6.194196125999985,0],[106.9928960000001,-6.194289999999937,0],[106.99278100000001,-6.194884999999962,0],[106.99275064900007,-6.195044118999894,0],[106.99257900000008,-6.195943999999921,0],[106.99252969999999,-6.196174363999974,0],[106.99246900000013,-6.1964579999999945,0],[106.99246936600007,-6.196458074999912,0],[106.99508100000006,-6.196987000999977,0],[106.99558742700003,-6.197197295999969,0],[106.99578900000002,-6.1972809999999665,0],[106.99630064300007,-6.197591782999924,0],[106.9963009990001,-6.197591999999942,0],[106.99650000000005,-6.198051999999988,0],[106.99653500000001,-6.198594999999974,0],[106.99648298200006,-6.198845083999972,0],[106.99640500000001,-6.199219999999995,0],[106.99632200600007,-6.199574972999967,0],[106.99632199900006,-6.199575000999969,0],[106.99629194700006,-6.1995660299999376,0],[106.99585300000007,-6.199434999999932,0],[106.99512600100005,-6.199219000000001,0],[106.99505520200006,-6.199197380999989,0],[106.99482800000008,-6.1991279999999325,0],[106.99466177000001,-6.199065280999983,0],[106.99450200100003,-6.1990049999999695,0],[106.99434968600012,-6.198970868999899,0],[106.99420300000007,-6.198937999999933,0],[106.9937580010001,-6.198906999999943,0],[106.99365393900011,-6.198890606999919,0],[106.99361200000001,-6.198883999999994,0],[106.99309500000005,-6.198802999999954,0],[106.99306919100005,-6.198796548999953,0],[106.99306300000006,-6.1987950009999135,0],[106.99303038700003,-6.198786720999939,0],[106.9926770000001,-6.198697000999976,0],[106.99185199900005,-6.198488000999914,0],[106.99172870400007,-6.198462391999927,0],[106.99159200100003,-6.198433998999976,0],[106.99138800000011,-6.198391000999971,0],[106.99132699900005,-6.198375999999973,0],[106.99121200000003,-6.1983479999999656,0],[106.99110383500006,-6.198314583999954,0],[106.99108900000007,-6.19830999999993,0],[106.99104475700005,-6.1983012140000024,0],[106.99094800000005,-6.198281999999923,0],[106.99068299900006,-6.198228999999978,0],[106.99017396200013,-6.198127192999992,0],[106.99009300000009,-6.198110999999896,0],[106.99009286500008,-6.198110985999984,0],[106.98989117900008,-6.198090295999959,0],[106.98897200000006,-6.197996000999973,0],[106.98882289100007,-6.197980863999964,0],[106.98831200000008,-6.197928999999936,0],[106.9881469800001,-6.197928276999965,0],[106.98808400000004,-6.197927999999942,0],[106.98797753600012,-6.197927999999942,0],[106.98779300100003,-6.197927999999942,0],[106.98771452000003,-6.197927568999907,0],[106.98761100000007,-6.1979269999999484,0],[106.98669700000004,-6.197923000999973,0],[106.98636200000003,-6.1978709999999335,0],[106.98593145800001,-6.1977547409999065,0],[106.98568800000004,-6.197689000999974,0],[106.98555437900008,-6.197665061999947,0],[106.98538100000003,-6.197633999999953,0],[106.98532982300006,-6.1976252039999356,0],[106.98531700000007,-6.197622999999931,0],[106.98531680600006,-6.197622893999922,0],[106.98525100000002,-6.197587000999972,0],[106.98519360600007,-6.1975745600000085,0],[106.98490820300009,-6.197512694999952,0],[106.98490500000008,-6.197512000999984,0],[106.98434834100003,-6.197408748999967,0],[106.98378900000003,-6.197304999999998,0],[106.98318700000004,-6.197240998999943,0],[106.98284600000008,-6.19720099999992,0],[106.98264600100005,-6.197173000000001,0],[106.98227300000009,-6.197119999999968,0],[106.98102600000003,-6.196955999999988,0],[106.98086836500005,-6.196934728000004,0],[106.98073699900002,-6.196916999999958,0],[106.98042078500005,-6.19686429799995,0],[106.98008300000008,-6.196807999999999,0],[106.98005616200008,-6.196787689999917,0],[106.98004600000004,-6.196779999999903,0],[106.98004573900002,-6.196780001999992,0],[106.98000766600006,-6.196780256999924,0],[106.97989739000009,-6.196780996999985,0],[106.97989699900006,-6.196780999999897,0],[106.97988199800005,-6.196929999999968,0],[106.97988199600006,-6.19693002599997,0],[106.9798620000001,-6.1974039999999295,0],[106.97983100000002,-6.197727999999914,0],[106.97966300000006,-6.199529999999887,0],[106.9796539440001,-6.199689194000003,0],[106.97964400000008,-6.1998639999999,0],[106.97963001400008,-6.200111796999975,0],[106.97963000099999,-6.200111999999903,0],[106.97962901400008,-6.200122767999995,0],[106.97957700000005,-6.200691000999937,0],[106.97957249200003,-6.2007387349999785,0],[106.97956000000006,-6.200870999999909,0],[106.97955199900011,-6.200969999999929,0],[106.97949976900006,-6.201195731999954,0],[106.9794650000001,-6.201345999999953,0],[106.97942481700007,-6.201516487999937,0],[106.97936200000002,-6.201782999999962,0],[106.97934178600003,-6.202045785999944,0],[106.97932400000008,-6.202276999999979,0],[106.97931199500006,-6.202585331,0],[106.9793050000001,-6.202764999999944,0],[106.97927438900005,-6.203483961999924,0],[106.97926600000007,-6.203680999999973,0],[106.97926592600007,-6.203681060999978,0],[106.97925859200008,-6.203687129999947,0],[106.97923700000007,-6.203704999999916,0],[106.97914445300005,-6.203821750999984,0],[106.97910700000006,-6.203868999999985,0],[106.97906972500009,-6.203918461999903,0],[106.97905500000012,-6.203937999999921,0],[106.97899700000002,-6.204014999999986,0],[106.97891500000007,-6.204124000999945,0],[106.97894199900009,-6.204170000000021,0],[106.97918500000011,-6.204512999999979,0],[106.97924248900009,-6.204769619999984,0],[106.97925399900005,-6.2048210009999725,0],[106.97925092100007,-6.204906053999904,0],[106.97924600100002,-6.2050419989999615,0],[106.97921990300007,-6.20557119199996,0],[106.97919200100007,-6.206136999999968,0],[106.97920678900006,-6.206423999,0],[106.9792189990001,-6.206660999999981,0],[106.97916900100005,-6.207108999999923,0],[106.97911902700008,-6.207330879999985,0],[106.97911900000008,-6.207330999999995,0],[106.97911300000003,-6.207593001000001,0],[106.97911200100003,-6.207640999999976,0],[106.97912797300002,-6.207734237999963,0],[106.97915500100004,-6.20789199999996,0],[106.97916131100003,-6.207917857999968,0],[106.97919600000006,-6.208060001000005,0],[106.97921172600012,-6.20812159299995,0],[106.97922000000008,-6.208153999999967,0],[106.97925711700005,-6.20839019899997,0],[106.97930800000009,-6.208713999999938,0],[106.97928865100008,-6.208894144999922,0],[106.97927900000008,-6.208983998999985,0],[106.97925961300008,-6.2091169339999706,0],[106.97921600000011,-6.209415999999935,0],[106.97913500000007,-6.209814999999908,0],[106.97895100000004,-6.210575000999908,0],[106.97887100000007,-6.210902999999957,0],[106.97882207100011,-6.211089308999918,0],[106.97881900000003,-6.211100999999909,0],[106.97881400000007,-6.211284999999945,0],[106.97887100000007,-6.211338999999972,0],[106.9789078360001,-6.211369828999947,0],[106.97910400000008,-6.211534000999942,0],[106.97914900000008,-6.211633999999956,0],[106.9791440000001,-6.211773999999904,0],[106.9791000000001,-6.211788999999991,0],[106.97895900100008,-6.211745995999896,0],[106.9788080910001,-6.211709022999946,0],[106.9788080000001,-6.211709000999944,0],[106.97879378300009,-6.211712672999981,0],[106.97865700000004,-6.2117480009999735,0],[106.97861326200007,-6.211831099999921,0],[106.97859700000005,-6.211861999999902,0],[106.9785878660001,-6.211920648999959,0],[106.97857800000008,-6.21198400099996,0],[106.97857787700006,-6.211984100999969,0],[106.978502,-6.212042999999957,0],[106.97829429000005,-6.212120882999917,0],[106.97829400000003,-6.212120999000016,0],[106.97824100000008,-6.212229999999975,0],[106.97821800100004,-6.212477999999978,0],[106.97831900000006,-6.212521999999977,0],[106.97835884500006,-6.212544135999943,0],[106.9784450000001,-6.2125919999999955,0],[106.97852035600002,-6.212629934999937,0],[106.97859200000008,-6.21266599999999,0],[106.97867799300009,-6.212672756999927,0],[106.97873199900003,-6.212676999999923,0],[106.97875878900003,-6.212672340999982,0],[106.97891533800001,-6.212645115999949,0],[106.97891600000007,-6.21264499999994,0],[106.9789098860001,-6.212664212999931,0],[106.97890900000002,-6.212666998999984,0],[106.97889890100008,-6.21277943099996,0],[106.97887900000002,-6.213000999999997,0],[106.9788711790001,-6.213034599999935,0],[106.9788519990001,-6.213116999999913,0],[106.9788521340001,-6.213117095999921,0],[106.97994426600006,-6.213897191999896,0],[106.98046900000004,-6.2142719999999105,0],[106.98106300000008,-6.214861999999966,0],[106.98130809900002,-6.2155374189998955,0],[106.98154600000007,-6.21619300099996,0],[106.98163522900008,-6.2161884749999405,0],[106.98286676100011,-6.216126011999924,0],[106.98286700000004,-6.216126000000012,0],[106.98290569700004,-6.216242091999936,0],[106.9829730010001,-6.216443999999944,0],[106.98306900000006,-6.2167289999999,0],[106.98313426100012,-6.2167296149999505,0],[106.98317500000012,-6.2167299999998935,0],[106.98360300000009,-6.216747999999962,0],[106.98380179800002,-6.216774824999961,0],[106.98443300000011,-6.216859999999903,0],[106.98476715500004,-6.216904670999957,0],[106.98538300000011,-6.21698699999993,0],[106.98542223300007,-6.216992812999967,0],[106.98543700000005,-6.2169949999999705,0],[106.98625700000004,-6.217105999999918,0],[106.98648899900004,-6.217141999999965,0],[106.98662334300006,-6.217162412999967,0],[106.9867720000001,-6.21718499999997,0],[106.9868170010001,-6.217191998999928,0],[106.9873150000001,-6.217257999999971,0],[106.98755000000008,-6.217289999999954,0],[106.98773200000005,-6.217314999999891,0],[106.98856400000005,-6.217429999999991,0],[106.98954300000005,-6.217565999999964,0],[106.98964931400006,-6.217580903999954,0],[106.98997100000011,-6.217625999999955,0],[106.98997446000004,-6.217681349000005,0],[106.98997700000008,-6.217721999999993,0],[106.98997518700011,-6.217745074999948,0],[106.98996600000005,-6.217861999999942,0],[106.98995656900007,-6.217986847999969,0],[106.989945,-6.21813999999994,0],[106.98994600000009,-6.218200662999985,0],[106.98994800000008,-6.218322000999899,0],[106.99003700100008,-6.218549999999935,0],[106.99003706000008,-6.218550030999937,0],[106.99011200000005,-6.21858800099997,0],[106.99043499900004,-6.218675999999968,0],[106.99043800000003,-6.218676999999962,0],[106.9904859870001,-6.2186911999999825,0],[106.99053600000006,-6.218706000999964,0],[106.99062899900011,-6.2187969999999435,0],[106.99070968800004,-6.218880050999887,0],[106.99086799999999,-6.219043000999958,0],[106.9909390000001,-6.219115999999959,0],[106.991128001,-6.219188997999959,0],[106.99112805100002,-6.2191890149999605,0],[106.99154300000006,-6.219317999999975,0],[106.99166100000006,-6.219419998999976,0],[106.99166135400009,-6.219420303999913,0],[106.99169799900001,-6.21945199999996,0],[106.991787,-6.219592999999991,0],[106.99186000000009,-6.219815999999968,0],[106.99183100000009,-6.219961999999969,0],[106.99176679000001,-6.220036727000023,0],[106.99171499900008,-6.220096999999948,0],[106.99167631200008,-6.2201366799999445,0],[106.99163700000011,-6.220176999999994,0],[106.9914800010001,-6.220336999999999,0],[106.99138725400006,-6.220397268999923,0],[106.99118300000004,-6.220529999999981,0],[106.99112583600001,-6.220576633999931,0],[106.99110700000006,-6.220591999999959,0],[106.99110665900011,-6.220592276999982,0],[106.99101699900007,-6.2206649999999595,0],[106.99048762700005,-6.220782270999981,0],[106.98957700000003,-6.220984000999975,0],[106.98882100000009,-6.221200999999988,0],[106.98809700000005,-6.2212860000000045,0],[106.9875049990001,-6.221271999999912,0],[106.98736326200009,-6.221257843999984,0],[106.9867140000001,-6.221192999999948,0],[106.98649365300008,-6.221199523999955,0],[106.98610600000006,-6.221210999999927,0],[106.98577487300011,-6.221357192999944,0],[106.98546500000006,-6.221493999999984,0],[106.98528667200004,-6.221639719999962,0],[106.98494000000005,-6.221922999999952,0],[106.98459881800007,-6.222402740999945,0],[106.98448200000009,-6.2225669999999464,0],[106.98435708300005,-6.2227286569999105,0],[106.98402300000002,-6.223160999999978,0],[106.98323600000002,-6.223920999999978,0],[106.98183814400008,-6.22571381499999,0],[106.98183800000007,-6.225713998999916,0]]},"properties":{}},{"type":"Feature","geometry":{"bbox":[106.99368799900009,-6.254534000000001,107.00213600000008,-6.238703999999929],"type":"LineString","coordinates":[[107.00189400000004,-6.238703999999929,0],[107.00189393100004,-6.238704055999934,0],[107.001872001,-6.238721999999909,0],[107.0016747540001,-6.238921047999947,0],[107.00165307100009,-6.238942928999981,0],[107.00165299999999,-6.238942999999987,0],[107.00156900000006,-6.239162999999982,0],[107.00157838900013,-6.239330024999946,0],[107.00158800000013,-6.23950099999997,0],[107.00169000400004,-6.239770997999928,0],[107.00169005000004,-6.239771105999937,0],[107.00189499900003,-6.240209999999925,0],[107.00197534800012,-6.240405928999971,0],[107.00208200000006,-6.240665999999996,0],[107.00211700000001,-6.240969999999924,0],[107.00212594100005,-6.241153049999971,0],[107.00213600000008,-6.241358999999958,0],[107.00208600100002,-6.241628999999916,0],[107.00180000000007,-6.2420019999999585,0],[107.00161925700004,-6.2421569999999935,0],[107.00146300100009,-6.242290998999978,0],[107.00127802500006,-6.24247719599993,0],[107.00116000000006,-6.24259600099999,0],[107.00115987300005,-6.242596239999921,0],[107.0011507510001,-6.242613401000009,0],[107.00102500000008,-6.242849999999956,0],[107.00094200000005,-6.243171999999953,0],[107.00093757600004,-6.24327667999991,0],[107.00092699900006,-6.243527000000016,0],[107.00087800100009,-6.244016999999969,0],[107.00079499800006,-6.244473999999945,0],[107.00079498900006,-6.244474023999947,0],[107.00061000000002,-6.244863999999973,0],[107.00054133900004,-6.244971469999983,0],[107.00042600000008,-6.24515200099991,0],[107.00027400100002,-6.2452370000000155,0],[107.00024398500003,-6.245251898999916,0],[107.0000000000001,-6.245372998999899,0],[107.0000000000001,-6.245373999999982,0],[106.99913900000008,-6.245592999999895,0],[106.99882700000003,-6.245741999999966,0],[106.99869599900002,-6.245792000999929,0],[106.99869594500011,-6.245792071999935,0],[106.99838500000006,-6.2462049999999945,0],[106.99817299900009,-6.246764999999966,0],[106.99815782400009,-6.246824238999983,0],[106.99805899900008,-6.247209999999926,0],[106.99804400000008,-6.247505999999904,0],[106.99811199900002,-6.24806499899997,0],[106.99814600000008,-6.248377999999933,0],[106.99814700000007,-6.248624815999927,0],[106.99814700100008,-6.248624999999942,0],[106.99791900000004,-6.2491189999999595,0],[106.9973090000001,-6.249999999999934,0],[106.99730882000009,-6.249999999999934,0],[106.99727600000004,-6.249999999999934,0],[106.99711600000003,-6.25021499999996,0],[106.99702750700008,-6.2504483549999055,0],[106.99697000000003,-6.250599999999929,0],[106.9969299540001,-6.250766214999915,0],[106.99682400000003,-6.251205999999977,0],[106.99667900000011,-6.251796999999938,0],[106.99656300000002,-6.252476999999979,0],[106.99634299900002,-6.25289099999995,0],[106.99607615200006,-6.253015714999966,0],[106.99596000000004,-6.253070000000017,0],[106.9958124770001,-6.253094975999952,0],[106.99551700000008,-6.253145000000005,0],[106.99531360500004,-6.253100146999936,0],[106.9950590000001,-6.253043999999909,0],[106.99482121100006,-6.252916062999892,0],[106.99470400000004,-6.2528530000000035,0],[106.99440800000006,-6.252794999999912,0],[106.99429020300009,-6.252841014999989,0],[106.99421627300009,-6.25286989299998,0],[106.99421600000008,-6.252869999999989,0],[106.99417389300005,-6.25291258499996,0],[106.99404000000008,-6.253047999999973,0],[106.99389126800011,-6.253251818999962,0],[106.99387800100008,-6.253269999999956,0],[106.99384531700005,-6.253413355000005,0],[106.99377700100008,-6.253713000999928,0],[106.99375160600002,-6.253883831999941,0],[106.99373300000008,-6.254009000999906,0],[106.99371345500006,-6.254194215999954,0],[106.99369100000007,-6.254406999999974,0],[106.99368947800012,-6.254471438999888,0],[106.99368799900009,-6.254534000000001,0]]},"properties":{}},{"type":"Feature","geometry":{"bbox":[106.9563180010001,-6.2716569999999425,106.95661200000008,-6.256483000999969],"type":"LineString","coordinates":[[106.9565360000001,-6.256483000999969,0],[106.9565360430001,-6.256483514999923,0],[106.95656200000012,-6.2567909999999625,0],[106.95657472200011,-6.256803249999999,0],[106.95658900000005,-6.256816999999982,0],[106.9566080000001,-6.256977999999981,0],[106.95657100000007,-6.257124999999975,0],[106.95652600000007,-6.257219999999931,0],[106.95634208700004,-6.257607813999956,0],[106.95634199900003,-6.257607999999971,0],[106.95632300000007,-6.257782999999973,0],[106.9563180010001,-6.258170999999924,0],[106.9563319910001,-6.25856884599998,0],[106.95634099900005,-6.258825000999947,0],[106.9563599990001,-6.259229999999972,0],[106.95636120400012,-6.259238430999959,0],[106.9563619990001,-6.259243999999976,0],[106.95638700000003,-6.259383999999924,0],[106.95638917300003,-6.259406452999917,0],[106.95639600000007,-6.259476999999981,0],[106.95636800300005,-6.25977099999997,0],[106.95636800300005,-6.259771081999888,0],[106.95637107100005,-6.259853781999981,0],[106.956391001,-6.260390999999933,0],[106.95639229800011,-6.260721036999973,0],[106.95639400000007,-6.261154000000003,0],[106.95639450500003,-6.2614229229999605,0],[106.95639500100008,-6.261686999999961,0],[106.95641548200008,-6.26250722299997,0],[106.95641699900003,-6.262568000999936,0],[106.95643899900007,-6.26333699999997,0],[106.95645337100011,-6.263864635999928,0],[106.95646700000007,-6.264365000999939,0],[106.9564694580001,-6.264499684999981,0],[106.95647200000005,-6.264638999999962,0],[106.95648500000006,-6.265497999999981,0],[106.95648900000003,-6.26573699999995,0],[106.95648961400008,-6.265790332999922,0],[106.95649000000012,-6.265823999999954,0],[106.95649542100003,-6.2661250069999905,0],[106.95650500000002,-6.266656999999954,0],[106.95652100000011,-6.26721299999995,0],[106.95653521500013,-6.2679202159999345,0],[106.95655699900006,-6.269003999999901,0],[106.95657298500005,-6.269472507999941,0],[106.95657299800006,-6.269473000999982,0],[106.95657316900007,-6.269488863999962,0],[106.95659000000003,-6.271063999999994,0],[106.95661200000008,-6.2716569999999425,0]]},"properties":{}},{"type":"Feature","geometry":{"bbox":[106.94115800000013,-6.331213988999918,106.96055300000002,-6.321908999999982],"type":"LineString","coordinates":[[106.94115800000013,-6.3294989999999505,0],[106.94115812700005,-6.329499013999952,0],[106.94126092000002,-6.329510178999987,0],[106.94142500000001,-6.329527999999952,0],[106.9416697980001,-6.329561005999929,0],[106.94169178100006,-6.329563963999908,0],[106.94169200000007,-6.329563997999999,0],[106.94204300000007,-6.32962399999999,0],[106.94220800000005,-6.329651999999998,0],[106.942391,-6.329682999999898,0],[106.94251100000007,-6.329702997999954,0],[106.94252585000005,-6.32970926999994,0],[106.94255599900006,-6.3297219999999275,0],[106.94255618600008,-6.329722218999946,0],[106.94263300000004,-6.3298120009999135,0],[106.94276014300009,-6.330021411999921,0],[106.94283700000004,-6.330147999999914,0],[106.9428678560001,-6.330199768999934,0],[106.94292699900004,-6.330299000999974,0],[106.94292718000004,-6.330298354000009,0],[106.94296785100003,-6.330152066999984,0],[106.9429890000001,-6.3300759999999965,0],[106.94303041000006,-6.329995894999941,0],[106.94304994500008,-6.329958108000012,0],[106.94305000000008,-6.329958000000003,0],[106.943093,-6.3298120009999135,0],[106.94303500000008,-6.329577000000009,0],[106.94306394000009,-6.32953941999992,0],[106.94310199900012,-6.329490000000005,0],[106.94310222800006,-6.32949004599992,0],[106.94316254700007,-6.329502245999953,0],[106.94319100000011,-6.329507999999985,0],[106.94324324899999,-6.329518843999994,0],[106.94340300000007,-6.329551999999984,0],[106.94373900000006,-6.3296200000000145,0],[106.944013,-6.3297429999999775,0],[106.94426068400007,-6.32987755899992,0],[106.94442900000006,-6.329968999999936,0],[106.94475755200006,-6.330076805999974,0],[106.94481299900012,-6.33009499999997,0],[106.94482200000006,-6.330095999999964,0],[106.94507047100011,-6.330112283999979,0],[106.94523400000004,-6.330123000999977,0],[106.94540363000004,-6.3301521549999915,0],[106.94549000000009,-6.330166999999976,0],[106.94560800000008,-6.330195999999978,0],[106.94569600000008,-6.329861998999965,0],[106.94744900000008,-6.33042299899993,0],[106.94756726600009,-6.330480678999907,0],[106.94769300000011,-6.3305420000000066,0],[106.94793400200007,-6.33072499799996,0],[106.94794800000007,-6.330781999999969,0],[106.94796800000003,-6.330943000999968,0],[106.9480740000001,-6.331053999999915,0],[106.94807412800012,-6.331054098000012,0],[106.94821257300002,-6.331160594999941,0],[106.94828200300009,-6.331213988999918,0],[106.94862400000005,-6.329803999999962,0],[106.94879800000005,-6.3295219999998995,0],[106.94879819000008,-6.329521741999967,0],[106.94895299900008,-6.329306999999963,0],[106.94897464700001,-6.329248962999957,0],[106.9490690000001,-6.3289959989999875,0],[106.94910055700004,-6.3288194089999426,0],[106.94911600000007,-6.328732999999987,0],[106.94911500000008,-6.328421999999923,0],[106.94910139700002,-6.328350290999941,0],[106.94905600000008,-6.328110999999948,0],[106.94901600000006,-6.327868000000004,0],[106.94903737500006,-6.3277046329998985,0],[106.94904400100008,-6.327653999999972,0],[106.94911254500006,-6.327515728999989,0],[106.94915999800007,-6.327420005999974,0],[106.9494030000001,-6.3272639999999445,0],[106.94968100000001,-6.327137000999917,0],[106.94968139300005,-6.327136540999968,0],[106.94968329800012,-6.327134309999961,0],[106.94972200000004,-6.327088999999942,0],[106.9497194720001,-6.3270696689999415,0],[106.94970500100005,-6.326959001000022,0],[106.94970500000005,-6.326901856999912,0],[106.94970500000005,-6.326870999999935,0],[106.94977900000005,-6.326794999999953,0],[106.94994374700009,-6.3267320969998995,0],[106.94994399900011,-6.32673199999998,0],[106.95004843900004,-6.326735940999951,0],[106.95010300000003,-6.326737999999944,0],[106.95029100000004,-6.326794999999953,0],[106.95040000000009,-6.326849999999974,0],[106.95086700000009,-6.32701799999993,0],[106.95096203800006,-6.32702134699994,0],[106.95100900000003,-6.327023000999899,0],[106.95122000000008,-6.326976999999912,0],[106.95135600100005,-6.326949002999905,0],[106.95135604500005,-6.326949000999905,0],[106.95158599900007,-6.326950999999982,0],[106.9516420890001,-6.326913247999967,0],[106.95169000000007,-6.326880999999963,0],[106.95171851500002,-6.326821933999961,0],[106.95176,-6.326735999999956,0],[106.95201399900004,-6.3266079999999345,0],[106.95208200100008,-6.326564999999929,0],[106.95208700000005,-6.32617499999999,0],[106.95208561300002,-6.326126910999919,0],[106.95208400000007,-6.326070999000001,0],[106.95208300000007,-6.326032999999965,0],[106.95208340200011,-6.326032958999962,0],[106.95232993600008,-6.3260074709999845,0],[106.95311800000009,-6.325925999999994,0],[106.9538039990001,-6.325724999999972,0],[106.95395292700007,-6.325651591999938,0],[106.95408600000007,-6.325585999999928,0],[106.95441100000005,-6.3255069999999645,0],[106.9544640920001,-6.3254847819999025,0],[106.95459500000008,-6.3254299999998995,0],[106.95508065500003,-6.325212470999931,0],[106.95581399900004,-6.324883999999932,0],[106.95615500000011,-6.324752999999928,0],[106.95616727900006,-6.324734903999941,0],[106.95617399999999,-6.324724999999921,0],[106.95631000000006,-6.32452699999997,0],[106.95637200000003,-6.324423999999974,0],[106.95647955700005,-6.324360175000022,0],[106.95655399900008,-6.32431599999992,0],[106.95689800000012,-6.324273000999915,0],[106.95702517000008,-6.324235447000005,0],[106.957046791,-6.3242290620000094,0],[106.95704700000002,-6.3242289999999155,0],[106.9572282330001,-6.324101805999961,0],[106.95748300100003,-6.323923000999999,0],[106.95751697200009,-6.32388627399998,0],[106.95766800000006,-6.323722999999971,0],[106.95775596200005,-6.3235360809999595,0],[106.95775599800005,-6.323535998999953,0],[106.95791800000005,-6.323131999999921,0],[106.9580130000001,-6.322970999999923,0],[106.95819860700009,-6.322810365999954,0],[106.95828800000002,-6.322732999999948,0],[106.95864881200004,-6.322544245999962,0],[106.95878500000002,-6.322472999999929,0],[106.95944700000008,-6.322177999999946,0],[106.96012200000007,-6.32200199999995,0],[106.96055300000002,-6.321908999999982,0]]},"properties":{}},{"type":"Feature","geometry":{"bbox":[107.00189400000004,-6.247172999999973,107.01016100000007,-6.238703999999929],"type":"LineString","coordinates":[[107.01016100000007,-6.247172999999973,0],[107.01011539800002,-6.247142998999978,0],[107.01008500000009,-6.247123001000011,0],[107.01006317700006,-6.247108866999996,0],[107.00998000000001,-6.247054999999891,0],[107.00987178800003,-6.246984317999905,0],[107.0098070000001,-6.246941999999956,0],[107.00898600000002,-6.246347999999925,0],[107.00881362300005,-6.246210941999953,0],[107.00865900100005,-6.246087999999906,0],[107.00817999900003,-6.24565699999995,0],[107.00782000100008,-6.245363999999954,0],[107.00780130700005,-6.245348788999939,0],[107.00751400000009,-6.245114999999958,0],[107.00733548800005,-6.244957244999961,0],[107.00721300000005,-6.2448489999999754,0],[107.00717000000013,-6.244819999999974,0],[107.00714340400006,-6.244791283999996,0],[107.00703200000008,-6.244670999999903,0],[107.00669000000002,-6.244368000999968,0],[107.00610999900009,-6.243853998999983,0],[107.00542300000009,-6.243200999999955,0],[107.00531800000002,-6.243100999999941,0],[107.00479800100007,-6.242606999999923,0],[107.004531,-6.242325999999943,0],[107.00440261800013,-6.242162493999915,0],[107.00431900000005,-6.2420559989999855,0],[107.00431201,-6.2420362649999515,0],[107.00430199900006,-6.242008000999922,0],[107.00421318000008,-6.241766432999919,0],[107.0041199990001,-6.241512999999911,0],[107.0039730000001,-6.241297999999974,0],[107.00373300000005,-6.240946999999975,0],[107.00366600100001,-6.240848999999949,0],[107.00361057200006,-6.240776045999953,0],[107.00339400000007,-6.240490999999993,0],[107.00333447500012,-6.240421920999962,0],[107.00331300100004,-6.240397000999943,0],[107.0029370000001,-6.239953999999971,0],[107.00259446400008,-6.2395591819998995,0],[107.0021770000001,-6.2390779999999655,0],[107.00215099900008,-6.239031000999985,0],[107.0020191350001,-6.238864170999948,0],[107.00201900000008,-6.238864000000023,0],[107.00198800100009,-6.238823999999999,0],[107.00194507300009,-6.238769198999906,0],[107.00189402700005,-6.238704034999932,0],[107.00189400000004,-6.238703999999929,0]]},"properties":{}},{"type":"Feature","geometry":{"bbox":[107.03269600000007,-6.207736999999925,107.03269800502831,-6.207735387262071],"type":"LineString","coordinates":[[107.03269800502831,-6.207735387262071,0],[107.03269600000007,-6.207736999999925,0]]},"properties":{}},{"type":"Feature","geometry":{"bbox":[106.9712380000001,-6.303988928487781,106.97891000000001,-6.279914999999937],"type":"LineString","coordinates":[[106.97517100000009,-6.279914999999937,0],[106.97543015500013,-6.2800093389999265,0],[106.97563800000009,-6.2800849999999695,0],[106.97580680200012,-6.280112855999965,0],[106.97604400000003,-6.280151999999918,0],[106.97612123600003,-6.280157468999926,0],[106.97651000000003,-6.2801849999999835,0],[106.97697700000003,-6.280224000000013,0],[106.97697729500007,-6.280224002999924,0],[106.97732000000009,-6.280229999999976,0],[106.97765000100013,-6.280255999999996,0],[106.97773691800003,-6.2802709389999,0],[106.97784200000011,-6.280288999999884,0],[106.97798699900002,-6.280322999999944,0],[106.9781520000001,-6.280390999999975,0],[106.97826200000004,-6.280458999999917,0],[106.97875800000006,-6.280930999999979,0],[106.9788680600001,-6.281155556999996,0],[106.9788820000001,-6.281183999999952,0],[106.97891000000001,-6.281390000999943,0],[106.97890400000006,-6.281637000999952,0],[106.978884066,-6.2817949369999635,0],[106.97886499900002,-6.281946000999939,0],[106.97876300000011,-6.282262000999973,0],[106.97864751100006,-6.282453210999984,0],[106.97855099900006,-6.282612999999971,0],[106.9783260020001,-6.282826003000009,0],[106.97821665100011,-6.282891157999893,0],[106.97798699900002,-6.283028000999936,0],[106.97775100100004,-6.2831319999999256,0],[106.97763825900005,-6.28314243899999,0],[106.97758900000005,-6.283146999999923,0],[106.97733800000006,-6.283133000000008,0],[106.97713147200002,-6.283125103999977,0],[106.976998,-6.28312000099991,0],[106.97674700000002,-6.283120999999904,0],[106.97668194100005,-6.283120999999904,0],[106.97656999900002,-6.283120999999904,0],[106.97650234100011,-6.283130096999946,0],[106.97645099900004,-6.283136999999984,0],[106.97640265700004,-6.283156402999991,0],[106.97630400000004,-6.283195999999981,0],[106.97592100000006,-6.283536998999951,0],[106.97576162600011,-6.283738421999919,0],[106.97568600000007,-6.283833999999922,0],[106.97556693900007,-6.284003065999967,0],[106.97543600000007,-6.284188999999985,0],[106.97517200000009,-6.2846329999999515,0],[106.9749370000001,-6.28506199999992,0],[106.9748640000001,-6.285209999999909,0],[106.97485745700008,-6.285241496999939,0],[106.97482100100008,-6.285416999999983,0],[106.97485100000009,-6.285638000999972,0],[106.97490825400011,-6.28590823799995,0],[106.97492600000007,-6.285991999999952,0],[106.97500100100005,-6.28636100099993,0],[106.97510530700008,-6.286678345999986,0],[106.97516600000003,-6.286862999999899,0],[106.9752260000001,-6.287053999999982,0],[106.97528600000001,-6.2873789999999605,0],[106.9753020000001,-6.287732999999941,0],[106.97530699000006,-6.28777474500002,0],[106.975332,-6.287983999999925,0],[106.97532000000007,-6.288664000999967,0],[106.97524700000007,-6.288899999999954,0],[106.97509999900008,-6.28906299999994,0],[106.97486797800006,-6.2891286669999555,0],[106.974835,-6.289138000000017,0],[106.97483490800008,-6.289137984999927,0],[106.97447999900002,-6.289079999999926,0],[106.97414000000005,-6.288962999999926,0],[106.97382900000008,-6.288876000999922,0],[106.9735930000001,-6.288847000000009,0],[106.97341600000001,-6.288906999999911,0],[106.97341586200008,-6.288907099000008,0],[106.97320940400006,-6.289055708999959,0],[106.97320900000003,-6.289055999999983,0],[106.97296000000003,-6.289573000999949,0],[106.97275409400004,-6.289964965999962,0],[106.97271100000003,-6.290047000999911,0],[106.97256148400001,-6.290659320999948,0],[106.9722600000001,-6.2918939999999655,0],[106.97222268300004,-6.2921172539999635,0],[106.972087,-6.292928999999981,0],[106.9720184450001,-6.293248301999933,0],[106.97201400100009,-6.293268999999958,0],[106.9720194340001,-6.2933491549999285,0],[106.97203000000009,-6.293504999999945,0],[106.97213792600004,-6.2936657499999225,0],[106.97226700100006,-6.293857999999931,0],[106.97294900100009,-6.29450600099999,0],[106.97336707200004,-6.294824255999943,0],[106.97352700000005,-6.294945999999891,0],[106.97373678700008,-6.295194374999925,0],[106.973912999,-6.295402999999956,0],[106.97412100000008,-6.2957859999999375,0],[106.97417256100007,-6.295952466999944,0],[106.97422600000006,-6.29612499999992,0],[106.97422700000006,-6.296420000999904,0],[106.97422721900007,-6.296494475999937,0],[106.97422900000004,-6.297099999999945,0],[106.97407070100009,-6.29735827699991,0],[106.97403900000005,-6.2974099999999265,0],[106.97403890800004,-6.297410053999931,0],[106.97391167400008,-6.297485172999929,0],[106.97368500000006,-6.2976189999999,0],[106.97322522800003,-6.297801376999891,0],[106.97278500000003,-6.2979759999999505,0],[106.97163500000009,-6.298393999999986,0],[106.9713990000001,-6.2984979999999755,0],[106.97139866500007,-6.298498440999923,0],[106.97125200000002,-6.298690998999957,0],[106.9712380000001,-6.298898000999943,0],[106.97127602700004,-6.2989547829999335,0],[106.9713860000001,-6.299118998999932,0],[106.97166700000007,-6.29927999999993,0],[106.97215500000003,-6.299366999999934,0],[106.972344552,-6.29937662000002,0],[106.97268700000009,-6.299393999999948,0],[106.97293800000007,-6.299407999999952,0],[106.97316000000005,-6.299466000999955,0],[106.97322570100008,-6.299536867999956,0],[106.97333800000004,-6.299657999999942,0],[106.9734257250001,-6.2998542050000115,0],[106.9735620000001,-6.300158999999917,0],[106.97372600000008,-6.300674999999979,0],[106.97372602200008,-6.300675128999989,0],[106.97381599900007,-6.301118000999951,0],[106.9738937380001,-6.301321847999942,0],[106.97390600300005,-6.301353997999938,0],[106.97400985200002,-6.301515768999911,0],[106.97401000000004,-6.30151600099993,0],[106.97412800000004,-6.301618999999926,0],[106.97440973100008,-6.301794827999997,0],[106.97441,-6.301795000000011,0],[106.97442942400002,-6.301804570999915,0],[106.97461700000008,-6.301896999999924,0],[106.97482400100007,-6.3020440000000075,0],[106.97482428800001,-6.302044284999942,0],[106.97500199900006,-6.302220998999909,0],[106.97504518300008,-6.3023270379998895,0],[106.97509200000003,-6.302441999999898,0],[106.97510303600006,-6.302567079999944,0],[106.97512200000003,-6.302782000999963,0],[106.97500500000004,-6.30301799899995,0],[106.97482799900004,-6.303136998999937,0],[106.97467232100004,-6.303183174999939,0],[106.97447400000006,-6.303241999999921,0],[106.97377999900002,-6.303347999999987,0],[106.97347223500013,-6.303410554000012,0],[106.97341100000004,-6.303422999999976,0],[106.97313100000005,-6.303526998999965,0],[106.97270400000008,-6.303749999999942,0],[106.972379,-6.303914000999923,0],[106.97230903900008,-6.303942555999976,0],[106.9722320000001,-6.303973999999913,0],[106.97211457138572,-6.303988928487781,0]]},"properties":{}},{"type":"Feature","geometry":{"bbox":[106.99632199900006,-6.204422999999993,107.01133600000013,-6.196506999999963],"type":"LineString","coordinates":[[107.01132400000002,-6.196506999999963,0],[107.011194,-6.196663999999986,0],[107.01117439300008,-6.196693575999946,0],[107.0110760000001,-6.19684199999997,0],[107.01097505300001,-6.197015990999978,0],[107.01095300000006,-6.197054000000014,0],[107.01089970500009,-6.197140652999989,0],[107.01081400000001,-6.197279999999973,0],[107.01077188100008,-6.197359310999962,0],[107.01072000000005,-6.197456999999963,0],[107.01062200000011,-6.1976500009999445,0],[107.01047499900002,-6.197990999999915,0],[107.01034199900003,-6.198484999999932,0],[107.01034150000008,-6.198534928999978,0],[107.01034000000004,-6.19868499999996,0],[107.01037999900007,-6.198776999999934,0],[107.01041124200007,-6.198854566999957,0],[107.01043799900008,-6.198920998999947,0],[107.01055800000006,-6.1990149999999975,0],[107.01065600000008,-6.199051000999956,0],[107.01077600000006,-6.199080999999952,0],[107.01095000000007,-6.199133999999985,0],[107.01111100000007,-6.199206000999903,0],[107.01121800000004,-6.199273999999933,0],[107.01131500000007,-6.199350999999998,0],[107.0113217680001,-6.199402240999975,0],[107.01133600000013,-6.199510000000009,0],[107.01128103400002,-6.199692305999994,0],[107.01127600000004,-6.199708999999954,0],[107.01127591400004,-6.1997094129998995,0],[107.01122500000008,-6.199943999999947,0],[107.01114900000002,-6.2002159999999815,0],[107.0110480000001,-6.20064999999992,0],[107.01086699900013,-6.2010739999999185,0],[107.01073978500008,-6.201218936000009,0],[107.01066600000011,-6.201302999999948,0],[107.01030110500002,-6.201481204999949,0],[107.01027900000007,-6.201491999999954,0],[107.01015740400004,-6.201526741999986,0],[107.00972600000004,-6.2016499989999705,0],[107.009194,-6.201757999999936,0],[107.00863500000011,-6.201963998999927,0],[107.00815400100001,-6.202249999999966,0],[107.00773500000007,-6.202502000999944,0],[107.00699499700004,-6.2031169969999365,0],[107.00647999900006,-6.203572999999919,0],[107.00610200000004,-6.203922000000018,0],[107.00558900000006,-6.204422999999993,0],[107.0054950000001,-6.204390999999921,0],[107.005232,-6.204300999999935,0],[107.00507500000008,-6.204224999999953,0],[107.00481700000005,-6.20409399999995,0],[107.00453900000004,-6.2039539999999125,0],[107.004238,-6.20378699999995,0],[107.00418675600012,-6.203758450999986,0],[107.00409799900005,-6.20370899999998,0],[107.00396964700009,-6.203646188999935,0],[107.00386300100007,-6.203593999999969,0],[107.00319409000005,-6.203265076999932,0],[107.00295600000007,-6.203147999999926,0],[107.00286679900006,-6.203104244999947,0],[107.00248100000003,-6.202914999999921,0],[107.00247793700004,-6.2029131619999465,0],[107.00247600000006,-6.202911999999939,0],[107.00193100000008,-6.202650999999927,0],[107.00188674200007,-6.202629883999956,0],[107.00166900000008,-6.202525999999976,0],[107.00145100000007,-6.202471999999949,0],[107.00123618500005,-6.202384617999913,0],[107.0010380000001,-6.202303999999993,0],[107.0008760000001,-6.20223799899995,0],[107.00081665200007,-6.202204834999959,0],[107.00070600000006,-6.202142999999994,0],[107.00048900000006,-6.201982999999901,0],[106.9999990000001,-6.2016619999999865,0],[106.99953807100006,-6.201359726999934,0],[106.99911000000009,-6.201078999999977,0],[106.998991,-6.201001000000007,0],[106.99895402400006,-6.2009805129999105,0],[106.99884300000011,-6.200918999999972,0],[106.99869580000009,-6.200835799999927,0],[106.99865900000007,-6.200814999999983,0],[106.99843300000002,-6.200669000999982,0],[106.99803699900012,-6.200426000999949,0],[106.99803688700011,-6.200425931999943,0],[106.99790200000005,-6.2003410009999325,0],[106.99726400000011,-6.19993699999999,0],[106.99724939900005,-6.199929698999918,0],[106.99718200000008,-6.199895998999972,0],[106.99713548600005,-6.199873327999962,0],[106.9970630000001,-6.1998379999999695,0],[106.99686793400012,-6.199740924999931,0],[106.99685000000005,-6.199731999999903,0],[106.99649654400012,-6.199626900999911,0],[106.99632199900006,-6.199575000999969,0]]},"properties":{}},{"type":"Feature","geometry":{"bbox":[106.89818443500012,-6.397194532238194,106.89818551802037,-6.39719303999995],"type":"LineString","coordinates":[[106.89818551802037,-6.397194532238194,0],[106.89818443500012,-6.39719303999995,0]]},"properties":{}},{"type":"Feature","geometry":{"bbox":[106.97600700000007,-6.248432998999954,106.9924270000001,-6.246859000000017],"type":"LineString","coordinates":[[106.9924270000001,-6.246859000000017,0],[106.9924268060001,-6.246859097999936,0],[106.99188200000005,-6.247133999999944,0],[106.99154199900008,-6.247285998999908,0],[106.99119099900007,-6.24739599799995,0],[106.99119094000007,-6.247396011999951,0],[106.99080500000011,-6.247466999999963,0],[106.99072364900005,-6.247485981999935,0],[106.99056500000006,-6.247522999999978,0],[106.99026822900002,-6.247590798999992,0],[106.99006600000007,-6.247636999999907,0],[106.98923300000007,-6.247849999999945,0],[106.9891454170001,-6.247868637999977,0],[106.98865499900003,-6.247972999999908,0],[106.98853999900011,-6.2479970009999395,0],[106.98835000100011,-6.248049002999979,0],[106.9883498830001,-6.248049035999982,0],[106.98787800000005,-6.248178999999899,0],[106.98765700000006,-6.24824199999996,0],[106.98729682000001,-6.2483132589999055,0],[106.98710100000007,-6.248352000999914,0],[106.98665476200009,-6.2484000649999825,0],[106.9863490000001,-6.248432998999954,0],[106.98634515400005,-6.248432572999919,0],[106.98634000000007,-6.24843200099996,0],[106.98483900000004,-6.248379999999921,0],[106.98437800000009,-6.248349999999926,0],[106.98431900100009,-6.24834599999995,0],[106.98331700000006,-6.248242999999954,0],[106.98288746000013,-6.248199169999969,0],[106.9826800000001,-6.248178000999905,0],[106.98213100000007,-6.248108999999969,0],[106.98201600000006,-6.248100000999935,0],[106.98178300000005,-6.2480849999999375,0],[106.9817235400001,-6.2480764119999375,0],[106.98169299900006,-6.2480720000000165,0],[106.98158697200009,-6.248057663999896,0],[106.9813380000001,-6.248023999999953,0],[106.98115662300009,-6.247998492999974,0],[106.98101800000008,-6.24797899999996,0],[106.98098900000008,-6.247974999999984,0],[106.98057100000004,-6.247936000999955,0],[106.98012200000002,-6.247893999999944,0],[106.97994099100005,-6.247877804999936,0],[106.97974200000002,-6.247859999999973,0],[106.97970755600001,-6.247856555999954,0],[106.97965200000003,-6.2478509999999385,0],[106.97807600000002,-6.247674999999942,0],[106.9779619460001,-6.2476622769999555,0],[106.97782500000004,-6.247646999999935,0],[106.97770283700005,-6.247632492999978,0],[106.97766500000003,-6.2476279999999615,0],[106.9773554940001,-6.247592062000008,0],[106.97735500000005,-6.247592000999914,0],[106.97701800000006,-6.247569000999965,0],[106.97652999900001,-6.247578999999993,0],[106.97651268100007,-6.247579365999934,0],[106.97624600100004,-6.247584999999956,0],[106.97605100000007,-6.247588999999932,0],[106.97602728300006,-6.247590616999977,0],[106.97600744500002,-6.24759197,0],[106.97600700000007,-6.247591999999914,0]]},"properties":{}},{"type":"Feature","geometry":{"bbox":[106.96203499900008,-6.329704432811601,106.96203579879177,-6.329703999999948],"type":"LineString","coordinates":[[106.96203499900008,-6.329703999999948,0],[106.96203579879177,-6.329704432811601,0]]},"properties":{}},{"type":"Feature","geometry":{"bbox":[106.94916800000003,-6.310477001000004,106.96129900000003,-6.278459000999904],"type":"LineString","coordinates":[[106.95038100000002,-6.310477001000004,0],[106.9503807190001,-6.310476564999968,0],[106.95013200000002,-6.310091000999952,0],[106.95003328700004,-6.309716603999972,0],[106.95002099900009,-6.309669999999935,0],[106.95004300000004,-6.30938000000001,0],[106.95015800000004,-6.309057999999924,0],[106.95026300000004,-6.3087619999999465,0],[106.95023267100001,-6.30862834799999,0],[106.95020400000004,-6.308502000000017,0],[106.95014100900006,-6.308442106999946,0],[106.95008200000007,-6.308385999999922,0],[106.94987900000005,-6.308241999999909,0],[106.94977200000008,-6.307939999999968,0],[106.94974990600012,-6.307792524000023,0],[106.94973200000007,-6.307672999999992,0],[106.94971278300007,-6.307566309999958,0],[106.94970300000006,-6.307511999999994,0],[106.94966700000002,-6.307302999999932,0],[106.94967670700002,-6.307101098999924,0],[106.94968200000001,-6.306990999999963,0],[106.94968700100007,-6.306549999999978,0],[106.94990900000005,-6.305823000999956,0],[106.94988257900009,-6.305818138999909,0],[106.94962100000002,-6.305769999999923,0],[106.94940000000013,-6.305729999999899,0],[106.94928408000004,-6.305714010999997,0],[106.94916800000003,-6.305697999999916,0],[106.94916806900004,-6.30569782199999,0],[106.94917499800007,-6.305680022999939,0],[106.94922600000002,-6.3055489999999335,0],[106.94924500000009,-6.305239999999946,0],[106.94925700000002,-6.305044000999983,0],[106.94928100000006,-6.304565999999957,0],[106.94936600000007,-6.304119999999914,0],[106.9494040000001,-6.303995999999957,0],[106.94945300000008,-6.303696999999909,0],[106.94951113100008,-6.303388771999986,0],[106.94953900000009,-6.303240999999927,0],[106.94960192200004,-6.303066214999943,0],[106.94960200000006,-6.303065999999925,0],[106.94966144000009,-6.303022329999953,0],[106.94979800000002,-6.3029219990000005,0],[106.94980769400011,-6.302800291999967,0],[106.94982500000003,-6.302582999999929,0],[106.94987600000007,-6.302338999999991,0],[106.94997900100007,-6.302317999999941,0],[106.95015100000009,-6.302306999999919,0],[106.95033500000004,-6.302264999999997,0],[106.95038090300002,-6.3021875399999825,0],[106.95038300000002,-6.302183999999956,0],[106.95040157800004,-6.302030378999946,0],[106.9504870010001,-6.301323999999942,0],[106.95050028000013,-6.301216772999952,0],[106.95051400000001,-6.301105999999935,0],[106.95053500000007,-6.300861999999908,0],[106.95037929700007,-6.300797482999899,0],[106.9503540000001,-6.30078699999992,0],[106.95035400200001,-6.300786953999916,0],[106.95035900000008,-6.300610999999924,0],[106.95038154800007,-6.300365223999927,0],[106.95040900000004,-6.30006600099995,0],[106.95048200000012,-6.2996770010000045,0],[106.95050184900008,-6.299540210999966,0],[106.95052799900012,-6.299359999999977,0],[106.95056900000013,-6.299001999999932,0],[106.95058111800006,-6.298926263999972,0],[106.95059700000004,-6.29882699899993,0],[106.95063499999999,-6.298596000000002,0],[106.9506630010001,-6.297884999999971,0],[106.95090400000005,-6.296101999999971,0],[106.9509787310001,-6.295671272999948,0],[106.951086,-6.295052999999951,0],[106.95143100000004,-6.294614999999949,0],[106.95176094700007,-6.29434140799996,0],[106.95179400000005,-6.294314001000002,0],[106.95299197100006,-6.293770013999934,0],[106.95299199900006,-6.293769998999933,0],[106.95408300000008,-6.293036999999947,0],[106.95461370100013,-6.292687984999935,0],[106.95526599900009,-6.292258999999968,0],[106.95527731300005,-6.292152130000007,0],[106.95532200100011,-6.291729998999896,0],[106.95537306100007,-6.291377286999934,0],[106.95538699900007,-6.291280999999961,0],[106.955402334,-6.291234035999894,0],[106.9554829370001,-6.290987188999987,0],[106.9554830000001,-6.290986998999971,0],[106.9556450000001,-6.291055999999996,0],[106.95569092800008,-6.291076279999986,0],[106.95572200000008,-6.291089999999967,0],[106.95582900000005,-6.291135999999954,0],[106.95636400000008,-6.291383999999956,0],[106.95650611400002,-6.291445247999961,0],[106.95666100000005,-6.291511999999978,0],[106.95745665900007,-6.291855855999918,0],[106.95745699900002,-6.29185600299993,0],[106.95795672300005,-6.29207188199994,0],[106.95795700000008,-6.29207200099995,0],[106.95803804400003,-6.292041730999932,0],[106.95812261400002,-6.292010144999983,0],[106.95812300000004,-6.292010000999971,0],[106.95826600100007,-6.29168200000001,0],[106.95830390500001,-6.291525593999948,0],[106.95836100000011,-6.291289999999906,0],[106.95860499900004,-6.290287999999956,0],[106.95860692800004,-6.290283501999939,0],[106.95860800000013,-6.29028100099991,0],[106.95875100000005,-6.289842000000002,0],[106.95881633400003,-6.289716047999972,0],[106.95884800000009,-6.289655000999984,0],[106.95889683600004,-6.28959675099996,0],[106.95901399900005,-6.289456999999944,0],[106.9590242780001,-6.289444039999937,0],[106.9590370000001,-6.289427998999942,0],[106.95916218100005,-6.2893074739999175,0],[106.95927900000004,-6.289194999999937,0],[106.95951200000005,-6.28895099999991,0],[106.95973100000005,-6.2884230000000105,0],[106.95981072700008,-6.288187363999965,0],[106.95982100000003,-6.28815700099994,0],[106.95982322700004,-6.28811596899992,0],[106.95982800100008,-6.288027999999924,0],[106.95983400000004,-6.287906999999949,0],[106.95985100000011,-6.287575998999918,0],[106.9598862920001,-6.287300718999967,0],[106.9599860000001,-6.286522999999923,0],[106.9600107350001,-6.286333054999927,0],[106.96003900100004,-6.286115999999909,0],[106.96007270000007,-6.285851216999939,0],[106.96008100100005,-6.285785999999961,0],[106.96010499900008,-6.285698999999957,0],[106.96012760600009,-6.285618318999942,0],[106.96016300000008,-6.285491999999971,0],[106.96022000000009,-6.285288000999968,0],[106.9602608870001,-6.285141930999961,0],[106.96035799900005,-6.284794999999944,0],[106.96039474100007,-6.284654440999949,0],[106.96046700000001,-6.284377999999991,0],[106.96046884400008,-6.284370626999914,0],[106.96046900000009,-6.284369999999951,0],[106.96049195400003,-6.284298715000004,0],[106.96061100000011,-6.283928999999967,0],[106.96061279100009,-6.283910367999935,0],[106.96061600000009,-6.2838769999999275,0],[106.96064000000003,-6.283648999999981,0],[106.96066500000005,-6.283412999999905,0],[106.96061200000011,-6.2833090000000045,0],[106.96052517600003,-6.28316642100002,0],[106.9604080000001,-6.282973999999998,0],[106.96037905000011,-6.282873365999931,0],[106.96036600000009,-6.282827999999908,0],[106.96036874100005,-6.28267632299997,0],[106.96036900000007,-6.28266199999994,0],[106.96038303800009,-6.282597950999969,0],[106.96043300100004,-6.282369999999938,0],[106.96049815000002,-6.282123432999965,0],[106.96056300000005,-6.2818780009999085,0],[106.960628941,-6.281659303999932,0],[106.9607020000001,-6.281416999999957,0],[106.96075200200006,-6.281095999999954,0],[106.96079400000006,-6.280823000999925,0],[106.96079999800013,-6.280784869999968,0],[106.96082200100008,-6.280644999999941,0],[106.96090500000011,-6.280271999999988,0],[106.96093268200009,-6.280146458999992,0],[106.96097600000012,-6.279949999999902,0],[106.96116500000004,-6.279100999999999,0],[106.96121799900007,-6.278844999999956,0],[106.96128326300006,-6.2785339949999805,0],[106.9612989080001,-6.27845944099994,0],[106.96129900000003,-6.278459000999904,0]]},"properties":{}},{"type":"Feature","geometry":{"bbox":[106.99110700000006,-6.221913999000007,107.00916600000008,-6.215338999999998],"type":"LineString","coordinates":[[106.99110700000006,-6.220591999999959,0],[106.99355164300009,-6.221105387999982,0],[106.99682599900011,-6.221792999999943,0],[106.99720100000005,-6.221883999999923,0],[106.99734300000007,-6.221898999999921,0],[106.99749100000007,-6.221913999000007,0],[106.99763034000004,-6.221887282999928,0],[106.99783000000005,-6.221849000999958,0],[106.99837998200007,-6.221788164999987,0],[106.99849900100007,-6.221774999999964,0],[106.9999990000001,-6.221759999999966,0],[107.00024000000006,-6.221624999999987,0],[107.00047600000005,-6.221437999999969,0],[107.0005077230001,-6.2213901339999165,0],[107.00064500000008,-6.22118299999992,0],[107.0007140000001,-6.221013000999976,0],[107.00087400000011,-6.220679000999963,0],[107.00092395700007,-6.220544740999957,0],[107.00098600000005,-6.220377999999927,0],[107.001156,-6.219951999999941,0],[107.00117372500004,-6.219896924999913,0],[107.00126800100011,-6.219603999999924,0],[107.00139300000006,-6.219249999999944,0],[107.00164099900007,-6.218693999999948,0],[107.00169275300009,-6.218616966999969,0],[107.001901,-6.218306999999902,0],[107.00217000000005,-6.217899999999888,0],[107.0024400010001,-6.217678998999899,0],[107.00284500000004,-6.217474999999984,0],[107.0030926060001,-6.21734350399994,0],[107.00319900000001,-6.217286999999972,0],[107.00331236500007,-6.217229436999917,0],[107.00358500000007,-6.217091001000009,0],[107.00379814000011,-6.216947362999937,0],[107.00381500000009,-6.216936000999974,0],[107.00381862500004,-6.2169336439999565,0],[107.00385500000003,-6.216909999999954,0],[107.00388700000009,-6.216961999999993,0],[107.00394900000008,-6.21701299999995,0],[107.00394917900009,-6.217012951999946,0],[107.00408300000007,-6.216976999999902,0],[107.0041489450001,-6.216946613999964,0],[107.00418500000006,-6.2169299999999215,0],[107.00435316300012,-6.216850647999928,0],[107.00450500000007,-6.216778999999951,0],[107.00477596600011,-6.21663502299994,0],[107.00477600200011,-6.216635002999938,0],[107.00480200000004,-6.21662000099994,0],[107.0048060000001,-6.2166179999999525,0],[107.00484859600007,-6.216593729999987,0],[107.00497800000004,-6.216519999999926,0],[107.00497900000003,-6.216518999999932,0],[107.00524039400008,-6.216388531999973,0],[107.00555200000011,-6.216233000999983,0],[107.00566400000004,-6.216198999999923,0],[107.00567158700005,-6.216196977000022,0],[107.00569400000003,-6.216191000999972,0],[107.0063290000001,-6.215876000000021,0],[107.00658800000011,-6.215741999999947,0],[107.00732070800008,-6.215388564999925,0],[107.00738200000008,-6.215358999999966,0],[107.00744300000007,-6.215338999999998,0],[107.00774000000004,-6.215393999999931,0],[107.00793111900005,-6.215484570999964,0],[107.00798900000004,-6.215512001000013,0],[107.00820500000006,-6.215575999999979,0],[107.00823060300004,-6.215583668999992,0],[107.0084320000001,-6.215643999999921,0],[107.0085844340001,-6.215686553999978,0],[107.00867200000006,-6.215710999999958,0],[107.00878787800005,-6.215726713000015,0],[107.00884900000005,-6.215734999999901,0],[107.008899957,-6.215741694999922,0],[107.00898600000002,-6.215752999999969,0],[107.00901737900004,-6.21576433099993,0],[107.00916581700007,-6.215817934000013,0],[107.00916600000008,-6.2158179999999295,0]]},"properties":{}},{"type":"Feature","geometry":{"bbox":[106.99070400000001,-6.258095999999936,106.99310800000006,-6.246859000000017],"type":"LineString","coordinates":[[106.99310800000006,-6.258095999999936,0],[106.99296500000013,-6.257996999999916,0],[106.99285100000012,-6.257922999999922,0],[106.99247599900008,-6.257678999999984,0],[106.99183934800007,-6.257278218999952,0],[106.99183900000004,-6.257277999999934,0],[106.9918171850001,-6.257261101999957,0],[106.99176800000004,-6.257222999999913,0],[106.99161400000008,-6.257104000000014,0],[106.99158436100002,-6.257081252999997,0],[106.99152800000007,-6.257037999999971,0],[106.9914135660001,-6.25694459699997,0],[106.99134300000013,-6.256886999999912,0],[106.99104200000009,-6.2565129999999645,0],[106.99102367500008,-6.256478406999944,0],[106.99094400000007,-6.256328000999934,0],[106.99090340300008,-6.256245405999939,0],[106.99085700000006,-6.256150999999944,0],[106.99081500000005,-6.2560670000000105,0],[106.99073199800002,-6.255626000999937,0],[106.99071884900009,-6.255411355999941,0],[106.99070400000001,-6.255168999999961,0],[106.99094300000007,-6.253964999999907,0],[106.99097100000007,-6.253826999999946,0],[106.99101138500005,-6.253653651999992,0],[106.99103599900003,-6.253547999999954,0],[106.99107800000004,-6.2533450009999445,0],[106.99110714700006,-6.253219063000005,0],[106.99113099900008,-6.253116000000004,0],[106.99126699900006,-6.252452999999948,0],[106.99133163500008,-6.252239877999989,0],[106.9913780000001,-6.2520869999999515,0],[106.99148199900009,-6.251608000999932,0],[106.99148900000004,-6.251574999999955,0],[106.99161600300006,-6.251038000999932,0],[106.99162270300009,-6.250999538999947,0],[106.99165800000007,-6.2507969999999755,0],[106.99165981700006,-6.250785495999912,0],[106.99166100000006,-6.250778000000002,0],[106.99187000100004,-6.249999999999934,0],[106.99193556200004,-6.249757987999983,0],[106.99195100000007,-6.249700999999975,0],[106.9920190000001,-6.249449999999991,0],[106.99208489300005,-6.249130852999963,0],[106.99213400000012,-6.248892999999912,0],[106.99220800000002,-6.248538999999932,0],[106.99229700000011,-6.247859000999979,0],[106.99231244300005,-6.2477413139999225,0],[106.99232600000002,-6.247637999999901,0],[106.99232764800006,-6.247623599999953,0],[106.9923409990001,-6.2475070009999865,0],[106.99236725900005,-6.247467610999925,0],[106.99239899900002,-6.247419998999893,0],[106.99240400000008,-6.247311999999928,0],[106.99239800000002,-6.247133999999944,0],[106.99239500000004,-6.247044999999952,0],[106.9924270000001,-6.246859000000017,0]]},"properties":{}},{"type":"Feature","geometry":{"bbox":[107.00218100000008,-6.342645000999903,107.00403100000003,-6.332256999999975],"type":"LineString","coordinates":[[107.00266100000009,-6.342645000999903,0],[107.00292600100008,-6.342618000999979,0],[107.00308704800008,-6.342548278999983,0],[107.00308963800002,-6.342547154999979,0],[107.00309000000006,-6.342547000999966,0],[107.00318463300007,-6.342471292999919,0],[107.00322500000003,-6.342439000000001,0],[107.00323274500005,-6.342428351000008,0],[107.00324100000003,-6.342416999999957,0],[107.00327273000008,-6.342371582999929,0],[107.00329200000007,-6.342343999999956,0],[107.00330689400006,-6.342257518999906,0],[107.00332300000007,-6.342163999999984,0],[107.00333500100008,-6.342091999999978,0],[107.00339996900003,-6.341735166999941,0],[107.00340000000004,-6.341735000000016,0],[107.00341101600006,-6.341715650999925,0],[107.00347799900001,-6.34159799999996,0],[107.00361248000003,-6.341363199999895,0],[107.0037260000001,-6.341164999999927,0],[107.00376498500003,-6.341097699999954,0],[107.00382100000006,-6.341000999999947,0],[107.00387189000008,-6.340884549999904,0],[107.00393200000009,-6.340746999999981,0],[107.00396592700005,-6.340671317999936,0],[107.00398400000005,-6.340630999999975,0],[107.00402400000006,-6.340445999999945,0],[107.00401700000002,-6.340245001000012,0],[107.00401545600006,-6.340204327000022,0],[107.00401400000004,-6.340166000999959,0],[107.0040104070001,-6.340011515999967,0],[107.00400299900011,-6.339692999999992,0],[107.00400043000006,-6.339600989999928,0],[107.00399800000004,-6.339513999999925,0],[107.00401300000004,-6.3392949999999235,0],[107.00398500000003,-6.338864999999961,0],[107.0038000000001,-6.33834399999993,0],[107.00375314400013,-6.338208638999921,0],[107.00369200000004,-6.338031999999961,0],[107.0036422410001,-6.337992988999931,0],[107.00356700100009,-6.337933999999935,0],[107.00328500000002,-6.337750998999981,0],[107.0029863250001,-6.337569691999901,0],[107.00294400000006,-6.337543999999996,0],[107.00291908700004,-6.337527551999967,0],[107.00273799900006,-6.337407999999934,0],[107.0026976980001,-6.337344399000001,0],[107.0026740000001,-6.337306999999926,0],[107.00271000000005,-6.337187999999939,0],[107.00273559400004,-6.337097571999918,0],[107.00277000100004,-6.336975999999895,0],[107.00276258200006,-6.336944403999945,0],[107.00274300000004,-6.336860999999972,0],[107.00262922400012,-6.3367122150000075,0],[107.00257400100008,-6.336639998999983,0],[107.00238125600004,-6.336426657999917,0],[107.00218112000009,-6.336205132999973,0],[107.00218100000008,-6.336204999999962,0],[107.00220300000002,-6.336096999999908,0],[107.00227800000002,-6.336027999999972,0],[107.00241376500006,-6.335963545999968,0],[107.00257500000008,-6.335886999999941,0],[107.00265631600006,-6.335837761999953,0],[107.00268399900004,-6.335820999999987,0],[107.00280000000004,-6.335686999999913,0],[107.00282400000007,-6.3356469999999785,0],[107.00338600000003,-6.334710999999983,0],[107.00346797000006,-6.334351133999961,0],[107.00346800100007,-6.33435100099995,0],[107.00347853500006,-6.3343417159998925,0],[107.00352700000006,-6.334298999999911,0],[107.00367500000006,-6.334120999999927,0],[107.00370047200003,-6.334085388999911,0],[107.00377800000005,-6.333976999999914,0],[107.00385938800012,-6.333800587999972,0],[107.00396900000004,-6.333562999999943,0],[107.00399600100006,-6.3334459999999435,0],[107.00399700000006,-6.333440000999891,0],[107.00394313000004,-6.333339777999948,0],[107.00391100000004,-6.333279999999975,0],[107.00388931000002,-6.333245371999952,0],[107.00385401800013,-6.333189026999909,0],[107.00385400000003,-6.333188999999907,0],[107.00391200000003,-6.332804999999931,0],[107.00403096500011,-6.332257162999989,0],[107.00403100000003,-6.332256999999975,0]]},"properties":{}},{"type":"Feature","geometry":{"bbox":[106.91610739229887,-6.353430998999988,106.92711700000011,-6.34504699999996],"type":"LineString","coordinates":[[106.92711700000011,-6.34504699999996,0],[106.92709414900008,-6.345086740999962,0],[106.92709400000007,-6.3450869999999835,0],[106.92704406000011,-6.345119698999936,0],[106.92692600000002,-6.345197000999937,0],[106.92683255700011,-6.345253403999985,0],[106.92670400000013,-6.345331001000011,0],[106.92669022900006,-6.345338746999941,0],[106.92668800000004,-6.345339999999956,0],[106.92668786000003,-6.34534016699997,0],[106.92659866400002,-6.345446251999954,0],[106.92651900000001,-6.345540999999978,0],[106.9264009670001,-6.345667728999983,0],[106.92632899900009,-6.345745000999981,0],[106.92622400000002,-6.345879000999966,0],[106.92601100100008,-6.3462890009999615,0],[106.92585400000006,-6.3465220009999666,0],[106.92566814200003,-6.346767077999994,0],[106.92565000000005,-6.34679100099993,0],[106.92526100000002,-6.346770999999963,0],[106.92500299900007,-6.346766999999987,0],[106.92498564200005,-6.346767000999899,0],[106.92497600000006,-6.346766999999987,0],[106.92494130800011,-6.346762043999933,0],[106.9249409990001,-6.346761999999929,0],[106.92473300000003,-6.346733000000016,0],[106.92455048200011,-6.346722084000001,0],[106.92431500000008,-6.346707999999991,0],[106.92417943500006,-6.346701997999938,0],[106.92404399900003,-6.346696000999975,0],[106.9229960000001,-6.346647000000006,0],[106.92261841700012,-6.346645438999966,0],[106.92251200000003,-6.346644999000018,0],[106.92251199800002,-6.34664512399994,0],[106.92251110800004,-6.346763174999937,0],[106.92250799900005,-6.347174999999906,0],[106.92246367700002,-6.347672139999917,0],[106.92241100000011,-6.348262999999955,0],[106.92240799900013,-6.348296000999932,0],[106.92239328000007,-6.348370976999918,0],[106.92234400100007,-6.3486219999999935,0],[106.92226800000009,-6.34901399999992,0],[106.92226619900002,-6.349188695999986,0],[106.9222650010001,-6.349304999999928,0],[106.92224100000007,-6.3498129999999495,0],[106.92222440900012,-6.350149336999978,0],[106.92221900200012,-6.350258949999988,0],[106.92221900000003,-6.3502589999999035,0],[106.92214600000003,-6.350430999999924,0],[106.9219589990001,-6.350797998999914,0],[106.92193927300006,-6.3508356609999215,0],[106.92193700000006,-6.350839999999925,0],[106.92187041000005,-6.350995521999915,0],[106.92147200000004,-6.351925999999898,0],[106.92122700000002,-6.352495999999986,0],[106.92083800000007,-6.353362999999957,0],[106.9208157890001,-6.353423411999893,0],[106.92081310300006,-6.353430718999965,0],[106.92081300000005,-6.353430998999988,0],[106.92051426300011,-6.353283783999887,0],[106.92011900000008,-6.353088999999935,0],[106.92051499899999,-6.350996999999948,0],[106.92055999900008,-6.3508809999999425,0],[106.920732,-6.350320999999971,0],[106.92069600000005,-6.3500919999999415,0],[106.92065722800004,-6.350024313999937,0],[106.92063700000006,-6.349988999999946,0],[106.92061487100008,-6.349938917999976,0],[106.92059900000001,-6.3499029999999355,0],[106.92058151800008,-6.349832196999939,0],[106.92057900000005,-6.349821999999984,0],[106.92061140000007,-6.349467339999949,0],[106.92061598900008,-6.349416998999958,0],[106.92047100000008,-6.349398999999979,0],[106.92037840300006,-6.349387101999971,0],[106.9202920000001,-6.349375999999941,0],[106.92009000000009,-6.349327999999966,0],[106.91990241400002,-6.3492741269999495,0],[106.91990200000008,-6.349273999999939,0],[106.91988268000007,-6.349165811999958,0],[106.91987199900008,-6.349105999999983,0],[106.919833494,-6.348945554999942,0],[106.91981808900006,-6.34888137199996,0],[106.91981800000005,-6.3488810009999295,0],[106.919707831,-6.3488810009999295,0],[106.91965200000008,-6.3488810009999295,0],[106.91923199900006,-6.348843000999983,0],[106.91885100000007,-6.348824001000009,0],[106.9188438510001,-6.34882781299997,0],[106.91883600000007,-6.348831999999961,0],[106.91874900000006,-6.348882999999917,0],[106.91874896500006,-6.348883161999931,0],[106.91873700100005,-6.348936999999944,0],[106.91875300000004,-6.349087999999915,0],[106.91837199900004,-6.349061999999984,0],[106.91835672300003,-6.349042496999969,0],[106.91832500100007,-6.3490020009999935,0],[106.91822900000003,-6.348866999999926,0],[106.91815837000004,-6.348836135999948,0],[106.91811000000004,-6.348814999999975,0],[106.91790299900006,-6.348762999999936,0],[106.91773400000002,-6.348708001000004,0],[106.91740800000005,-6.348631000999939,0],[106.91729037000009,-6.348600314999976,0],[106.91715500000008,-6.348564999999985,0],[106.917083248,-6.348607494999948,0],[106.91705200000008,-6.348625999999969,0],[106.91701400000004,-6.348735000000017,0],[106.91610739229887,-6.3488756289173285,0]]},"properties":{}},{"type":"Feature","geometry":{"bbox":[107.00134500100009,-6.3625889999999306,107.0067960000001,-6.342645000999903],"type":"LineString","coordinates":[[107.00266100000009,-6.342645000999903,0],[107.00266061700006,-6.342645278999926,0],[107.00217299900004,-6.342999999999966,0],[107.00211863700007,-6.343045525000003,0],[107.00197000100012,-6.34316999999991,0],[107.00181687300005,-6.343363275999915,0],[107.00180600000004,-6.343376999999984,0],[107.00177954500008,-6.343419628999959,0],[107.00161300000006,-6.343687999999959,0],[107.00161033700002,-6.343695545999962,0],[107.001607,-6.343704999999945,0],[107.00150958100004,-6.343939724999915,0],[107.00148000000007,-6.34401099899995,0],[107.00143581100005,-6.344178582999961,0],[107.0013740000001,-6.344413000999994,0],[107.00134500100009,-6.344673999999918,0],[107.00135400000003,-6.344863000999924,0],[107.00177800000003,-6.345484999999963,0],[107.00196807100004,-6.345795113999953,0],[107.00198700000001,-6.345825999999933,0],[107.00215900000003,-6.346136998999997,0],[107.00224200100006,-6.3462779999999395,0],[107.00209800000005,-6.34689500099992,0],[107.00206700000005,-6.347181999999952,0],[107.00206900000005,-6.347247001000001,0],[107.00207181900001,-6.34733369099998,0],[107.0020729990001,-6.347369999999964,0],[107.00211800000001,-6.347503999999949,0],[107.00265499900003,-6.347919999999908,0],[107.00268138500009,-6.347940219999982,0],[107.00283900000007,-6.348060999999939,0],[107.0028811750001,-6.3481378599999925,0],[107.00294600000004,-6.348256000999909,0],[107.00301500000006,-6.348414999999919,0],[107.00310190600007,-6.34849790999994,0],[107.00310200000007,-6.348497999999948,0],[107.00311050600007,-6.348501684999986,0],[107.00313200000006,-6.348510999999958,0],[107.003182855,-6.3485057399999665,0],[107.00318962300013,-6.348505039999997,0],[107.00319000000007,-6.348504999999905,0],[107.00337800000008,-6.348612999999959,0],[107.00354232200009,-6.34870091199995,0],[107.00357800000002,-6.348719999999931,0],[107.00361684600004,-6.3487439379999575,0],[107.00376300000005,-6.348833999999949,0],[107.0038000000001,-6.348863999999944,0],[107.00380300000008,-6.349360999999943,0],[107.00386499900006,-6.349886999999944,0],[107.00388000100006,-6.350079999999926,0],[107.00387995800004,-6.350080078999932,0],[107.00382200000004,-6.350190000999968,0],[107.00376211200006,-6.350303786999968,0],[107.00375200000012,-6.350322999999959,0],[107.00364200000007,-6.350572999999949,0],[107.0035800000001,-6.350800999999896,0],[107.00357830700004,-6.350942340999955,0],[107.00357799900011,-6.350968000999947,0],[107.00361800000005,-6.351073999999924,0],[107.0037970000001,-6.351197000999976,0],[107.00389600000004,-6.3512689999999825,0],[107.00393500000007,-6.3513579999999745,0],[107.00377500000006,-6.351891999999927,0],[107.0037389860001,-6.352013007999991,0],[107.00370000000008,-6.352143999999994,0],[107.00370000000008,-6.3521490369999665,0],[107.00370000000008,-6.352251999999959,0],[107.00390348500004,-6.35244630499996,0],[107.00396600000006,-6.352505999999925,0],[107.00406099900002,-6.352608000999927,0],[107.004107,-6.353158999999954,0],[107.00417699900002,-6.353591999999898,0],[107.00424555000009,-6.353787740999929,0],[107.00426000000004,-6.353828999999967,0],[107.00429011100006,-6.353878210999953,0],[107.00439400000003,-6.354047999999969,0],[107.00454134000006,-6.354204548999954,0],[107.00469800000005,-6.3543709989999595,0],[107.00483400000012,-6.354513999999979,0],[107.00485458900005,-6.354534588999995,0],[107.00487000000007,-6.3545499999999375,0],[107.00497113500009,-6.3547048429999595,0],[107.00501499900008,-6.354772000999921,0],[107.0048766930001,-6.355066108999919,0],[107.00484900000002,-6.355125000999996,0],[107.0048487430001,-6.355125270000018,0],[107.00441099900011,-6.355584999999953,0],[107.00392500000004,-6.355978000999963,0],[107.00384594400008,-6.356334573999979,0],[107.0038290780001,-6.356410645999967,0],[107.00382899900009,-6.356411000999996,0],[107.00385071300012,-6.356417682000016,0],[107.00385500000003,-6.356418999999947,0],[107.00407999900008,-6.356510000999927,0],[107.00425700000007,-6.356579999999946,0],[107.0043646020001,-6.356632346000014,0],[107.00436800000001,-6.356633999999973,0],[107.00433226800008,-6.3567353309999195,0],[107.00423400100003,-6.357013999999973,0],[107.00418629800008,-6.357146927999958,0],[107.00415900000004,-6.357222999999946,0],[107.00406608800009,-6.357458519999982,0],[107.00403000000003,-6.357549999999913,0],[107.00397900100008,-6.357700999999972,0],[107.00397542800005,-6.357711440999948,0],[107.00396600000006,-6.357739000000008,0],[107.00386400000006,-6.3580409999999485,0],[107.00386599900004,-6.358240000999983,0],[107.00386100100008,-6.358307999999925,0],[107.00385302100004,-6.358416741999951,0],[107.00385299800004,-6.358416999999973,0],[107.00384560400005,-6.3584792799998855,0],[107.00379600000012,-6.3588969999999865,0],[107.00382033800008,-6.359008004999934,0],[107.00387800000006,-6.359271000000023,0],[107.00389999000002,-6.359745791999961,0],[107.00390000000002,-6.359746000999978,0],[107.00394112600004,-6.359749355999989,0],[107.00394900000008,-6.359749998999954,0],[107.00394913900008,-6.359750050999958,0],[107.00399345900011,-6.359766601999995,0],[107.00443100000008,-6.359929999999926,0],[107.00451962000004,-6.360011655999932,0],[107.00451999800006,-6.36001200199996,0],[107.00452014300008,-6.360012142999972,0],[107.0045289990001,-6.3600210009999945,0],[107.00463600000008,-6.360122999999907,0],[107.00477600000002,-6.360393999999948,0],[107.00478394900006,-6.360469519999979,0],[107.00478599900005,-6.360488999999992,0],[107.00479300000009,-6.3605539999999525,0],[107.00479300000009,-6.360729269999977,0],[107.00479300000009,-6.360789999999939,0],[107.00479347000005,-6.360928108999909,0],[107.00479400000009,-6.361083972999927,0],[107.00479400000009,-6.361083999999929,0],[107.0049230000001,-6.361317999999928,0],[107.00504200000009,-6.361443000999968,0],[107.00541600000004,-6.361722999999953,0],[107.00547048500002,-6.361755459999886,0],[107.00560400000005,-6.361834999999894,0],[107.00576600000005,-6.361934999999997,0],[107.00589743600008,-6.362034596999978,0],[107.00592700000004,-6.362056999999966,0],[107.00664500000003,-6.362486999999929,0],[107.0066458270001,-6.362487690999986,0],[107.00671199900007,-6.362542999999944,0],[107.00671319400008,-6.362543653999998,0],[107.0067960000001,-6.3625889999999306,0]]},"properties":{}},{"type":"Feature","geometry":{"bbox":[106.97162900000004,-6.367256999999983,107.04376999500009,-6.167029999999963],"type":"MultiLineString","coordinates":[[[107.00819779953387,-6.167060145674187,0],[107.00823900000003,-6.167042999999973,0],[107.00823914700004,-6.167042978999971,0],[107.00824575200005,-6.167042055999984,0],[107.00833200000008,-6.167029999999963,0],[107.00845529111882,-6.167029999999963,0]],[[107.00846610006003,-6.167033156268721,0],[107.00847808000009,-6.167036900000001,0],[107.00852,-6.16704999999993,0],[107.00857187400004,-6.167079852000002,0],[107.00862600000008,-6.167110998999915,0],[107.00862597700007,-6.167111240999935,0],[107.0086227639483,-6.167145792762009,0]],[[107.00861373900004,-6.167326002404151,0],[107.00861221000008,-6.1673611689999195,0],[107.00861200000007,-6.167365999999964,0],[107.00861172000005,-6.167371589999982,0],[107.00860866700805,-6.167432656306838,0]],[[107.00860612200003,-6.1674855354997735,0],[107.00860300000004,-6.16755499999997,0],[107.00860254700008,-6.167566784999968,0],[107.00860191641961,-6.167583187841453,0]],[[107.00860894183843,-6.167641751471043,0],[107.00860899900009,-6.167641999999974,0],[107.00862700000006,-6.167644999999956,0],[107.00867500000004,-6.16765399999999,0],[107.0087979990001,-6.167676000999945,0],[107.00890400000007,-6.167695001000007,0],[107.00903700000006,-6.16771899999995,0],[107.00906670800003,-6.167724081999927,0],[107.00909034022715,-6.167728124253836,0]],[[107.00913306901157,-6.167735716531132,0],[107.00916700100007,-6.167741999999988,0],[107.00918762200008,-6.16774583699995,0],[107.00925261200005,-6.167757927999974,0],[107.00925300000009,-6.16775799999998,0],[107.00925008900002,-6.167772555999941,0],[107.00924700000012,-6.167788000999975,0],[107.00924681993989,-6.167788901270322,0]],[[107.00920823648656,-6.167980498977888,0],[107.00920400800003,-6.16799987699992,0],[107.00919700000007,-6.168031999999913,0],[107.00918898740726,-6.168072598264397,0]],[[107.00970273947748,-6.168233527942691,0],[107.00974864500006,-6.168229515999913,0],[107.00976600000007,-6.168227999999965,0],[107.00997200100007,-6.168069995999948,0],[107.01122200000002,-6.168214999999956,0],[107.01128982500003,-6.168226517999932,0],[107.01143400000007,-6.168250999999914,0],[107.01143627709911,-6.168251087561162,0]],[[107.00917301286495,-6.168150938529427,0],[107.00917300000003,-6.168150999999989,0],[107.009463516,-6.168201988999945,0],[107.00966300000007,-6.168237001,0],[107.00966604027779,-6.168236735292988,0]],[[107.01144006202401,-6.168251233102874,0],[107.01146549300009,-6.168252211000015,0],[107.01151200000002,-6.168253999999896,0],[107.01151181100002,-6.168255128999901,0],[107.01151000000004,-6.168266000000001,0],[107.01141799900007,-6.16874699999992,0],[107.01135000000004,-6.169037999999928,0],[107.01132942417624,-6.1691721525419805,0]],[[107.00702101899296,-6.168637491796792,0],[107.007029,-6.16854399999991,0],[107.00702922300012,-6.168543725999976,0],[107.00704013900004,-6.168530353999936,0],[107.00708577430997,-6.1684744512257925,0]],[[107.0069592707722,-6.169187091936502,0],[107.00697500000007,-6.169155999999921,0],[107.00698541463154,-6.169040488867795,0]],[[107.00615519820535,-6.169260020035084,0],[107.00643200000009,-6.169287999999918,0],[107.00675300000009,-6.169304996999903,0],[107.00682409118166,-6.169279580003218,0]],[[107.01129031737932,-6.169427987967625,0],[107.01118199900009,-6.170136999999999,0],[107.01104724119561,-6.1706634986690165,0]],[[107.0059560319083,-6.170236540219088,0],[107.00594700100001,-6.170082999999972,0],[107.0059186830968,-6.169750154036381,0]],[[107.00553697492904,-6.170906775172403,0],[107.00554800000003,-6.170879999999924,0],[107.0057236960001,-6.170596721000022,0],[107.00572442535845,-6.170595545004899,0]],[[107.0053378548616,-6.171744274672287,0],[107.00545700000006,-6.171228999999935,0],[107.00548174700006,-6.1711003179999455,0],[107.00550200100005,-6.170994999999936,0],[107.00550487463694,-6.170987162119813,0]],[[107.01087809865146,-6.171667318719033,0],[107.01080300100007,-6.172155999999985,0],[107.01079639353306,-6.172231613302538,0]],[[106.97710822254815,-6.172137566412262,0],[106.9773630000001,-6.172130999999959,0],[106.98269015700006,-6.172310925000014,0],[106.98272200000012,-6.172312000000014,0],[106.98341975000002,-6.172346493999937,0],[106.98519000000005,-6.172434000999983,0],[106.98888215900008,-6.172357924999995,0],[106.99004300000003,-6.172334000999969,0],[106.99073784000007,-6.172341606999977,0],[106.99132200000008,-6.172347999999973,0],[106.9913222230001,-6.172348001999973,0],[106.99718700000005,-6.172391999999972,0],[106.99795799900006,-6.172283999999918,0],[106.99812369460513,-6.172261085653497,0]],[[106.97162900000004,-6.172236999999937,0],[106.97162921100005,-6.172237003999937,0],[106.97565670625664,-6.1721646749711265,0]],[[106.99814616068647,-6.172257995433595,0],[106.99850243000009,-6.172245653999942,0],[106.99881000000005,-6.172234999999949,0],[106.99884600000009,-6.172234999999949,0],[106.99884600100009,-6.172236522999986,0],[106.99884600000009,-6.17223978599999,0],[106.99884600000009,-6.172239999999919,0],[106.99890700100008,-6.172259000999892,0],[106.99925000000003,-6.172264999999944,0],[106.99946818800005,-6.172252449999972,0],[106.99947600000009,-6.172252004999935,0],[106.99947611400009,-6.172251998000023,0],[106.99970285818512,-6.172239008124359,0]],[[106.99983046606911,-6.172278714494906,0],[106.99987540900008,-6.1722932739999745,0],[106.99989000000005,-6.1722980009999215,0],[106.99992873000006,-6.172300842999979,0],[106.999999001,-6.172305999999962,0],[107.00006639600008,-6.172310701999907,0],[107.00017100000012,-6.1723179999999775,0],[107.000863,-6.172348999999967,0],[107.00087751400005,-6.172349708999937,0],[107.00098600000005,-6.17235499999993,0],[107.00115051500008,-6.172363832999951,0],[107.00122510239687,-6.17236783770363,0]],[[107.00455817563366,-6.172325444580041,0],[107.00489700000008,-6.172303999999974,0],[107.00501999900006,-6.1722969999999275,0],[107.00503425550119,-6.1722884686848065,0]],[[107.00413645304995,-6.172380174577642,0],[107.0044710000001,-6.172334000999969,0],[107.00448546900006,-6.172331666999954,0],[107.00450177029965,-6.172329037058267,0]],[[107.00330590748786,-6.1723676810019565,0],[107.00364101400008,-6.172366406999986,0],[107.00374800000006,-6.172365999999952,0],[107.00408700000013,-6.172387000000002,0],[107.00408905290197,-6.172386716662116,0]],[[107.00148022376463,-6.1723823371151685,0],[107.0014921690001,-6.172383107999947,0],[107.00150599900009,-6.172383999999932,0],[107.00167400000005,-6.172381999999944,0],[107.00241500000007,-6.172372000999916,0],[107.00276187700008,-6.172366998999946,0],[107.00276200000009,-6.172366996999946,0],[107.00284393911177,-6.1723669988208005,0]],[[107.00298541256853,-6.172367349456765,0],[107.00315000000005,-6.17236799999994,0],[107.00319819476086,-6.17236799999994,0]],[[107.01103484375246,-6.174669389922306,0],[107.01115400000008,-6.174726999999992,0],[107.01138000000012,-6.1748319999999755,0],[107.01151700000008,-6.174958999999914,0],[107.0115879990001,-6.175169999999964,0],[107.01154200000012,-6.175805000000013,0],[107.01147751392985,-6.17619242469385,0]],[[107.00999057311316,-6.181183432425664,0],[107.00991500000005,-6.181272999999999,0],[107.0098328920001,-6.18136294399998,0],[107.00970286995204,-6.18150537481832,0]],[[107.00965228506323,-6.181564565593357,0],[107.00948100000002,-6.1817819999999255,0],[107.0092210000001,-6.182022999999971,0],[107.00900340055577,-6.182227055910362,0]],[[107.008106616297,-6.182624597325349,0],[107.00804800000012,-6.182643999999927,0],[107.00800181680054,-6.182658144819198,0]],[[107.00765674037427,-6.182758767045483,0],[107.00761800000006,-6.182769000999967,0],[107.00750851493186,-6.182794851134178,0]],[[107.0067590752745,-6.183256395662729,0],[107.00672600000007,-6.183335999999985,0],[107.00668090500007,-6.183471970999955,0],[107.00666000000002,-6.18353499999993,0],[107.00665997200012,-6.18353524299995,0],[107.00665749200009,-6.183556733999952,0],[107.00664200000006,-6.183690999999959,0],[107.0066414440001,-6.183748234999898,0],[107.00664081379159,-6.1838131613113365,0]],[[107.00665989288154,-6.1839773993064515,0],[107.00668800100004,-6.184090999999926,0],[107.00677199900007,-6.184228999999975,0],[107.0069110000001,-6.184369999999918,0],[107.00704565374693,-6.184465579513732,0]],[[107.00724305866795,-6.184615613756629,0],[107.00732881000003,-6.184684347999992,0],[107.0073917970001,-6.184734835999995,0],[107.00739200100011,-6.18473499999992,0],[107.00733469500008,-6.185227734999922,0],[107.00727000000005,-6.1857839999999396,0],[107.00724836200004,-6.185983251999994,0],[107.00722200000008,-6.186226000000007,0],[107.00721276239189,-6.186439008376366,0]],[[107.00718637206855,-6.186670434365761,0],[107.00717800000008,-6.186693998999916,0],[107.00716038752505,-6.1867284046624125,0]],[[107.00712193919475,-6.186793071860675,0],[107.00710900900006,-6.186807992999933,0],[107.00698100000004,-6.187934999999923,0],[107.00697187676799,-6.188060327696677,0]],[[107.00683668850448,-6.18930889164846,0],[107.00681800200005,-6.189537964999948,0],[107.00681800000005,-6.189537999999951,0],[107.00681462900003,-6.189541683999989,0],[107.00677663169287,-6.189583216497786,0]],[[107.00621811000015,-6.189627322495662,0],[107.00621623700009,-6.189627034999946,0],[107.00621600000007,-6.189626999999943,0],[107.00621564800012,-6.189732147999939,0],[107.00621500000007,-6.189926000999991,0],[107.0062060231258,-6.190556481843791,0]],[[107.00612336408086,-6.19274168869215,0],[107.00611805000004,-6.192857152999954,0],[107.00609499900008,-6.193357999999916,0],[107.00608006105534,-6.193573686740562,0]],[[107.01752839674776,-6.1940058102777815,0],[107.01783299900008,-6.193895999999933,0],[107.0181210000001,-6.193843999999983,0],[107.01835202400012,-6.193830148999991,0],[107.01858800000011,-6.193815999999975,0],[107.01908034300007,-6.193806311999973,0],[107.01914699999999,-6.193804999999953,0],[107.01926109200011,-6.193884661999972,0],[107.01931600000003,-6.1939229999999466,0],[107.01942911441084,-6.193978519495081,0]],[[107.01956259228875,-6.19404113125548,0],[107.01957136100002,-6.194044544999967,0],[107.01966500000013,-6.194081000999963,0],[107.01980820376534,-6.194137615609408,0]],[[107.01988584656428,-6.194168492419939,0],[107.01993806400007,-6.194189329999956,0],[107.0200500010001,-6.194233999999922,0],[107.02013200000005,-6.194265999999994,0],[107.02020544505808,-6.194294955007896,0]],[[107.02025536678687,-6.194314747714747,0],[107.02030100000009,-6.194333000999942,0],[107.02036258349376,-6.194363792262015,0]],[[107.0203976529841,-6.194401757564384,0],[107.02039828900006,-6.194406971999934,0],[107.02040000000001,-6.19442099999994,0],[107.02040330942741,-6.194453818487956,0]],[[107.0166523389206,-6.194700006277754,0],[107.01674200000004,-6.194577999999963,0],[107.01677658300007,-6.194545655999951,0],[107.0169171256653,-6.194414217484413,0]],[[107.02041645781281,-6.194580125376726,0],[107.02041992600006,-6.194611342999968,0],[107.02042097900006,-6.194620817999953,0],[107.02042099900007,-6.194620999999968,0],[107.02047000000003,-6.194698999999938,0],[107.02063200000002,-6.194738999999961,0],[107.02083100000006,-6.19478799999993,0],[107.02107000000002,-6.1948469999999265,0],[107.02120600000009,-6.194851999999985,0],[107.02124016900008,-6.194852736999957,0],[107.02134500000004,-6.194854999999967,0],[107.02164300000001,-6.194862999999918,0],[107.02167998200005,-6.194864040000004,0],[107.02189200000001,-6.194869999999964,0],[107.0220142960001,-6.194872640000005,0],[107.02203100000006,-6.194872999999946,0],[107.02205654400004,-6.1948740419999435,0],[107.02222700000002,-6.194880999999986,0],[107.02237230900005,-6.1949010709999595,0],[107.02240800000007,-6.194905999999923,0],[107.02266899900008,-6.194942999999965,0],[107.02272712996155,-6.1949511058786,0]],[[107.02365024963096,-6.194676186512039,0],[107.02385000000001,-6.194705999999984,0],[107.02386704300008,-6.19470856399993,0],[107.02407600000005,-6.194739999999955,0],[107.02410488400005,-6.194744658999985,0],[107.02413800000004,-6.194749999999983,0],[107.02413977332259,-6.194751034438118,0]],[[107.02355400653347,-6.194792112040238,0],[107.02357600000008,-6.194756999999941,0],[107.0236168887982,-6.1947116302375935,0]],[[107.01641564619437,-6.195114289923099,0],[107.01641673100004,-6.195112461999953,0],[107.01649000000006,-6.194989000999952,0],[107.01654268046174,-6.1948791560155545,0]],[[107.0241613644775,-6.194906620311903,0],[107.02416200100006,-6.194914999999957,0],[107.02416585200002,-6.194969480999935,0],[107.02416900000011,-6.1950140009999775,0],[107.0241761954376,-6.195040783617523,0]],[[107.02300075903943,-6.194989734376778,0],[107.02306905600005,-6.194999657999945,0],[107.02315399900006,-6.1950119999999895,0],[107.0233230000001,-6.195036000999933,0],[107.02338000000012,-6.195043999999973,0],[107.0234378250001,-6.194971182999987,0],[107.02346100000007,-6.194941998999971,0],[107.02346906320572,-6.194928931184963,0]],[[107.0249997028007,-6.194966163095584,0],[107.02510850800005,-6.194991412999974,0],[107.02523600100002,-6.195020999999935,0],[107.0253002530001,-6.195041106,0],[107.02538281076312,-6.195066940782047,0]],[[107.0253856104278,-6.195067830603774,0],[107.02558100000006,-6.195130000999983,0],[107.0256630000001,-6.195155998999914,0],[107.02566297500009,-6.195156338999942,0],[107.02565400000006,-6.1952799999999595,0],[107.02564200000005,-6.195450999999897,0],[107.0256416590303,-6.1954573643155495,0]],[[107.02464664993572,-6.195222312876259,0],[107.02471500000009,-6.19516299999996,0],[107.02478142973885,-6.195105712493932,0]],[[107.02451829088673,-6.195239589044311,0],[107.0245360000001,-6.195248000999888,0],[107.02456516700003,-6.195258058000009,0],[107.02459400000002,-6.195268000999944,0],[107.02459419300003,-6.19526783399993,0],[107.02459548356768,-6.195266714070092,0]],[[107.02568399376398,-6.1955345251260905,0],[107.02572400000008,-6.195558999999951,0],[107.02581950400007,-6.195604761999919,0],[107.02591600000007,-6.195650999999925,0],[107.0259776820001,-6.195680198999943,0],[107.02605907346079,-6.195718727183431,0]],[[107.02616028318575,-6.1957671621899255,0],[107.02619473900003,-6.195783712999981,0],[107.02631400000004,-6.195841000000014,0],[107.02635098300009,-6.195846916999971,0],[107.02637570128546,-6.19585087203547,0]],[[107.00594670938173,-6.195770681658287,0],[107.00594200000005,-6.195881999999942,0],[107.00630000000008,-6.196009999999964,0],[107.00673000000005,-6.196135999999997,0],[107.00702699900002,-6.196219000999937,0],[107.00732500000008,-6.196279999999922,0],[107.00748560400004,-6.1963089699999205,0],[107.00764100000002,-6.1963369999999305,0],[107.00780746400002,-6.196359076999981,0],[107.00801799900003,-6.196386999999982,0],[107.0083827020001,-6.196425968000009,0],[107.00838300000004,-6.196426000000011,0],[107.00840410800001,-6.196430247000007,0],[107.00872100000002,-6.196493999999953,0],[107.00906800100005,-6.196479000999956,0],[107.00940147300011,-6.196440645999891,0],[107.00955053766978,-6.196423500813731,0]],[[107.02646610459607,-6.195856198379813,0],[107.02656057300001,-6.1958547449999966,0],[107.02667400000007,-6.195853000999941,0],[107.02689000000001,-6.195848999999965,0],[107.02692867900001,-6.195848008999972,0],[107.02692900000004,-6.195847999999971,0],[107.02710400000004,-6.19627699999994,0],[107.02726685000002,-6.196576174000002,0],[107.02732500000012,-6.196682999999959,0],[107.02742500000004,-6.1968039999999345,0],[107.02768501100006,-6.196903563000001,0],[107.02770878638208,-6.196912667173683,0]],[[107.01457952807789,-6.196715407882026,0],[107.01469000000007,-6.196577000999982,0],[107.0148926330641,-6.196358099577305,0]],[[107.00969677514497,-6.196406982822845,0],[107.0098747860001,-6.196405880999945,0],[107.01001700000006,-6.196404999999961,0],[107.01132334900005,-6.196506948999959,0],[107.01132400000002,-6.196506999999963,0],[107.01172518800009,-6.196532345000017,0],[107.01187800100011,-6.196541999999928,0],[107.01207568785571,-6.1965610083970954,0]],[[107.01270364404436,-6.196704690804845,0],[107.01311900000003,-6.196826999999972,0],[107.01326445600007,-6.196873921999947,0],[107.0134290000001,-6.196927000999986,0],[107.01376400000002,-6.196985000999989,0],[107.01402100100006,-6.197009997999926,0],[107.01402298524162,-6.19700967197805,0]],[[107.01402482294984,-6.197009370032381,0],[107.01407069500009,-6.197001832999961,0],[107.0143070000001,-6.196962999999945,0],[107.01430732800013,-6.196962737000012,0],[107.01442720661277,-6.196866374867783,0]],[[107.02791762040664,-6.197024800094054,0],[107.02796900000003,-6.197064000999953,0],[107.02805377794104,-6.197128830192812,0]],[[107.02805858702537,-6.197135143337485,0],[107.02816600000007,-6.197278999999979,0],[107.02816619100008,-6.197279126999989,0],[107.02817941100002,-6.197287810999997,0],[107.02845055035482,-6.197465936822267,0]],[[107.02875269942503,-6.197676653194707,0],[107.02885400000007,-6.197751999999946,0],[107.02890311637245,-6.197813754864368,0]],[[107.02907161418851,-6.198083538961386,0],[107.02907206700007,-6.198084670999938,0],[107.0290829990001,-6.198111999999979,0],[107.02907604500005,-6.1981517369998915,0],[107.02904100000008,-6.198351999999941,0],[107.02894600000003,-6.199678000999965,0],[107.02893446200005,-6.199789843999982,0],[107.02889700000007,-6.20015299999992,0],[107.02887865103772,-6.2002245134338505,0]],[[107.02882578680277,-6.200377042992079,0],[107.02882999900002,-6.200387000000008,0],[107.0287909990001,-6.200526999999957,0],[107.02871736400003,-6.20082021599997,0],[107.02871577861764,-6.200826529016036,0]],[[107.02867179197185,-6.2010864379425055,0],[107.02865400000003,-6.201340999999983,0],[107.0286823208791,-6.2015763581635195,0]],[[107.02942671569875,-6.203208763338997,0],[107.02945700000004,-6.203272999999966,0],[107.02947234194242,-6.203306719456171,0]],[[107.02974291853609,-6.203914811221379,0],[107.02982099900005,-6.204096999999932,0],[107.02990314116938,-6.204317670064997,0]],[[107.03060590296161,-6.205899894982126,0],[107.03073000000003,-6.206156999999935,0],[107.03084992000001,-6.2063218879999,0],[107.03090600000012,-6.2063989999999745,0],[107.03098006188021,-6.206453524537837,0]],[[107.03111678194739,-6.20656029396074,0],[107.03114999900005,-6.206588999999974,0],[107.03118000000005,-6.206599999999996,0],[107.0312790337044,-6.206642783694717,0]],[[107.03137977653296,-6.206681663903192,0],[107.031478,-6.20671800099999,0],[107.03166829400004,-6.206819806999976,0],[107.03167800000004,-6.206824998999961,0],[107.03201700000002,-6.207074999999952,0],[107.03227999900011,-6.20731399999992,0],[107.03249292016099,-6.207535251896546,0]],[[107.03251035163912,-6.207553347860296,0],[107.03255969300007,-6.2076021589999595,0],[107.03269600000007,-6.207736999999925,0],[107.03269579500005,-6.207737216999943,0],[107.03257895173148,-6.207860833725865,0]],[[107.03217867620604,-6.208515635629942,0],[107.0321650000001,-6.208589999999981,0],[107.0321650000001,-6.208674360999945,0],[107.0321650000001,-6.208786999999939,0],[107.03219090595756,-6.208860750522694,0]],[[107.0324899910666,-6.2093282539183345,0],[107.03263700000008,-6.209483000999972,0],[107.03286109145098,-6.209756627669561,0]],[[107.03361028794436,-6.210990468733813,0],[107.03371229700005,-6.211286020999941,0],[107.03377200000001,-6.211458999999953,0],[107.03381899900009,-6.2119689999999625,0],[107.03381043800009,-6.2122455879999325,0],[107.03380601066141,-6.212388655483748,0]],[[107.03353458772892,-6.21288403374829,0],[107.03352313526612,-6.212899815972795,0]],[[107.0335171776916,-6.212904752181126,0],[107.03340560900007,-6.212995780000009,0],[107.03328400000005,-6.213095000999958,0],[107.03313359215369,-6.213161460602224,0]],[[107.03266033231785,-6.213359739521374,0],[107.03261205000005,-6.213379202999937,0],[107.03249100000008,-6.213427999999977,0],[107.032369939,-6.213486600999941,0],[107.0323637975531,-6.213489573817844,0]],[[107.0318948186636,-6.213770438617084,0],[107.03175800000008,-6.21386599999998,0],[107.03160412600006,-6.214004628999904,0],[107.03132399900007,-6.214257000000002,0],[107.0312301416309,-6.214363099861698,0]],[[107.03095805542702,-6.214785973089688,0],[107.0309520000001,-6.214798999999994,0],[107.03093849676388,-6.214851344249551,0]],[[107.03084524746582,-6.215323589797906,0],[107.0308200000001,-6.215578999999961,0],[107.03082518500008,-6.215719645999963,0],[107.0308360000001,-6.216012999999988,0],[107.03097300000006,-6.216507001000005,0],[107.03097326200009,-6.21650739999995,0],[107.03125788048833,-6.216937818266667,0]],[[107.03126207877386,-6.21694579204839,0],[107.03146223000005,-6.217328208000007,0],[107.0314930000001,-6.217386999999986,0],[107.031728001,-6.21765600099995,0],[107.03178544900005,-6.217722450999942,0],[107.0319310862011,-6.217890907080848,0]],[[107.0327181443879,-6.218785048297294,0],[107.03284900000003,-6.219001000999947,0],[107.03297209500009,-6.219326485999966,0],[107.03301200000001,-6.2194319999999035,0],[107.03304900000006,-6.219773999999957,0],[107.03303868400009,-6.220006123999978,0],[107.03303300000006,-6.220133999999989,0],[107.03287915500003,-6.220372966999955,0],[107.03283604311584,-6.220439934026901,0]],[[107.03162324242112,-6.221660880762082,0],[107.03160000000007,-6.221793999999937,0],[107.03159676900007,-6.221834271999983,0],[107.03156046086544,-6.222286720686943,0]],[[107.03154474261518,-6.222486836944109,0],[107.03151400000006,-6.2229099999999935,0],[107.0314799842383,-6.2231374196642495,0]],[[107.03094497511366,-6.223577182594232,0],[107.03094112500008,-6.223577973999928,0],[107.03094100000008,-6.223578000000019,0],[107.03093452100008,-6.223629022999978,0],[107.03092077936292,-6.223737237921712,0]],[[107.03084323207442,-6.224295767888522,0],[107.03082108100001,-6.224445962999981,0],[107.03080500000002,-6.224554999999944,0],[107.03075300000006,-6.224927999999986,0],[107.03066899700005,-6.225279999999978,0],[107.0305860000001,-6.225705999999965,0],[107.03052300000004,-6.226014999999952,0],[107.03049747171069,-6.226118734000986,0]],[[107.03283742894365,-6.227145375607469,0],[107.03287413100007,-6.227134920999978,0],[107.03292300000003,-6.227120999999981,0],[107.0330334210001,-6.227089450999946,0],[107.03325900000003,-6.2270249999999425,0],[107.03348887000004,-6.226979486999907,0],[107.03365800000009,-6.2269459999999786,0],[107.03378548100007,-6.226931447999929,0],[107.03387700000009,-6.226920999999953,0],[107.03400000000005,-6.226724000999996,0],[107.03488200000002,-6.226552999999969,0],[107.03488222400004,-6.226553025999971,0],[107.03492928600011,-6.226558624999901,0],[107.03519300000008,-6.226590001000011,0],[107.03539503300001,-6.2267371590000185,0],[107.03543600100002,-6.226766998999912,0],[107.03559600000003,-6.2269809999999435,0],[107.0357020000001,-6.227161000000004,0],[107.03574967100005,-6.227251232999921,0],[107.03578600000012,-6.227319999999926,0],[107.0358190000001,-6.2274919999999465,0],[107.03583500000009,-6.227749999999977,0],[107.03583500000009,-6.227990999999934,0],[107.03584661766399,-6.228046675900535,0]],[[107.03041016705004,-6.226556331690004,0],[107.03040345100001,-6.2265831949998915,0],[107.03037800000004,-6.226684999999966,0],[107.03037304100008,-6.226703691999914,0],[107.03036500100002,-6.226733999999935,0],[107.03036520359557,-6.226734111694855,0]],[[107.03037932359665,-6.226741865750386,0],[107.03047970600001,-6.226796988999995,0],[107.03053800000004,-6.226828999999979,0],[107.0311869990001,-6.227028999999918,0],[107.03171343451447,-6.227098216393069,0]],[[107.03172326493903,-6.227099508909474,0],[107.031727,-6.227099999999931,0],[107.03193700000007,-6.227074999999994,0],[107.03220227800007,-6.227125527999911,0],[107.03227300000006,-6.22713899999996,0],[107.03242900000001,-6.227145999999918,0],[107.03275800000004,-6.227168000999962,0],[107.03275801077632,-6.227167997930328,0]],[[107.03586026308398,-6.228107762785507,0],[107.03594600000012,-6.2282269999999205,0],[107.03606436241901,-6.22827434548825,0]],[[107.0361985377646,-6.2283317820659665,0],[107.03631200100003,-6.228383999999943,0],[107.03636180100007,-6.2284092839999925,0],[107.03639814240924,-6.2284277340656455,0]],[[107.03666616450114,-6.228597573019924,0],[107.03678171899999,-6.228672818999948,0],[107.03678190971029,-6.228672941841774,0]],[[107.03678261212148,-6.228673498987392,0],[107.03679150100001,-6.228680744999982,0],[107.0369010000001,-6.228769999999907,0],[107.03695388806736,-6.228823824088293,0]],[[107.03711539654034,-6.228976740472826,0],[107.03713999900006,-6.228998999999936,0],[107.0371716737269,-6.229034921416799,0]],[[107.03742931598164,-6.229325044820145,0],[107.03747500000007,-6.229375999999954,0],[107.03750190900007,-6.229423249999956,0],[107.0376019990001,-6.229598999999931,0],[107.03799170741142,-6.230126303574069,0]],[[107.03853241904973,-6.2311074242886075,0],[107.03858700000006,-6.2312820000000055,0],[107.03862671228543,-6.231656181411283,0]],[[107.03869215695858,-6.232236706304773,0],[107.03870200000007,-6.232305999999911,0],[107.03871661552282,-6.232329141650196,0]],[[107.03885245348957,-6.232371629173739,0],[107.03932131900007,-6.2324069749999165,0],[107.03983900000009,-6.232445999999948,0],[107.04021669560315,-6.232500795217023,0]],[[107.0407352463724,-6.232628565018162,0],[107.04073700000005,-6.23262899999999,0],[107.04129700000003,-6.232665999999943,0],[107.04171805900005,-6.232666874999927,0],[107.04177800000012,-6.232666999999937,0],[107.042265,-6.232731999999986,0],[107.04241522700009,-6.232780737999933,0],[107.04252632164895,-6.232816780157014,0]],[[107.04236634844688,-6.233630401160829,0],[107.04236612738016,-6.233631412616903,0]],[[107.04228626912042,-6.23403027339935,0],[107.04227100000006,-6.2343409999999775,0],[107.04227000000006,-6.234348000999935,0],[107.04226041600006,-6.234392848000004,0],[107.0421890000001,-6.234726999999941,0],[107.04218862600008,-6.234727373999972,0],[107.04218800000002,-6.234727999999935,0],[107.04209600000006,-6.235042999999974,0],[107.0422040010001,-6.235985999999928,0],[107.04223515100001,-6.236327955999977,0],[107.0422480000001,-6.236468999999923,0],[107.04226184530022,-6.236620639001368,0]],[[107.04199734965101,-6.237892939304791,0],[107.04202200100006,-6.237962999999992,0],[107.04203399116146,-6.238109429741568,0]],[[107.0421338579705,-6.238713654453965,0],[107.04214200000004,-6.2387439999999525,0],[107.042160929,-6.238815582999925,0],[107.04219700000006,-6.238952000999932,0],[107.04219189600008,-6.239083689999992,0],[107.04218699900012,-6.2392099989999625,0],[107.04212502500006,-6.2393423469999,0],[107.04191399900009,-6.239792999999972,0],[107.04186692186653,-6.239910008380646,0]],[[107.04190214434355,-6.241431046750391,0],[107.04192200000004,-6.241594999999945,0],[107.04190345657432,-6.242003838387712,0]],[[107.04189603642999,-6.242147965017098,0],[107.04188500000001,-6.242348000999899,0],[107.04185900000007,-6.242609,0],[107.04185849300003,-6.2426538989999845,0],[107.04185771136785,-6.242723058005174,0]],[[107.04177294704749,-6.244075885083356,0],[107.04177000000008,-6.244222999999961,0],[107.04176708200002,-6.2442791519998995,0],[107.04176199900004,-6.244376999999913,0],[107.04174600000005,-6.244661999999957,0],[107.04174523378514,-6.244704524925849,0]],[[107.0416957596066,-6.245090476197236,0],[107.04167000000007,-6.2452599999999645,0],[107.04152600300006,-6.245797001999987,0],[107.04152597600005,-6.245797113999997,0],[107.04152508700007,-6.245801139999974,0],[107.04151186053525,-6.245861120903863,0]],[[107.04148116900008,-6.246050592633457,0],[107.04147802546433,-6.246151185149374,0]],[[107.0378392546649,-6.2468568673584866,0],[107.03774600000011,-6.246805000999901,0],[107.03774563382787,-6.246805921503663,0]],[[107.03902434433263,-6.246935241561792,0],[107.03897000000005,-6.246975999999927,0],[107.03892902600003,-6.247023727999968,0],[107.03887900000007,-6.247082000999994,0],[107.03887541196175,-6.247091227256197,0]],[[107.03884922537196,-6.247153434888309,0],[107.03869100000006,-6.247102999999955,0],[107.03868952737803,-6.247103061408167,0]],[[107.03750594070243,-6.247374803824558,0],[107.03742200000003,-6.247568999999965,0],[107.03741686323471,-6.247580565600531,0]],[[107.03708621163351,-6.248329569372514,0],[107.03706800100005,-6.248378999999927,0],[107.03692590427731,-6.248763783418566,0]],[[107.03674584066911,-6.2492508541730505,0],[107.0367442570001,-6.249255115999942,0],[107.0367090000001,-6.249349998999977,0],[107.03658899900003,-6.249784000000004,0],[107.03657500000013,-6.249999999999934,0],[107.03656000000004,-6.250234000000022,0],[107.03656000000004,-6.250442000999913,0],[107.03656000000004,-6.250538999999945,0],[107.03636700000006,-6.250780999999984,0],[107.03622151501786,-6.250843045779076,0]],[[107.03426189767622,-6.250673040698308,0],[107.03422100000004,-6.250655999999944,0],[107.03421960149304,-6.250655920267812,0]],[[107.035701532234,-6.250902057454001,0],[107.03562100000006,-6.2509080010000115,0],[107.0355943301111,-6.2509087940666905,0]],[[107.03458088955438,-6.250926730050855,0],[107.03456100519621,-6.250923001974163,0]],[[107.0328055752842,-6.251004092721969,0],[107.03265269400003,-6.251085772999977,0],[107.03245200000005,-6.251192999999967,0],[107.03235405800011,-6.251250174999901,0],[107.03225583210994,-6.251307514835625,0]],[[107.03043008271649,-6.251282745788279,0],[107.03034473700004,-6.251395590999943,0],[107.03029300000011,-6.251463999999919,0],[107.03018245912304,-6.251609316965757,0]],[[107.03006966134045,-6.251757763867994,0],[107.03002700000003,-6.251814000000012,0],[107.02999391800006,-6.251974999999922,0],[107.02993700000005,-6.252251999999926,0],[107.02990367700005,-6.252406052999971,0],[107.02987600100006,-6.252533999999988,0],[107.0298466849241,-6.252605579488902,0]],[[107.02909971552931,-6.252943259578659,0],[107.02907100000007,-6.252919999999952,0],[107.02892166100007,-6.2527748279999305,0],[107.02885600000005,-6.252710999999978,0],[107.02879714229627,-6.2526804392691435,0]],[[107.02967484703849,-6.252920215609793,0],[107.02960799900009,-6.252996999999928,0],[107.02945400000006,-6.25308099999995,0],[107.0294393790001,-6.253088658999962,0],[107.0294329990001,-6.253092000999972,0],[107.02942612413347,-6.253092672974626,0]],[[107.02929893331302,-6.25310414003526,0],[107.02925961975002,-6.253072445379827,0]],[[107.02720404367977,-6.253516695603723,0],[107.02718335765631,-6.253531739887942,0]],[[107.0271466646507,-6.253550004056253,0],[107.02708662000002,-6.253579756000006,0],[107.02696100000011,-6.253641999999916,0],[107.0267570000001,-6.253703999999983,0],[107.02661700100006,-6.253746999999988,0],[107.02661652900012,-6.253747271999922,0],[107.02624100000004,-6.253962999999919,0],[107.02591263086319,-6.254157253253846,0]],[[107.025358125251,-6.254223844683816,0],[107.02535699900008,-6.2542229999999375,0],[107.02501340463326,-6.254440215453739,0]],[[107.0255516581908,-6.25436899364813,0],[107.02550822624592,-6.254336419855667,0]],[[107.02492302904074,-6.254478409820875,0],[107.02450400000004,-6.254651000000001,0],[107.0244830917306,-6.2546575533382285,0]],[[107.02421582468389,-6.254767123736405,0],[107.0242140000001,-6.254768000999912,0],[107.02415930848301,-6.254867685556876,0]],[[107.02353288911898,-6.256510041712572,0],[107.02348414900011,-6.256628015999977,0],[107.02347300000008,-6.25665499999999,0],[107.02322300000009,-6.256791999999956,0],[107.02276199600004,-6.257057995999938,0],[107.0225050010001,-6.257247999999938,0],[107.0224628388474,-6.257298089290254,0]],[[107.02130593908856,-6.260663455675465,0],[107.02115400000005,-6.2610599999999526,0],[107.02099854647258,-6.261465646972942,0]],[[107.01875999296495,-6.2612571568085205,0],[107.01875700000005,-6.261255999999916,0],[107.01871747300007,-6.261318883999968,0],[107.01871300000005,-6.261325999999935,0],[107.01866294459437,-6.261406671521664,0]],[[107.0199096389996,-6.261721984163527,0],[107.01989200000008,-6.2617159999999625,0],[107.01978850406293,-6.261668425212386,0]],[[107.02087684826186,-6.261821674159874,0],[107.02085800000008,-6.261889999999971,0],[107.02083877400008,-6.261955775999995,0],[107.02082026796987,-6.262019083335014,0]],[[107.01840652452839,-6.261856880837714,0],[107.01833200000006,-6.261981999999945,0],[107.01829714958329,-6.2620399910000355,0]],[[107.01800383576835,-6.262535244135249,0],[107.01798700000002,-6.262563000999966,0],[107.0178279990001,-6.262813999999951,0],[107.0178279770001,-6.262814035999954,0],[107.01775199900003,-6.262933999999932,0],[107.017523,-6.263295998999952,0],[107.01724256973495,-6.26373158826541,0]],[[107.01703490151935,-6.264058433497622,0],[107.01700400100005,-6.2641060000000035,0],[107.01696688100009,-6.264153725999956,0],[107.01695638304372,-6.2641672232121035,0]],[[107.0168291274048,-6.2643313343737415,0],[107.01681400000005,-6.264350999999936,0],[107.01681390800005,-6.26435117399995,0],[107.01680804900009,-6.264362339999897,0],[107.0167610000001,-6.2644519999999435,0],[107.01673252745569,-6.26450675464041,0]],[[107.01657131242219,-6.264890553655645,0],[107.01653200000007,-6.264999999999899,0],[107.01641800000006,-6.265453999999982,0],[107.01638700000007,-6.265633999999954,0],[107.0163945606369,-6.265687344492955,0]],[[107.01687111127629,-6.267516333828583,0],[107.01687500000013,-6.26752799999999,0],[107.0169133350001,-6.267643247999933,0],[107.01703400000004,-6.268005999999927,0],[107.017041471114,-6.268026543851347,0]],[[107.01709375352341,-6.268216902477542,0],[107.01709700000002,-6.26823599999995,0],[107.01710156751554,-6.268259850911241,0]],[[107.01710526500008,-6.26829218749967,0],[107.01710200000008,-6.268332999999894,0],[107.01699591627126,-6.268656614970537,0]],[[107.01638776532822,-6.269938219197192,0],[107.01638000000011,-6.269962000999941,0],[107.01638047800006,-6.270021750994138,0]],[[107.01638468407528,-6.270222736880116,0],[107.01638838300009,-6.270237531999912,0],[107.01639200000004,-6.270251999999955,0],[107.01639400000002,-6.2702559999999306,0],[107.01643161100012,-6.270333227000014,0],[107.0164690000001,-6.270410000999972,0],[107.016600999,-6.270542000999969,0],[107.01685851811129,-6.270617633918386,0]],[[107.01688500217938,-6.270625412243481,0],[107.01688700000005,-6.270625998999991,0],[107.01696100000004,-6.270641000999989,0],[107.0170139945313,-6.270659080938335,0]],[[107.01720077019405,-6.270729887138971,0],[107.01724699700009,-6.270750350999977,0],[107.01738399900005,-6.2708110000000215,0],[107.01740200000003,-6.270823998999942,0],[107.01765400000009,-6.271009999999967,0],[107.0177840000001,-6.271164999999913,0],[107.01782700000011,-6.271319999999948,0],[107.01774400000008,-6.271568999999944,0],[107.01774093829496,-6.271578695399272,0]],[[107.01753621156278,-6.271992576566477,0],[107.0175070000001,-6.272051000999946,0],[107.01750926100001,-6.2720849109999985,0],[107.01750962200005,-6.272090326830627,0]],[[107.01756249146726,-6.273255290927372,0],[107.01754700000004,-6.273341999999916,0],[107.01745697200005,-6.273714423999911,0],[107.01743000000003,-6.2738259999999055,0],[107.01732267313638,-6.274199226751188,0]],[[107.01707888904772,-6.274975207020118,0],[107.01704498300006,-6.275074265999892,0],[107.01700400000004,-6.27519399999994,0],[107.01696245448937,-6.275287681053433,0]],[[107.01675650105196,-6.275743008388735,0],[107.01671500000003,-6.275833999999959,0],[107.01668900000001,-6.275890000999974,0],[107.01659300000006,-6.276139999999964,0],[107.01658926708333,-6.276146680307738,0]],[[107.0165862993634,-6.2761787298521785,0],[107.01658669500007,-6.276178881999984,0],[107.01661300000002,-6.276188999999933,0],[107.01675093500008,-6.276242415999912,0],[107.01679674757372,-6.276260157147041,0]],[[107.0176553926612,-6.276605353608678,0],[107.01765700000007,-6.276605999999974,0],[107.01786556300002,-6.276633587999948,0],[107.01803500100009,-6.276655998999937,0],[107.01847600000008,-6.276707999999887,0],[107.01861778368887,-6.276724326606532,0]],[[107.01907131888679,-6.276828831123838,0],[107.01952670000006,-6.276936592999972,0],[107.01995100000008,-6.277037000999931,0],[107.02022200000003,-6.277101000999986,0],[107.02030354965737,-6.277191044563791,0]],[[107.02034571493672,-6.277231389451666,0],[107.02038290600011,-6.277264117999982,0],[107.02039300000006,-6.277273000000006,0],[107.02043800000006,-6.277311999999947,0],[107.02070300000013,-6.277463999999911,0],[107.02093106200007,-6.277523333999936,0],[107.02094899900005,-6.2775279999999665,0],[107.02117800100008,-6.277621999999928,0],[107.02125500000005,-6.277733999999958,0],[107.02130046290586,-6.277837669486376,0]],[[107.0214051426946,-6.278074864047879,0],[107.02143952200005,-6.27815040399995,0],[107.02145799900006,-6.278191000999934,0],[107.02159717200004,-6.278497827999919,0],[107.02167300000009,-6.278664999999895,0],[107.02185800000004,-6.279072999999903,0],[107.022316,-6.280082999999893,0],[107.02233959079305,-6.2801131159059285,0]],[[107.0278431621414,-6.278667499728675,0],[107.02791788000006,-6.278653943999958,0],[107.02811600000011,-6.278618000999915,0],[107.028174913,-6.27861496399993,0],[107.02821300000005,-6.278613000999945,0],[107.02821345100008,-6.278612979999943,0],[107.02831565800001,-6.278608301,0],[107.0284970000001,-6.278600000999935,0],[107.02902695600007,-6.278630997999924,0],[107.02902700000007,-6.278631000999924,0],[107.02903782300008,-6.278640236999978,0],[107.02925900000008,-6.2788289999999645,0],[107.02926317566683,-6.278844710429189,0]],[[107.02353544282165,-6.279952195826445,0],[107.02415800000009,-6.279604999999956,0],[107.0249363280001,-6.279133658999948,0],[107.02523300000004,-6.278953998999915,0],[107.02546713500006,-6.278938957000003,0],[107.02594900000004,-6.278907999999928,0],[107.02642899900006,-6.279021999999946,0],[107.02690106700278,-6.278856781169241,0]],[[107.02950339449788,-6.279524917879021,0],[107.02966000000005,-6.279703999999976,0],[107.02972980500004,-6.279792715999944,0],[107.0299589990001,-6.2800839989999755,0],[107.03004471999999,-6.28031972899994,0],[107.03012700000005,-6.280545999999921,0],[107.03037700000004,-6.281008999999949,0],[107.03056898320786,-6.281234029497652,0]],[[107.02248252207427,-6.280320660982431,0],[107.02248400000005,-6.280323999999938,0],[107.02248417800007,-6.280324377999969,0],[107.02248547816467,-6.280327131299957,0]],[[107.02250885529459,-6.28037446984211,0],[107.02251991100009,-6.280394835000026,0],[107.02252000000001,-6.280394999999951,0],[107.02252194883381,-6.28039440036814,0]],[[107.03093359564598,-6.281627099320387,0],[107.03112500000012,-6.281817001000013,0],[107.03133382988825,-6.2820240371406,0]],[[107.03135750194252,-6.282047505863387,0],[107.03135784200002,-6.282047842999928,0],[107.03135800000003,-6.282047999999941,0],[107.03175500000002,-6.282145999999967,0],[107.032269,-6.2822099999999335,0],[107.03321300000003,-6.282437999999969,0],[107.03398985239436,-6.282583597496162,0]],[[107.03413295389106,-6.282632075095874,0],[107.03427805300005,-6.28268156399996,0],[107.03442299900006,-6.2827309999999645,0],[107.03459283900007,-6.2827820419999245,0],[107.03518499900004,-6.282959999999905,0],[107.03557849400009,-6.283068221999978,0],[107.03562901948558,-6.283082118115347,0]],[[107.03650585313385,-6.283358912094462,0],[107.03690900000005,-6.283498999999916,0],[107.03714856936554,-6.283592287522511,0]],[[107.03773161423908,-6.283944445743673,0],[107.03778800000003,-6.283991999999939,0],[107.03787334700007,-6.284148597999929,0],[107.03812100000005,-6.284602999999956,0],[107.03821244500007,-6.284840261999959,0],[107.03830599999999,-6.28508299999997,0],[107.03841331192876,-6.285290534503952,0]],[[107.03894860760694,-6.286302096549546,0],[107.03903900000007,-6.286469999999978,0],[107.03915303128963,-6.286709658626611,0]],[[107.03962283115878,-6.287377575124809,0],[107.03965700000005,-6.28740199999991,0],[107.03983814033673,-6.287510819787402,0]],[[107.03993822959397,-6.287576747298585,0],[107.040038714,-6.287681156000003,0],[107.04005300000003,-6.287695999999899,0],[107.04010262496959,-6.2878644453190145,0]],[[107.04009494427653,-6.288150994312703,0],[107.04006099900008,-6.288400999999967,0],[107.0400720520438,-6.288607082511023,0]],[[107.0400866293199,-6.288756364395743,0],[107.04011462600008,-6.288880846999968,0],[107.04014300000001,-6.289007000000014,0],[107.04031100100006,-6.28980499999996,0],[107.04038000000008,-6.290532999999888,0],[107.04038127800001,-6.290833249999951,0],[107.04038253900012,-6.291129644330541,0]],[[107.04037995223163,-6.2913731185653585,0],[107.0403650000001,-6.292035999999902,0],[107.04037130991304,-6.292195338580454,0]],[[107.04020855306433,-6.293646652895935,0],[107.04020899000007,-6.293657297999934,0],[107.04021300000004,-6.293754998999935,0],[107.04021649800006,-6.293794646000018,0],[107.04021900000001,-6.293822999999966,0],[107.04023245900005,-6.293988999999934,0],[107.04025200000007,-6.294229999999979,0],[107.04028200000006,-6.29460500100001,0],[107.04032143000003,-6.294758991999961,0],[107.04035599900006,-6.294893999999941,0],[107.04041537400009,-6.294997189999952,0],[107.04050100000006,-6.295145999999919,0],[107.04078673100008,-6.2953952389999355,0],[107.04086900000004,-6.295467000000011,0],[107.04096000000003,-6.295539999999923,0],[107.0409584819657,-6.2955774448476784,0]],[[107.04084228946884,-6.296441992701341,0],[107.04077805900008,-6.296695760999983,0],[107.04077804400008,-6.296695826999988,0],[107.04077800000007,-6.296695999999914,0],[107.0406866700672,-6.2972860769879855,0]],[[107.04064313462848,-6.297567206294753,0],[107.04060900000012,-6.2977869999999445,0],[107.0405599784398,-6.2980325879861585,0]],[[107.0404196893899,-6.298547353183205,0],[107.04038900000003,-6.298634999999942,0],[107.0403086358559,-6.298946614783697,0]],[[107.04028145733504,-6.299085689472795,0],[107.04027658600006,-6.299121774999984,0],[107.04018299900004,-6.299814999999965,0],[107.04017456600006,-6.299875185999971,0],[107.04016100000008,-6.299971999999988,0],[107.04013800000006,-6.300292999999991,0],[107.04012754410657,-6.300323773998363,0]],[[107.03943920692127,-6.301333661326348,0],[107.03939699900012,-6.301394000999961,0],[107.03922417600002,-6.302161117999928,0],[107.03914399900005,-6.302516999999975,0],[107.0390550560641,-6.3029919152324485,0]],[[107.03862654990324,-6.305182472653948,0],[107.038617388,-6.3052342739999165,0],[107.03850300000003,-6.3058809999999585,0],[107.03848955600009,-6.305916984000005,0],[107.038435,-6.306062999999918,0],[107.03839772775045,-6.306162390716642,0]],[[107.0383111156464,-6.30628785979639,0],[107.03831100000005,-6.306288000999972,0],[107.0395740000001,-6.306443999999912,0],[107.03996999900009,-6.30741199999998,0],[107.04171999900002,-6.307520999999939,0],[107.04182675400007,-6.307269284999984,0],[107.04191000000012,-6.3070729999999084,0],[107.04191026000005,-6.30707302099991,0],[107.04258237200006,-6.3071269869999345,0],[107.04341679700009,-6.307193983999971,0],[107.04341700000002,-6.307193999999972,0],[107.04343212900002,-6.307290522999965,0],[107.04344845789035,-6.307394698342096,0]],[[107.04351721712493,-6.307640824594275,0],[107.0435672120001,-6.307768085999955,0],[107.04359900000007,-6.3078489999999885,0],[107.04363100000005,-6.30795099999999,0],[107.04363083800004,-6.307951197999918,0],[107.04353602500001,-6.308067448999944,0],[107.04340100000012,-6.308232999999964,0],[107.04333344200003,-6.308318546999937,0],[107.04323200100008,-6.308446999999907,0],[107.04320569600011,-6.308559787000002,0],[107.04316600000003,-6.308729999999963,0],[107.04287400000003,-6.309960999999943,0],[107.04285900000012,-6.310144999999979,0],[107.04285326824407,-6.310208621571457,0]],[[107.04295009511317,-6.3110924392558285,0],[107.04300300100005,-6.311280999999914,0],[107.04302766500004,-6.311348573999998,0],[107.04307087013827,-6.311466946335576,0]],[[107.04301481008433,-6.31191776118485,0],[107.04300282100003,-6.311965717999991,0],[107.04298400100008,-6.3120410000000025,0],[107.04299900000007,-6.312174999999987,0],[107.04302960100003,-6.312217215999928,0],[107.04313600100004,-6.312363999999905,0],[107.04320304400008,-6.312411756999948,0],[107.04328200000003,-6.312467999999983,0],[107.0433756006152,-6.3125135467278835,0]],[[107.04376475472273,-6.312931991403504,0],[107.04376999500009,-6.31294298950611,0]],[[107.04376999500009,-6.312943054987775,0],[107.04376876400008,-6.312956592999997,0],[107.04376699900011,-6.3129759999999155,0],[107.04375301500002,-6.313156864999959,0],[107.04375199900002,-6.31316999999998,0],[107.04356999900007,-6.313517999999908,0],[107.04351556424132,-6.3136049131834024,0]],[[107.04346866378643,-6.313789500949541,0],[107.04350800000009,-6.313971000999997,0],[107.04351174900005,-6.313985997999994,0],[107.04353900000008,-6.314094999999954,0],[107.0434470000001,-6.314309999999979,0],[107.04340511400001,-6.31435306599999,0],[107.04332109123216,-6.31443945551189,0]],[[107.0432997175305,-6.314461540150985,0],[107.04326400000006,-6.314498999999985,0],[107.04313600000003,-6.31464299999991,0],[107.04313600000003,-6.31464372699997,0],[107.04313600062842,-6.314643898553852,0]],[[107.04309690154072,-6.314690074733354,0],[107.04292300000009,-6.314894999999977,0],[107.0427750000001,-6.315074999999949,0],[107.04276800000005,-6.315399000999934,0],[107.04274840192427,-6.315472202847806,0]],[[107.04260316054099,-6.315779360416341,0],[107.04259400000005,-6.315815999999886,0],[107.04261768954237,-6.315869301470057,0]],[[107.04280147219458,-6.316088821802458,0],[107.04285400000006,-6.316127999999944,0],[107.04288178918382,-6.316137263061195,0]],[[107.04321437125326,-6.316246483940203,0],[107.04328300000012,-6.316268999999975,0],[107.04335228600009,-6.316287353999984,0],[107.04342713646982,-6.31630718209666,0]],[[107.04343400578773,-6.316309007429522,0],[107.04347088500003,-6.316349374999964,0],[107.04350800000009,-6.31638999999995,0],[107.043462,-6.31668899999991,0],[107.04341589200001,-6.316743614999988,0],[107.04329400100005,-6.316887998999944,0],[107.0432269140001,-6.316925917999972,0],[107.04311670448338,-6.316988210558462,0]],[[107.04103905869624,-6.317509705735548,0],[107.04088200000005,-6.317561000999939,0],[107.04082696100004,-6.317594687999973,0],[107.04081911307293,-6.3175994915138265,0]],[[107.04073699189578,-6.317695518841161,0],[107.04070800000005,-6.317758999999979,0],[107.04069676433548,-6.3178363022603055,0]],[[107.04030156595914,-6.318027844139197,0],[107.04028207200007,-6.318052907999961,0],[107.04028200000006,-6.318052999999969,0],[107.04034712100012,-6.3182414639999305,0],[107.04043300000004,-6.3184899999999775,0],[107.04046174200002,-6.318591775999961,0],[107.04049400000011,-6.318705999999997,0],[107.04049072796857,-6.318958764431782,0]],[[107.04045905346547,-6.319072472368271,0],[107.04035700000006,-6.319262000999993,0],[107.04027843500003,-6.3196812059999505,0],[107.04021999999999,-6.319992999999991,0],[107.04003800000004,-6.3201929999999304,0],[107.0400298996822,-6.320201761678069,0]],[[107.03858143663358,-6.320368882332273,0],[107.03858122600012,-6.320368938999922,0],[107.038580999,-6.3203690000000154,0],[107.03854927293538,-6.320395374998023,0]],[[107.0396280142157,-6.32042070946366,0],[107.03946724416811,-6.320397175651516,0]],[[107.03846233470891,-6.320523710131743,0],[107.03841808600004,-6.320630793000005,0],[107.03841803921577,-6.320630905608594,0]],[[107.03825462773399,-6.320661733396561,0],[107.03801399999999,-6.320707000000004,0],[107.03800398600005,-6.320720199999942,0],[107.03794800000013,-6.320794000000008,0],[107.03793521771787,-6.320815700153682,0]],[[107.03775261956385,-6.32089814936292,0],[107.0377468880001,-6.32089932099993,0],[107.03772400000007,-6.320903999999961,0],[107.0376632030001,-6.320987718999961,0],[107.03766299900008,-6.320987999999984,0],[107.03766599283664,-6.321115694462987,0]],[[107.03732310026275,-6.321181979709346,0],[107.0373230000001,-6.3211819999999594,0],[107.03728350200004,-6.321233389999948,0],[107.03723000000005,-6.321302999999935,0],[107.03720618086254,-6.321326016135954,0]],[[107.0370955447564,-6.321434456070053,0],[107.03708600000003,-6.321444000999966,0],[107.03695978500008,-6.321571441999941,0],[107.03688000100004,-6.321651999999945,0],[107.036642369,-6.321810420999997,0],[107.03651442978355,-6.321895712814319,0]],[[107.0358414744909,-6.322044282075391,0],[107.03583500000009,-6.322046999999943,0],[107.0358118992363,-6.322057442279073,0]],[[107.03459738996857,-6.322395089610678,0],[107.03459700000006,-6.322394999999959,0],[107.03459672400004,-6.322395079999966,0],[107.034521225,-6.322416934999998,0],[107.03452099900008,-6.322417000000003,0],[107.03446690900005,-6.322507335999928,0],[107.03442399900005,-6.322578999999996,0],[107.03424600100007,-6.32283499999995,0],[107.03419570112212,-6.322904242761874,0]],[[107.03492759391604,-6.322482165236144,0],[107.03483200000005,-6.322448999999986,0],[107.03479281874581,-6.3224399968963905,0]],[[107.03252345943805,-6.3231154540563725,0],[107.03252200000006,-6.323114999999936,0],[107.03194100000005,-6.324121999999944,0],[107.03191035400008,-6.324184604999973,0],[107.03190370869346,-6.324198180134678,0]],[[107.03405778000004,-6.32348383437329,0],[107.03405566000004,-6.323530468999939,0],[107.03405499900008,-6.323544999999987,0],[107.03405496400006,-6.323545005999987,0],[107.03387783638448,-6.323576902871443,0]],[[107.0337932718372,-6.323591857098011,0],[107.03339655894524,-6.323514002204901,0]],[[107.03176125151398,-6.324413943016728,0],[107.03167499900006,-6.324530999999945,0],[107.0314807539736,-6.324710545938151,0]],[[107.03105087043203,-6.324992737567948,0],[107.03102000000004,-6.325021999999892,0],[107.03090095985795,-6.325039563299596,0]],[[107.03083772577615,-6.325048892918273,0],[107.03083700000009,-6.325048999999995,0],[107.03083682600007,-6.325049131999917,0],[107.03073000000003,-6.3251300009999465,0],[107.03038000000002,-6.32543799999994,0],[107.03035798875182,-6.325479225486964,0]],[[107.03009005442048,-6.325879297795934,0],[107.02990399900007,-6.326053999999926,0],[107.02983707253082,-6.3261527721081965,0]],[[107.02976478970648,-6.32626826592182,0],[107.02976200000005,-6.326273999999922,0],[107.02980605354459,-6.326294146433598,0]],[[107.02995653813542,-6.326376628937803,0],[107.02996580500003,-6.326385012999959,0],[107.02998900000009,-6.3264060000000075,0],[107.03000165478184,-6.3266776355521035,0]],[[107.0300474083442,-6.327361042465919,0],[107.03005200300007,-6.327414535999965,0],[107.03005898000002,-6.327495762999936,0],[107.03005900000002,-6.327495999999956,0],[107.02994372700007,-6.327714489999915,0],[107.02966700000009,-6.32823899999997,0],[107.02937999600006,-6.329224998999928,0],[107.02937996900006,-6.329225065999934,0],[107.02925355077146,-6.329499088344571,0]],[[107.02204861583391,-6.328334258927471,0],[107.02158700000008,-6.3281629999999875,0],[107.02115315000007,-6.328078473999922,0],[107.02107121396895,-6.32806251062974,0]],[[107.02499862611405,-6.329364979750297,0],[107.02483202800008,-6.329295648,0],[107.02427300000001,-6.329062999999936,0],[107.02311200000005,-6.3287199999999775,0],[107.02238516020903,-6.328456758489343,0]],[[107.01868580906628,-6.330818150067797,0],[107.01856899900004,-6.331022000999932,0],[107.01823832869113,-6.331602945624782,0]],[[107.01741882537907,-6.333193159490969,0],[107.01740529700004,-6.333280669999942,0],[107.01737000000004,-6.333508999999916,0],[107.0173928544709,-6.333720764931551,0]],[[107.0175195991778,-6.334177687923349,0],[107.01755500000007,-6.33428599999999,0],[107.01762669600005,-6.3344838829999315,0],[107.01770500100005,-6.334700000999961,0],[107.01772870601125,-6.334968891238036,0]],[[107.01775596056497,-6.3353158909632565,0],[107.01777497500007,-6.335576662999932,0],[107.01777500000007,-6.33557699999996,0],[107.01766100000005,-6.336056999999885,0],[107.01766097400005,-6.3360570349999765,0],[107.01723300000008,-6.336753999999912,0],[107.01693700000001,-6.337184999999957,0],[107.01693693100009,-6.337185249999978,0],[107.01685848436921,-6.337470824076986,0]],[[107.01682172368156,-6.337614943444004,0],[107.0167878820001,-6.338011169999925,0],[107.0167749990001,-6.33816199899997,0],[107.01676706400008,-6.338687514999931,0],[107.01676237809534,-6.338997890265508,0]],[[107.01675958319743,-6.339053396685413,0],[107.01668300000004,-6.3400169999999765,0],[107.01667226100004,-6.340194737999939,0],[107.01664888960545,-6.340581566704829,0]],[[107.0165443593498,-6.3416912245285015,0],[107.01650800000004,-6.341921000999951,0],[107.01628644774279,-6.342493281745943,0]],[[107.01610281243636,-6.343246543974891,0],[107.01610385,-6.343273627999958,0],[107.0161180000001,-6.343642999999966,0],[107.01628600000006,-6.344353999999997,0],[107.0164131400001,-6.344730990999926,0],[107.01648700000008,-6.344949999999928,0],[107.0165042875441,-6.34502017370029,0]],[[107.0166466431625,-6.345696496589094,0],[107.01669,-6.345974999999916,0],[107.01671741704553,-6.346367280346966,0]],[[107.01684092617485,-6.347023496488925,0],[107.01688300000008,-6.347152999999951,0],[107.01690969400006,-6.347175143999918,0],[107.01698980892036,-6.347241603209609,0]],[[107.01720352354245,-6.347449720256671,0],[107.01721900000007,-6.347470999999972,0],[107.0172351947274,-6.347493605140221,0]],[[107.01727588798799,-6.347549964940958,0],[107.01729300000007,-6.347573000999974,0],[107.0173160995927,-6.347603359804511,0]],[[107.01736457019206,-6.347661500493308,0],[107.01736500000007,-6.347661999999966,0],[107.01737209978874,-6.347669418554625,0]],[[107.01783362720502,-6.348131974232031,0],[107.01802700000005,-6.348316999999982,0],[107.01807832000011,-6.348366638999915,0],[107.01808800000003,-6.348376000999979,0],[107.01810893600008,-6.348395939999941,0],[107.01810900000008,-6.348396000999946,0],[107.01801900300009,-6.348518000999915,0],[107.0180189820001,-6.348518033999918,0],[107.01789239868071,-6.348712514310529,0]],[[107.01782840152202,-6.348784279476428,0],[107.0176670000001,-6.348924000999935,0],[107.01766689900009,-6.348924051999939,0],[107.01754290400005,-6.3489862839999365,0],[107.01750163103492,-6.349006998925622,0]],[[107.0170248742177,-6.349562221747741,0],[107.01700721900005,-6.349640196999951,0],[107.01698100000002,-6.349756000999941,0],[107.01703500000004,-6.350256999999916,0],[107.01711171827,-6.350321355997957,0]],[[107.01729870757049,-6.352270710085884,0],[107.01730000000002,-6.352421999999903,0],[107.01729285900005,-6.352468415000013,0],[107.01729189056965,-6.352474709961543,0]],[[107.01726851639168,-6.352845816599851,0],[107.01725500000003,-6.353124999999983,0],[107.0172578630001,-6.353375990620181,0]],[[107.01725675545946,-6.3533971439032175,0],[107.01724785300006,-6.353462544999934,0],[107.01723203100009,-6.353578773999958,0],[107.01723199999999,-6.353578999999977,0],[107.01718424100004,-6.353599547999989,0],[107.01710170953437,-6.353635055375962,0]],[[107.0153212376687,-6.354124948911922,0],[107.01527999900004,-6.35418100099996,0],[107.01513956600006,-6.3543736169999985,0],[107.01509699900001,-6.354431999999944,0],[107.01502605000009,-6.354568196999933,0],[107.01476100000009,-6.355076999999932,0],[107.01470212179254,-6.355159693182545,0]],[[107.01430469720276,-6.355568128616641,0],[107.01425899900003,-6.355637999999987,0],[107.01424580243672,-6.3556596803797,0]],[[107.01402496974708,-6.355931372208913,0],[107.01390600000005,-6.356038000999954,0],[107.01377700000003,-6.356252999999979,0],[107.01360799999999,-6.356505999999952,0],[107.01348600000003,-6.356775000000004,0],[107.01348329545384,-6.356780409092378,0]],[[107.01346511365209,-6.356799726689767,0],[107.01324899700005,-6.3570259969999,0],[107.01324895200013,-6.357026046999993,0],[107.01311771659643,-6.35717262472817,0]],[[107.01222160525734,-6.357590897561517,0],[107.01217600000008,-6.357596999999982,0],[107.01211751529998,-6.357621625136845,0]],[[107.01206214332461,-6.357644939652763,0],[107.01206200000006,-6.357644999999957,0],[107.0120476667064,-6.357696114496859,0]],[[107.01164840936393,-6.358444675623987,0],[107.01158100100005,-6.358446999999968,0],[107.01131900000004,-6.358461999999966,0],[107.01068658400004,-6.358764488999947,0],[107.01035100000007,-6.358924999999905,0],[107.01025661700008,-6.358980904000001,0],[107.00996100000005,-6.359155999999922,0],[107.00993661600006,-6.359175612999946,0],[107.00991499900006,-6.359192999999964,0],[107.009734,-6.359520000000019,0],[107.00849600000006,-6.360827999999975,0],[107.00821383200008,-6.361091475999926,0],[107.0077409115006,-6.361533065301051,0]],[[107.00524148925614,-6.361939061157008,0],[107.00524100000004,-6.361938999999973,0],[107.00523641711965,-6.361940172448511,0]],[[107.00729674552052,-6.361947149420223,0],[107.00722560800003,-6.362013006999968,0],[107.00712300000006,-6.362108000000012,0],[107.00698599700009,-6.362301998999987,0],[107.00694699900006,-6.362374000999994,0],[107.00691471400006,-6.3624331210000005,0],[107.00690765459136,-6.36244604798757,0]],[[107.00472312686739,-6.362126939644975,0],[107.00452295900004,-6.362201522999934,0],[107.00446807900003,-6.362221970999938,0],[107.00446800100012,-6.3622219999999405,0],[107.00444996000004,-6.362224269999951,0],[107.00422802058272,-6.36225218651243,0]],[[107.00558515923359,-6.362211261922491,0],[107.00554977680585,-6.362180201012647,0]],[[107.00604466822365,-6.362255417428765,0],[107.00604300000005,-6.362251999999936,0],[107.00604288806576,-6.3622518974235,0]],[[107.00681341623184,-6.362571583768185,0],[107.0067960000001,-6.3625889999999306,0],[107.00678900500004,-6.362596003999977,0],[107.00678863900002,-6.362596375999919,0],[107.0067821850001,-6.362602814999919,0],[107.00676028377136,-6.362624716228661,0]],[[107.00662950799804,-6.3627239950182055,0],[107.00661814400003,-6.362729808999946,0],[107.00656500000008,-6.362756999999975,0],[107.00650714607175,-6.362761103115512,0]],[[107.00284662039346,-6.3631021772737615,0],[107.00259000100007,-6.36310699999998,0],[107.0025880189166,-6.363107281689851,0]],[[107.00207575649958,-6.363204698851744,0],[107.00194077300009,-6.36324999499991,0],[107.00190500000006,-6.363261999999926,0],[107.0014760000001,-6.363660999999988,0],[107.00123543600009,-6.363974203999968,0],[107.00096600000009,-6.3643250009999495,0],[107.00045521441265,-6.3650279935967955,0]],[[106.99904060869352,-6.366456783970454,0],[106.9990221030001,-6.366466443999942,0],[106.99893099900002,-6.366514000999969,0],[106.99884579200007,-6.366545211999975,0],[106.99811199900002,-6.36681400000001,0],[106.99773614400002,-6.366936445999928,0],[106.99740600000005,-6.367043999999945,0],[106.99682135641504,-6.3671355779934,0]],[[106.99550366575072,-6.367248889148703,0],[106.99533400000003,-6.367256999999983,0],[106.99517928237093,-6.367232154969328,0]]]},"properties":{}},{"type":"Feature","geometry":{"bbox":[106.98183800000007,-6.22937999999993,106.98413900000013,-6.225713998999916],"type":"LineString","coordinates":[[106.98388200000008,-6.22937999999993,0],[106.98397244100002,-6.229207790999981,0],[106.98402800000008,-6.229102000999932,0],[106.98406954200006,-6.229027899999929,0],[106.98413889100003,-6.228904194999908,0],[106.98413900000013,-6.2289039999999805,0],[106.98285900000009,-6.228073998999962,0],[106.98222713300002,-6.227719380999931,0],[106.98207500100006,-6.227633999999972,0],[106.98207506200006,-6.227633898999963,0],[106.98285300000003,-6.22634499999999,0],[106.98264100100008,-6.226210000000011,0],[106.98232500000005,-6.226018999999928,0],[106.9819230000001,-6.22576700099995,0],[106.98188480100004,-6.225743180999933,0],[106.98183800000007,-6.225713998999916,0]]},"properties":{}},{"type":"Feature","geometry":{"bbox":[106.96307900000004,-6.280723001,106.96904800000009,-6.254343999999913],"type":"LineString","coordinates":[[106.96904800000009,-6.280723001,0],[106.96904772700006,-6.2807215089999655,0],[106.96900728200009,-6.2805002089999515,0],[106.96899499900006,-6.280432999999986,0],[106.96897100100003,-6.280122998999916,0],[106.96896857400009,-6.280093621999972,0],[106.96896200000008,-6.280013999999957,0],[106.96895699900001,-6.279985000999956,0],[106.96893200000008,-6.279864999999974,0],[106.96868800000006,-6.279459000999955,0],[106.96866821200011,-6.279435997999917,0],[106.968331,-6.279043999999901,0],[106.9680370010001,-6.278702999999931,0],[106.96799958900003,-6.278643012999941,0],[106.9679790000001,-6.278609999999963,0],[106.96793900000007,-6.278273999999962,0],[106.96794129600009,-6.278125890999965,0],[106.96794300000005,-6.2780160000000205,0],[106.96800599900011,-6.277778999999951,0],[106.96807600000004,-6.277648999999942,0],[106.96810636500007,-6.27762511799992,0],[106.96825399900003,-6.277509000999904,0],[106.96847200000003,-6.2774060009999975,0],[106.96853611700001,-6.277378573999949,0],[106.96864500000005,-6.277332000999914,0],[106.968775351,-6.277221905999953,0],[106.96879300000003,-6.277206999999963,0],[106.96895300100005,-6.276951999999914,0],[106.96899000100008,-6.276813999999954,0],[106.96898726600004,-6.276758203999956,0],[106.96898500000012,-6.276711999999952,0],[106.96851300000006,-6.276300999999963,0],[106.9684900000001,-6.276281000999996,0],[106.96848489600004,-6.276276611999988,0],[106.96838300000005,-6.276188999999933,0],[106.96824200000002,-6.275944000000001,0],[106.96819310600006,-6.275807218999963,0],[106.96816300000005,-6.275723000000012,0],[106.96816225600007,-6.275695469999954,0],[106.96815900000007,-6.275575000999934,0],[106.96817673100011,-6.275360455999946,0],[106.96818900000007,-6.27521199999992,0],[106.96818280600009,-6.2750852309999114,0],[106.96817400000008,-6.2749049999999205,0],[106.96811300100009,-6.274657999999912,0],[106.9679800000001,-6.274323000999994,0],[106.9679510000001,-6.2740909999999825,0],[106.96793400000011,-6.273949999999951,0],[106.96776500000007,-6.273877999999945,0],[106.9676450010001,-6.2738269999998995,0],[106.96703247600003,-6.273565579999941,0],[106.96700299999999,-6.273553000999966,0],[106.96680400000005,-6.273421999999963,0],[106.96679939500011,-6.273417437999941,0],[106.96669699900008,-6.273315999999985,0],[106.96665832000008,-6.273146723999924,0],[106.9666040000001,-6.272908999999972,0],[106.96654193600004,-6.272505929000017,0],[106.96651300000003,-6.272317999999922,0],[106.96645399900004,-6.271965233999955,0],[106.96637000000003,-6.271462999999967,0],[106.96634164000007,-6.271220516999977,0],[106.96633000000008,-6.271120999999914,0],[106.96632808000001,-6.271032433999958,0],[106.96632300000005,-6.270798000999923,0],[106.96630352500003,-6.270685870999971,0],[106.96629000000006,-6.270607999999923,0],[106.96618106800011,-6.270415121999951,0],[106.9661810000001,-6.270414999999941,0],[106.96612033700006,-6.270357731999999,0],[106.96564500000008,-6.269908999999908,0],[106.96541400000005,-6.2697659999999775,0],[106.96528400100004,-6.269689998999995,0],[106.96524000000005,-6.269627999999928,0],[106.96527700000009,-6.2693669999999155,0],[106.9652952540001,-6.269266310000022,0],[106.96530800000008,-6.269195999999978,0],[106.96529298700008,-6.269142676999918,0],[106.96527900000008,-6.269092999999982,0],[106.96518100000006,-6.26899099999998,0],[106.96512772300008,-6.268925291999961,0],[106.96503100000008,-6.26880599999995,0],[106.96501068500008,-6.2687482829999706,0],[106.96492400000001,-6.268501999999932,0],[106.96487192400006,-6.268278378999993,0],[106.964839,-6.26813699999993,0],[106.96483356500008,-6.267942124999971,0],[106.96483200000004,-6.267885999999946,0],[106.96487400000005,-6.2676209999999575,0],[106.96490100000007,-6.26750200099997,0],[106.96491082700008,-6.267479797999998,0],[106.96492800000009,-6.267440999999986,0],[106.965060194,-6.267166618999932,0],[106.9650999990001,-6.267083999999935,0],[106.96522800000012,-6.266790999999939,0],[106.9653179140001,-6.266620994999906,0],[106.96534700100003,-6.266565999999974,0],[106.96537425300005,-6.26651561199998,0],[106.965539,-6.266210999999911,0],[106.965672,-6.266041000999968,0],[106.96568000000003,-6.2660309999999395,0],[106.96585800000011,-6.265925999999956,0],[106.96594504700003,-6.265912762000015,0],[106.96607500000003,-6.265892999999979,0],[106.96629200000005,-6.265874999999911,0],[106.96629212000006,-6.265874826999985,0],[106.96633000000008,-6.265821999999966,0],[106.96634331900012,-6.265802287999934,0],[106.9663550000001,-6.265784999999925,0],[106.96656500000007,-6.2653519999999805,0],[106.96654400000003,-6.265213999999931,0],[106.96642000100007,-6.264661999999911,0],[106.96642778000009,-6.26456515099998,0],[106.96644000000003,-6.264412999999914,0],[106.96650486500008,-6.263934021999985,0],[106.96664300000005,-6.262913999999965,0],[106.96664490100002,-6.262901642000008,0],[106.9666490000001,-6.262874999999935,0],[106.96668466500003,-6.262572893999986,0],[106.96670000000006,-6.262442999999985,0],[106.96673000000006,-6.262166999999975,0],[106.96673565600008,-6.262116806999908,0],[106.96674600000004,-6.26202500099995,0],[106.96671099999999,-6.261869998999915,0],[106.96664100000007,-6.261772999999971,0],[106.966577999,-6.261719999999938,0],[106.9664000000001,-6.26165299999999,0],[106.96553111600007,-6.261482211999981,0],[106.96517900000006,-6.261412999999939,0],[106.96467933100011,-6.261226318999947,0],[106.96455023900009,-6.261178089999953,0],[106.96455000000007,-6.261177999999946,0],[106.96452813100004,-6.261162563000001,0],[106.96443100000008,-6.2610939999999236,0],[106.96435366000007,-6.260994664999965,0],[106.96432200000004,-6.260953999999975,0],[106.96431433900003,-6.260935392999945,0],[106.96430800000012,-6.260919999999915,0],[106.96428501700008,-6.2608672119999,0],[106.96424400000006,-6.2607730009999205,0],[106.96409865500003,-6.260439280999931,0],[106.96409200000001,-6.26042400099991,0],[106.96405590300013,-6.260354912999967,0],[106.96388300100004,-6.260023999999943,0],[106.96375200000003,-6.259709999999897,0],[106.963508,-6.25922399999992,0],[106.96337037100008,-6.2591142779999895,0],[106.96329100000008,-6.259050999999905,0],[106.96325400000003,-6.258846000999908,0],[106.9632010000001,-6.258638999999922,0],[106.96316894000002,-6.258552280999941,0],[106.96307900000004,-6.258308999999974,0],[106.96310830100006,-6.258243071999937,0],[106.96311500000009,-6.258227999999933,0],[106.96315158900009,-6.258169605999987,0],[106.96321400000002,-6.258070000000005,0],[106.96330700000007,-6.257921999999928,0],[106.96333913700006,-6.257869704999953,0],[106.96341700100002,-6.25774299999995,0],[106.96353029200007,-6.257614158999948,0],[106.96372300000003,-6.257394999999933,0],[106.96430500000005,-6.256844999999901,0],[106.9644729990001,-6.256533999999926,0],[106.9645320210001,-6.2562716169998875,0],[106.9645740000001,-6.256084999999901,0],[106.96465559200001,-6.255641288999959,0],[106.96475199999999,-6.255117001000011,0],[106.96476877000005,-6.254812224999929,0],[106.96477500000012,-6.254698999999976,0],[106.96478099900008,-6.254630296999975,0],[106.96480592700001,-6.254344834999893,0],[106.96480600000011,-6.254343999999913,0]]},"properties":{}},{"type":"Feature","geometry":{"bbox":[106.9924270000001,-6.246859000000017,106.99349600000001,-6.234042998999923],"type":"LineString","coordinates":[[106.9924270000001,-6.246859000000017,0],[106.99246899500012,-6.246615337999929,0],[106.99252300000006,-6.246301999999938,0],[106.99252419200008,-6.246296438999922,0],[106.99252600000004,-6.246287999999934,0],[106.99256300000009,-6.245902998999965,0],[106.99256917500006,-6.245799930999963,0],[106.992576,-6.245685998999951,0],[106.99258400000005,-6.245564000999893,0],[106.99259000000009,-6.245468999999938,0],[106.99262301800007,-6.245237875999999,0],[106.99263000000012,-6.245188999999952,0],[106.99263481800007,-6.2451376989999705,0],[106.99264700000002,-6.245007999999897,0],[106.99266400000009,-6.244827999999925,0],[106.99272899900005,-6.244183998999931,0],[106.99275687200004,-6.24379050599997,0],[106.99276300000011,-6.243704000000006,0],[106.99285500000009,-6.242400999999932,0],[106.99287600000005,-6.2421690010000095,0],[106.99290600000005,-6.24183299999992,0],[106.99291684700005,-6.241708990999962,0],[106.99293600000004,-6.241490000999962,0],[106.99294925400007,-6.241347153999955,0],[106.99296300000005,-6.241198999999954,0],[106.99301000000013,-6.240635998999911,0],[106.99302043200001,-6.240505611999959,0],[106.99302600000003,-6.240435999999972,0],[106.99303644100009,-6.2403139670000005,0],[106.9930419990001,-6.240248999999954,0],[106.99310236400004,-6.239524623999971,0],[106.99311100000004,-6.239420999999924,0],[106.99311412600012,-6.239378045000011,0],[106.99313400000008,-6.239104999999979,0],[106.99315400000005,-6.238830999999957,0],[106.99316024200003,-6.23872489299997,0],[106.99316600000006,-6.238626999999953,0],[106.99319999900003,-6.238082995999973,0],[106.99324600000001,-6.237436999999902,0],[106.99327541100006,-6.2371859369999125,0],[106.99331499900005,-6.236847999999929,0],[106.9933350000001,-6.236562999999974,0],[106.99334500000003,-6.2364209999999485,0],[106.99334500000003,-6.236324566999963,0],[106.99334500000003,-6.236167998999976,0],[106.99336100000004,-6.235881999999938,0],[106.99336200000002,-6.235860999999977,0],[106.99337200100005,-6.235577000000015,0],[106.99338243600003,-6.235434795999973,0],[106.99343100000004,-6.234772999999928,0],[106.99349600000001,-6.234042998999923,0]]},"properties":{}},{"type":"Feature","geometry":{"bbox":[106.94073700000011,-6.31048100099998,106.95038100000002,-6.307915999999937],"type":"LineString","coordinates":[[106.95038100000002,-6.310477001000004,0],[106.95036085300005,-6.310479179000007,0],[106.95034400000007,-6.31048100099998,0],[106.9502605910001,-6.310469680999931,0],[106.95020400000004,-6.3104620010000065,0],[106.94999497300006,-6.310378638999948,0],[106.94986800000004,-6.310328000999933,0],[106.94958400000007,-6.310214999999998,0],[106.9492258540001,-6.310073234999992,0],[106.94881600000012,-6.30991099999998,0],[106.94876934100009,-6.309891954999914,0],[106.94876700100006,-6.309890999999924,0],[106.94845700000009,-6.309782999999959,0],[106.94815592600004,-6.309631648999959,0],[106.94808700100002,-6.309596999999934,0],[106.94804700000009,-6.309576999999967,0],[106.9478130000001,-6.309458999999974,0],[106.94773498000004,-6.309448306999977,0],[106.94761600000004,-6.30943199999996,0],[106.94750965400004,-6.309450703999998,0],[106.9474170000001,-6.309466999999925,0],[106.94739500000006,-6.30947100099999,0],[106.94723379200003,-6.3094980979999225,0],[106.94704400000006,-6.309530000999898,0],[106.94692700000006,-6.309550000999954,0],[106.94679900000004,-6.3095149989999,0],[106.94653699900003,-6.309367000999911,0],[106.94650700100003,-6.30935100099992,0],[106.94640629100005,-6.3092969779999795,0],[106.94635600000007,-6.309270000999968,0],[106.94625942000006,-6.309217531999979,0],[106.94614800000008,-6.309156999999944,0],[106.94591000000011,-6.3091200009999024,0],[106.94588274200008,-6.309115911999919,0],[106.9458701610001,-6.309114024999941,0],[106.94586999900008,-6.309114000999939,0],[106.94574300000006,-6.309152999999968,0],[106.94563573700006,-6.30919035499995,0],[106.94554200000003,-6.309222999999987,0],[106.94547200000002,-6.309198000999961,0],[106.9454440000001,-6.309179000999988,0],[106.945051,-6.308914,0],[106.94499800000006,-6.308877999999952,0],[106.94480921200007,-6.3087500349999335,0],[106.944759,-6.30871599999996,0],[106.94475892700008,-6.308716056999964,0],[106.9447000910001,-6.308761928999941,0],[106.9447000000001,-6.3087619999999465,0],[106.9446839990001,-6.308779530999976,0],[106.94449100000011,-6.308990999999976,0],[106.94432100000009,-6.3091950009999795,0],[106.9442750000001,-6.309193999999897,0],[106.94355300000005,-6.309001000000004,0],[106.94355292600004,-6.309000905999907,0],[106.94349798900002,-6.308931004999986,0],[106.94343900000003,-6.308878999999946,0],[106.94343897600002,-6.308878986999945,0],[106.94329000000005,-6.308821999999937,0],[106.9432637770001,-6.308811619999966,0],[106.94324200000007,-6.308802999999964,0],[106.94273100000007,-6.30867699999993,0],[106.94241600000002,-6.308573999999934,0],[106.94239799900005,-6.308567999999971,0],[106.94207750900009,-6.308443417999966,0],[106.94206100100006,-6.308436999999968,0],[106.94204067600006,-6.308431320999942,0],[106.94185700000006,-6.308380000999959,0],[106.94179800000005,-6.308368999999937,0],[106.9416590000001,-6.308342998999917,0],[106.94157860800001,-6.308305070999976,0],[106.94146400000004,-6.308250999999943,0],[106.94138973900003,-6.308192881999931,0],[106.94128000000009,-6.30810699999993,0],[106.94124426700007,-6.30807920699994,0],[106.94117200000004,-6.308022999999908,0],[106.94087300100009,-6.307950000999908,0],[106.94086111800007,-6.307946759999906,0],[106.94084000000001,-6.307940999999962,0],[106.94078394300008,-6.307927393999902,0],[106.94073700000011,-6.307915999999937,0]]},"properties":{}},{"type":"Feature","geometry":{"bbox":[107.01540300537829,-6.207538999999974,107.01824700000013,-6.195930831056563],"type":"LineString","coordinates":[[107.01803700100008,-6.207538999999974,0],[107.01805200000007,-6.207392999999973,0],[107.018055453,-6.207358468999958,0],[107.01805700000004,-6.207342998999922,0],[107.01806834300001,-6.207244015999992,0],[107.018152001,-6.206513999999986,0],[107.01817700100011,-6.205305000999962,0],[107.01819600000009,-6.204687999999981,0],[107.01824700000013,-6.203070000999956,0],[107.018246531,-6.202969111999957,0],[107.01824600000005,-6.20285499999993,0],[107.01824600000005,-6.2023519999999674,0],[107.01819200000003,-6.200133999999947,0],[107.01819300000001,-6.199974999999936,0],[107.01815307,-6.199896767999947,0],[107.01814400000005,-6.199878999999987,0],[107.01792499900004,-6.1997170009999945,0],[107.01771900000006,-6.199554000000008,0],[107.01761993500011,-6.199379965999997,0],[107.01760800000002,-6.19935899999995,0],[107.01746600000008,-6.1991500009999765,0],[107.01734836000011,-6.199103093000003,0],[107.01730800000007,-6.199087000000004,0],[107.01722402200005,-6.199037138999964,0],[107.01718000000004,-6.199011000999933,0],[107.01717991200003,-6.199010805999917,0],[107.01714583500006,-6.198934877999941,0],[107.01712300000013,-6.198883999999994,0],[107.01700408800005,-6.1986451759999515,0],[107.01700400000004,-6.198644999999937,0],[107.01697269600004,-6.198626392999907,0],[107.01686100000003,-6.198559999999921,0],[107.016516079,-6.19833790499993,0],[107.01645123400006,-6.198296150999939,0],[107.01645100000003,-6.198296000000015,0],[107.0163680380001,-6.198203359999988,0],[107.01627100000006,-6.198094999999993,0],[107.016236,-6.197940999999952,0],[107.01618657000009,-6.197657954999981,0],[107.01615200000008,-6.1974599999999445,0],[107.0161297020001,-6.19742655299993,0],[107.0159579990001,-6.197168999999937,0],[107.01579000000005,-6.196880999999999,0],[107.0158270000001,-6.19673499999991,0],[107.01584005100003,-6.196627459999982,0],[107.01585200000004,-6.196528999999918,0],[107.01576800000001,-6.196402998999973,0],[107.01558500000006,-6.1962579999999665,0],[107.0154748830001,-6.1961786129999705,0],[107.01541323900005,-6.196134171999935,0],[107.01541300000012,-6.19613400000001,0],[107.01540890800005,-6.196075353999953,0],[107.01540400000009,-6.196004999999994,0],[107.01540300537829,-6.195930831056563,0]]},"properties":{}},{"type":"Feature","geometry":{"bbox":[106.99368799900009,-6.262813999999951,107.0178279990001,-6.254534000000001],"type":"LineString","coordinates":[[106.99368799900009,-6.254534000000001,0],[106.99368839800012,-6.254534129000012,0],[106.99381149400008,-6.254573778999918,0],[106.99389600000006,-6.2546009999999495,0],[106.99393630900002,-6.254613795999942,0],[106.99402199900001,-6.254640999999973,0],[106.994358,-6.254750999999926,0],[106.99447600000009,-6.254790998999949,0],[106.99530600000011,-6.255075,0],[106.99530623200005,-6.2550750820000065,0],[106.99592100100001,-6.255291999999924,0],[106.99620900000004,-6.255406999999936,0],[106.99661,-6.255546999999973,0],[106.99708800000012,-6.25569699999995,0],[106.99716300000001,-6.255724999999957,0],[106.99746500100005,-6.255838000999981,0],[106.99769774200003,-6.255923552999954,0],[106.99866199900005,-6.256277999999972,0],[106.99893422200002,-6.25637863999995,0],[106.99915700000007,-6.256461000999925,0],[106.9993850000001,-6.256521999999999,0],[106.99967000000005,-6.2566009999999626,0],[107.0000000000001,-6.25670699999994,0],[107.000000001,-6.256661538999909,0],[107.000000001,-6.256599000999886,0],[107.00021300000013,-6.256659000999965,0],[107.00021310800005,-6.256659029999968,0],[107.00021457800008,-6.256659437999913,0],[107.00061000000002,-6.256769000000007,0],[107.00085373500012,-6.256863785999945,0],[107.00107800000002,-6.256950999999967,0],[107.00143500000007,-6.25708200099997,0],[107.00189300000005,-6.257252999999908,0],[107.0035510000001,-6.257840999999887,0],[107.00428381800006,-6.258122925999944,0],[107.00428400100009,-6.2581229979999495,0],[107.00476200000011,-6.258293999999976,0],[107.00503699900013,-6.258384999999956,0],[107.00537519700003,-6.258489260999967,0],[107.00555600000008,-6.258544999999961,0],[107.00577593100007,-6.258620081999956,0],[107.00617700000004,-6.258756999999916,0],[107.00636286600005,-6.258817740999968,0],[107.00648300000005,-6.25885700099993,0],[107.00689000000006,-6.258998000999961,0],[107.00714400000003,-6.259078001000008,0],[107.00722501400006,-6.259101882999941,0],[107.00731700000003,-6.259128999999964,0],[107.00737961600007,-6.2591518609999905,0],[107.0073800000001,-6.259152000000002,0],[107.0075024210001,-6.259196463999951,0],[107.00759200000005,-6.259228999999978,0],[107.00776939000008,-6.259289734999941,0],[107.00788700000004,-6.259330000999986,0],[107.00825400000011,-6.259451000999961,0],[107.008812,-6.259635999999903,0],[107.00976592900007,-6.259971090000006,0],[107.01018700000009,-6.260118999999987,0],[107.01047454900008,-6.260213769999924,0],[107.01116400000011,-6.260440999999984,0],[107.01151898400008,-6.260567285999953,0],[107.01229400000007,-6.260842999999939,0],[107.01262245900007,-6.260964529999958,0],[107.01289400000007,-6.261065000000011,0],[107.01323081400005,-6.261193585999903,0],[107.01330000100009,-6.261219999999957,0],[107.013325836,-6.261231020999981,0],[107.01344300000002,-6.261280999999942,0],[107.01356838300009,-6.261323306999978,0],[107.01376900000008,-6.261390999999984,0],[107.01421600100012,-6.261541999999954,0],[107.01421649400007,-6.26154219199997,0],[107.01445100000011,-6.261632999999934,0],[107.0144680870001,-6.261638592999953,0],[107.01472600100004,-6.26172299999992,0],[107.01501100000009,-6.261833999999956,0],[107.0153567460001,-6.261954913999924,0],[107.01535699900002,-6.261955002999931,0],[107.01589600000003,-6.262146000000014,0],[107.01595149700009,-6.26216431299993,0],[107.01669,-6.262407999999931,0],[107.01689660100004,-6.262477196999972,0],[107.01710799900003,-6.262548000999969,0],[107.0178279990001,-6.262813999999951,0]]},"properties":{}},{"type":"Feature","geometry":{"bbox":[107.01723199999999,-6.353579442153935,107.01723202576233,-6.353578999999977],"type":"LineString","coordinates":[[107.01723199999999,-6.353578999999977,0],[107.01723202576233,-6.353579442153935,0]]},"properties":{}},{"type":"Feature","geometry":{"bbox":[107.01016100000007,-6.247172999999973,107.03036500100002,-6.225792999999969],"type":"LineString","coordinates":[[107.03036500100002,-6.226733999999935,0],[107.02959675400005,-6.226499517999985,0],[107.02921500100008,-6.226382999999936,0],[107.02902279800009,-6.226313108999927,0],[107.02888499900006,-6.226262999999955,0],[107.02874741200013,-6.226213206999921,0],[107.02836000000005,-6.226072999999955,0],[107.02813800000006,-6.226005998999918,0],[107.0275910000001,-6.225860999999911,0],[107.02722999900007,-6.225795999999951,0],[107.0271960000001,-6.225792999999969,0],[107.02697500000002,-6.225796999999945,0],[107.02676987800001,-6.225830497999963,0],[107.02647900000002,-6.225877999999986,0],[107.0262760000001,-6.22595700099995,0],[107.02627343000006,-6.225957797999927,0],[107.0262470000001,-6.225966000999984,0],[107.02610800000005,-6.226042000999966,0],[107.02584000000009,-6.226211000000005,0],[107.02562500000006,-6.226350000999959,0],[107.025341999,-6.226556999999945,0],[107.02522319100002,-6.226666716999963,0],[107.02514600000003,-6.226737999999999,0],[107.02462329100004,-6.227151250999997,0],[107.02425300000004,-6.227443999999972,0],[107.02374400000012,-6.227860999999924,0],[107.02355600000001,-6.2280039999999435,0],[107.02343500000005,-6.228139999999916,0],[107.02302299900006,-6.228439999999958,0],[107.02298109000006,-6.228474923999917,0],[107.02296300000008,-6.22849000000001,0],[107.02294965900003,-6.228498004999961,0],[107.02294800000007,-6.228498999999955,0],[107.02294550900004,-6.228502558999894,0],[107.02294100000003,-6.228508999999983,0],[107.02279667000008,-6.228623184999927,0],[107.0227829990001,-6.228633999999934,0],[107.02275046500007,-6.228664562999976,0],[107.02248600000004,-6.228913000000015,0],[107.0223020000001,-6.229045001000012,0],[107.02218900100007,-6.229126001999964,0],[107.02211300000009,-6.229165998999987,0],[107.0220370000001,-6.229233999999929,0],[107.02147300100006,-6.22966900099995,0],[107.02140103800006,-6.22972458299993,0],[107.0212050000001,-6.229875999999935,0],[107.02096600100003,-6.230060000999972,0],[107.02092001600005,-6.230100144999918,0],[107.02090300100006,-6.230115001999904,0],[107.02046700000005,-6.230425999999968,0],[107.0202980000001,-6.230552999999906,0],[107.02029795600001,-6.230553073999912,0],[107.02026000000006,-6.230616999999961,0],[107.01997200000004,-6.2307059999999534,0],[107.01970389000006,-6.230883250999964,0],[107.01925199900006,-6.231181999999903,0],[107.01902800000009,-6.231377999999955,0],[107.01898959800012,-6.231536167999897,0],[107.0189100000001,-6.231863999999932,0],[107.01889547300006,-6.231868469999947,0],[107.01888400000009,-6.2318719999999725,0],[107.018561,-6.232077999999964,0],[107.0183260000001,-6.232255999999948,0],[107.01829584200009,-6.232288539999976,0],[107.01828800100006,-6.232296999999965,0],[107.01822200000002,-6.232336999999989,0],[107.01799700000005,-6.232513999999979,0],[107.01773800200003,-6.232691001999969,0],[107.0176680010001,-6.232770999999927,0],[107.0176604630001,-6.232781437999991,0],[107.01762900000007,-6.232825000999954,0],[107.01751000000009,-6.232937999999978,0],[107.01744535400006,-6.233024486999939,0],[107.01743600000009,-6.233036999999998,0],[107.01740499900009,-6.233082000999991,0],[107.01731747800005,-6.233202477999923,0],[107.01724300000011,-6.233304999999968,0],[107.01721899800008,-6.233381998999944,0],[107.01721898000007,-6.233382043999947,0],[107.01712200000013,-6.233604999999921,0],[107.01692000000011,-6.234033999999978,0],[107.01691388100005,-6.23407027999996,0],[107.01690600000002,-6.234117000000007,0],[107.01688100000008,-6.234616999999988,0],[107.01688200000008,-6.23466699899995,0],[107.01678800000012,-6.234754999999948,0],[107.0167620000001,-6.234911000999977,0],[107.01674100000005,-6.235023999999912,0],[107.01674092600004,-6.235024255999933,0],[107.01669200000008,-6.235193998999945,0],[107.01668532000006,-6.235253620999993,0],[107.01666500000006,-6.235434999999901,0],[107.01665099800006,-6.235540999999968,0],[107.01665100000007,-6.235556586999925,0],[107.01665100000007,-6.235668999999989,0],[107.0166300000001,-6.2357539999999165,0],[107.01662400000005,-6.235944999999999,0],[107.01661468800008,-6.236018464999949,0],[107.01659700000003,-6.236157999999948,0],[107.01658297200002,-6.236285594999936,0],[107.01657600000007,-6.236348999999942,0],[107.01656832600005,-6.236401299000006,0],[107.01654900000005,-6.236532999999978,0],[107.01654311500002,-6.236645643999973,0],[107.0165419990001,-6.236666999999963,0],[107.01652645300005,-6.236727520999997,0],[107.0165140000001,-6.236775999999923,0],[107.0164968190001,-6.236856028999972,0],[107.01647600100006,-6.2369530000000015,0],[107.01646100100007,-6.237099000999914,0],[107.0164690000001,-6.237199000000016,0],[107.01647700100006,-6.237267999999952,0],[107.0164700280001,-6.237360675999982,0],[107.0164700000001,-6.237361000000009,0],[107.01647800000005,-6.23746799999998,0],[107.01648599900008,-6.237560999999948,0],[107.01648631800002,-6.237600183999993,0],[107.01648700000008,-6.237683999999911,0],[107.01654099900011,-6.237790999999971,0],[107.01650300000007,-6.237929999999926,0],[107.01648800000008,-6.238092999999912,0],[107.01642900000007,-6.238450999999957,0],[107.01641800000006,-6.238463000999973,0],[107.01632918400009,-6.238664163999919,0],[107.01630100000006,-6.238727999999961,0],[107.01619400000008,-6.238941999999993,0],[107.0161770240001,-6.238965766000005,0],[107.01617400000003,-6.238969999999911,0],[107.01606800000005,-6.239159000000006,0],[107.01604672400006,-6.239196305999984,0],[107.01599500000005,-6.239286999999939,0],[107.01594000000003,-6.2394109999999845,0],[107.01585200000004,-6.239629999999986,0],[107.0158507510001,-6.239666217999963,0],[107.01584900000005,-6.239716999999901,0],[107.01583400000005,-6.239810000999958,0],[107.01576402600004,-6.239793485999924,0],[107.01567300000005,-6.239772000999922,0],[107.01566679600008,-6.239785293999956,0],[107.01565900000006,-6.2398019999999175,0],[107.01517739000008,-6.2407767439999215,0],[107.01486500000009,-6.24140900000001,0],[107.01482397100006,-6.241477729999923,0],[107.01470800000006,-6.241671999999921,0],[107.01462300000013,-6.2419239999999,0],[107.0145195650001,-6.242121910999932,0],[107.0144959990001,-6.242167000999933,0],[107.01445012500004,-6.242248475999924,0],[107.01417900000007,-6.242729999999975,0],[107.01409600000005,-6.242903999999983,0],[107.01409003600008,-6.242910758999921,0],[107.01406600000006,-6.242937999999954,0],[107.01402529300006,-6.243029717999905,0],[107.01398699900008,-6.243115999999938,0],[107.01364901600002,-6.243807973999905,0],[107.0136490020001,-6.243808000999907,0],[107.01353699900007,-6.2440369999999366,0],[107.01320599900004,-6.244714999999902,0],[107.01319626600012,-6.244735038999961,0],[107.01318900000005,-6.244749999999955,0],[107.01318783200004,-6.244754673999987,0],[107.01318700000006,-6.244757999999907,0],[107.0131777500001,-6.244887890999996,0],[107.01316400000012,-6.245080999999987,0],[107.01304058500003,-6.245291592999914,0],[107.01292900000003,-6.245481999999948,0],[107.01277112400003,-6.245741794999949,0],[107.01277100000001,-6.245741998999966,0],[107.01257400000006,-6.245927999999902,0],[107.01247600000004,-6.245968000999925,0],[107.01161600000002,-6.246320000000006,0],[107.01160984300013,-6.246321771999975,0],[107.01147700000007,-6.246359999999941,0],[107.01105200000008,-6.246470999999888,0],[107.0107860000001,-6.246529999999973,0],[107.01078591000008,-6.246530049999977,0],[107.01078549500005,-6.246530283999997,0],[107.01052900000005,-6.2466739999998975,0],[107.01034100000004,-6.2468499999999825,0],[107.01034094500004,-6.246850085999901,0],[107.01020299700008,-6.24706799799999,0],[107.01020298100008,-6.247068027999903,0],[107.01019765900008,-6.24708135099994,0],[107.01016103200007,-6.247172919999967,0],[107.01016100000007,-6.247172999999973,0]]},"properties":{}},{"type":"Feature","geometry":{"bbox":[106.96619952335024,-6.225713998999916,106.98183800000007,-6.206919882727858],"type":"LineString","coordinates":[[106.96619952335024,-6.206919882727858,0],[106.9665062710001,-6.2074372699999945,0],[106.96658199900007,-6.207564999999905,0],[106.96664849000005,-6.207708941999913,0],[106.96676400000011,-6.207958999999997,0],[106.96682349600006,-6.208419563999913,0],[106.96684900100004,-6.208616999999906,0],[106.96688025700006,-6.208662358999929,0],[106.96706400000006,-6.208928999999964,0],[106.96729992600005,-6.2091437089999655,0],[106.96734195000006,-6.2091819549999325,0],[106.96734200000006,-6.209181999999936,0],[106.96734394600004,-6.209182707999995,0],[106.96737500000005,-6.209194000999952,0],[106.96755200000003,-6.209213000999926,0],[106.96791839000007,-6.209228190999939,0],[106.96856500100009,-6.209254999999937,0],[106.969003,-6.209293999999966,0],[106.96955600100002,-6.209309999999958,0],[106.96957155900006,-6.209309337999992,0],[106.96960300000009,-6.20930800099997,0],[106.96967999900006,-6.209295999999954,0],[106.96968000300006,-6.209296088999961,0],[106.96968300000005,-6.209381999999964,0],[106.96968303700005,-6.20938230999999,0],[106.96972500000005,-6.209736999999938,0],[106.96980300000003,-6.210504999999978,0],[106.96985414600009,-6.210816581000001,0],[106.96989000000012,-6.211034999999955,0],[106.96990611600003,-6.211308964999974,0],[106.9699370000001,-6.211833999999984,0],[106.969970114,-6.2124373019999855,0],[106.96999199900003,-6.212835999999934,0],[106.97006400000004,-6.212961999999967,0],[106.97013400000006,-6.213054003999941,0],[106.97016100000008,-6.213219000000004,0],[106.9699670000001,-6.21355099999994,0],[106.96993098400004,-6.213617150999907,0],[106.96986900000007,-6.213730999999912,0],[106.96986626300011,-6.213748450999935,0],[106.96985300100008,-6.213833000999914,0],[106.96988556600012,-6.213944807999928,0],[106.96991300000008,-6.214038999999994,0],[106.97002668400006,-6.214262256999993,0],[106.97007900000004,-6.214364999999967,0],[106.97009645800006,-6.214403765999977,0],[106.97014699900006,-6.2145159999999375,0],[106.97018100000004,-6.214895999999937,0],[106.97018207200004,-6.214909935999936,0],[106.97018400000012,-6.214934999999967,0],[106.97022200100005,-6.215192999999909,0],[106.97036800100005,-6.215639999999945,0],[106.97042299800007,-6.216131000999981,0],[106.97042300100009,-6.216131067999898,0],[106.97042300100009,-6.2161555969999736,0],[106.97042299900008,-6.216156000999918,0],[106.97043900000007,-6.216668999999998,0],[106.97052788400005,-6.217710795999954,0],[106.97059300000002,-6.218474000999953,0],[106.97061500000007,-6.2187309999999005,0],[106.97061500000007,-6.218735999999959,0],[106.97061856,-6.218778536999926,0],[106.97063400000005,-6.2189630010000005,0],[106.97067203400007,-6.219034081999931,0],[106.97081700000008,-6.219304999999965,0],[106.97083168600005,-6.219346854999964,0],[106.97085700000011,-6.2194189999999825,0],[106.97076000000007,-6.21991799999997,0],[106.97075300000003,-6.219954000000017,0],[106.97075199900003,-6.220208000999984,0],[106.97074365700006,-6.220255743999937,0],[106.97068700000007,-6.220579999999943,0],[106.97064366700005,-6.220775001999913,0],[106.97061100000009,-6.220921999999996,0],[106.97055944700008,-6.221150409999977,0],[106.97053900000009,-6.221240999999923,0],[106.97058381200006,-6.221244877999977,0],[106.97064300000008,-6.221249999999957,0],[106.97088287800003,-6.221294325999983,0],[106.970919,-6.221301001000002,0],[106.97101987300009,-6.221309342999982,0],[106.97118462400003,-6.221322969999955,0],[106.97118500000006,-6.221323000999957,0],[106.97182900000006,-6.2213759999999905,0],[106.97199413500005,-6.221394871999953,0],[106.97207400000008,-6.221403999999909,0],[106.97237400000003,-6.221444999999926,0],[106.97255700000008,-6.221469999999952,0],[106.97308160600005,-6.221542637999923,0],[106.97346699900005,-6.221596000999986,0],[106.97368800900004,-6.221626432999928,0],[106.97390999900003,-6.22165699999997,0],[106.97422843300008,-6.221693268999951,0],[106.97434900000012,-6.221707000999933,0],[106.97443834400005,-6.221730639999935,0],[106.97460600000007,-6.221774999999964,0],[106.97561400000006,-6.222085999999939,0],[106.97564464600002,-6.2220939949999785,0],[106.9757980000001,-6.2221339999999135,0],[106.97584000000002,-6.222149999999905,0],[106.9759870000001,-6.222194999999987,0],[106.97643738400006,-6.2224102409999436,0],[106.97659800100003,-6.2224869999999886,0],[106.97659839700006,-6.22248724199992,0],[106.9780180000001,-6.223342999999938,0],[106.97821999900003,-6.223496999999979,0],[106.97882200000002,-6.223851999999953,0],[106.97911700000009,-6.224042999999947,0],[106.97942704400008,-6.224226079999907,0],[106.97966399900005,-6.224365999999938,0],[106.97996900000007,-6.224563999999889,0],[106.98007008500008,-6.224626966999947,0],[106.98032700000002,-6.224787000999955,0],[106.98077097100007,-6.2250619819999695,0],[106.98077100000008,-6.225062000999971,0],[106.98079500000001,-6.225077999999963,0],[106.98086000000006,-6.2251229999999556,0],[106.98126500000009,-6.22535299999989,0],[106.98142115300004,-6.225451379999948,0],[106.98183800000007,-6.225713998999916,0]]},"properties":{}},{"type":"Feature","geometry":{"bbox":[107.00916600000008,-6.22462699999995,107.01120500000012,-6.2158179999999295],"type":"LineString","coordinates":[[107.00916600000008,-6.2158179999999295,0],[107.00930400000004,-6.215946999999945,0],[107.00937500000005,-6.216119999999959,0],[107.00939162800009,-6.216177889999953,0],[107.00942900000008,-6.216307999999971,0],[107.00947661900003,-6.216501072999959,0],[107.00948400000001,-6.216530998999948,0],[107.00953200000008,-6.216772999999899,0],[107.00956600100004,-6.2173320029999655,0],[107.00961799900008,-6.2177300009999446,0],[107.00966400000007,-6.218105000999975,0],[107.00972465000002,-6.218453176999917,0],[107.00974500000011,-6.218570000999902,0],[107.00993300000003,-6.219092999999921,0],[107.01013800000003,-6.219666999999985,0],[107.01022400000004,-6.219970999999914,0],[107.01029300000006,-6.220360000999948,0],[107.01041300000004,-6.220848999999907,0],[107.01048070100005,-6.221131236999989,0],[107.010567,-6.221491000000002,0],[107.01067099900008,-6.2220660009999715,0],[107.01079099900006,-6.222572000999916,0],[107.01091200000003,-6.223264999999968,0],[107.01099800000004,-6.223669999999993,0],[107.01110100000004,-6.224108999999901,0],[107.01114274000012,-6.2243168969999605,0],[107.01120500000012,-6.22462699999995,0]]},"properties":{}},{"type":"Feature","geometry":{"bbox":[106.99308400000002,-6.305440999999968,107.01657338324641,-6.276174827250204],"type":"LineString","coordinates":[[107.01657338324641,-6.276174827250204,0],[107.01622900000005,-6.27663599999997,0],[107.0159677240001,-6.2769856049999415,0],[107.01587699900006,-6.277106999999949,0],[107.01573100000006,-6.277303000000002,0],[107.01550900000008,-6.277598999999979,0],[107.01550356300007,-6.2776080619999295,0],[107.01548500000004,-6.277639000000002,0],[107.01514700000006,-6.278222000000012,0],[107.01479900300004,-6.278823002000001,0],[107.01479885700012,-6.278823254999933,0],[107.01438200000008,-6.279540999999901,0],[107.01432174000007,-6.27964143199995,0],[107.01427400000003,-6.279720999999961,0],[107.01425700000004,-6.279739999999935,0],[107.01407700000007,-6.279906000999992,0],[107.0136330010001,-6.280136000999926,0],[107.01347135800006,-6.280199187999914,0],[107.01308300000008,-6.280350999999952,0],[107.01296471900005,-6.280397536999983,0],[107.01283900000004,-6.28044700099999,0],[107.01258499900008,-6.280512999999944,0],[107.01256766000007,-6.2805155369998875,0],[107.01254400000006,-6.280518999999996,0],[107.01235000000008,-6.280611999999964,0],[107.0123146270001,-6.280652169999913,0],[107.0121730000001,-6.280812999999986,0],[107.01175200000009,-6.281597000000017,0],[107.01162600000005,-6.281863999999905,0],[107.01154935100001,-6.281970291999906,0],[107.01144500000008,-6.282114999999978,0],[107.01104000100005,-6.282437999999969,0],[107.01097571700006,-6.282489332999953,0],[107.01076700000003,-6.282655999999976,0],[107.01054114300008,-6.282821189999966,0],[107.01045800000013,-6.282881999999935,0],[107.0104425870001,-6.282895746999918,0],[107.0104210000001,-6.282914999999912,0],[107.01034096300003,-6.282968047999949,0],[107.01033500300008,-6.282972003999921,0],[107.01033174700008,-6.282974716999968,0],[107.01023800000004,-6.283052999999962,0],[107.00998899900004,-6.283259000999953,0],[107.00992566300005,-6.283311296999928,0],[107.00977100100005,-6.283438999999925,0],[107.00968628100004,-6.283507777999931,0],[107.00968625300004,-6.283507794999933,0],[107.00968600000003,-6.28350799999995,0],[107.00959500000005,-6.283538999999939,0],[107.00926900000007,-6.28358600099992,0],[107.00891500000009,-6.283632999999989,0],[107.00880973900009,-6.283657469999971,0],[107.00864400000005,-6.283695999999962,0],[107.00770699900006,-6.283867000999988,0],[107.00769546700009,-6.283868883999967,0],[107.00765800000009,-6.28387499999994,0],[107.00750300000006,-6.283923999999997,0],[107.00742900000006,-6.284230000000003,0],[107.00741988600002,-6.284266454999999,0],[107.00741600000005,-6.284281999999953,0],[107.00728349200001,-6.284526989999973,0],[107.00701900000007,-6.285015999999933,0],[107.0068904650001,-6.285252827999988,0],[107.00663800000008,-6.285718000000019,0],[107.00601000000007,-6.287219000999956,0],[107.00600321900005,-6.287242733999966,0],[107.00599800000006,-6.287260999999967,0],[107.00597847300013,-6.287279853999928,0],[107.00596900000005,-6.287288999999975,0],[107.005795505,-6.287584034999961,0],[107.00578200000004,-6.287606999999996,0],[107.00578185500002,-6.287607217999925,0],[107.00578096200005,-6.2876085609999475,0],[107.0055380000001,-6.287973999999986,0],[107.00543023900006,-6.288066287999895,0],[107.00534300100013,-6.288140999999948,0],[107.00524200000004,-6.288232999999922,0],[107.00518407400004,-6.288321521999963,0],[107.0051000000001,-6.288449999999935,0],[107.00508700000009,-6.288476999999949,0],[107.00508666600005,-6.288478002999943,0],[107.00508600000009,-6.288479999999931,0],[107.00506556300009,-6.288521290999972,0],[107.00503700000003,-6.288578999999951,0],[107.00497200000008,-6.288711999999942,0],[107.00485200600009,-6.288906773999981,0],[107.00483400000012,-6.2889360010000015,0],[107.00471200000005,-6.289202999999889,0],[107.00460000100011,-6.289405000999993,0],[107.00449389200013,-6.289561669999989,0],[107.00430200000007,-6.289844999999984,0],[107.0042680000001,-6.289894998999946,0],[107.00412900000005,-6.290086999999934,0],[107.00402000000008,-6.290353999999999,0],[107.00386500000005,-6.2908369999999945,0],[107.00384390400008,-6.290895766999972,0],[107.00382300100004,-6.290953999999905,0],[107.00360500000004,-6.291551000000007,0],[107.00343699900007,-6.291849999999966,0],[107.00343443700004,-6.291853416999983,0],[107.0034190000001,-6.291873999999909,0],[107.00310499900006,-6.2923070009999424,0],[107.00306000100007,-6.292347000999966,0],[107.00295300000009,-6.292443999999909,0],[107.00260900000005,-6.2926719999999445,0],[107.0025570010001,-6.292712999999962,0],[107.00249100000005,-6.292765999999995,0],[107.00243929600003,-6.292832893999934,0],[107.00231400000007,-6.2929949999999355,0],[107.00212207800008,-6.293365886999981,0],[107.0018399990001,-6.293910998999964,0],[107.00174,-6.29410499999994,0],[107.00155471500004,-6.294473275999946,0],[107.0014170000001,-6.294746999999946,0],[107.00121000000011,-6.295158000999935,0],[107.00106880000007,-6.29536547799996,0],[107.00101400000005,-6.295445999999961,0],[107.00086200000001,-6.295669999999932,0],[107.00077700000008,-6.295801000999935,0],[107.00071584400008,-6.295880041999991,0],[107.0006710000001,-6.295937999999991,0],[107.00063600000004,-6.295982999999984,0],[107.00043350300008,-6.296280265999977,0],[107.00038600000006,-6.296349999999974,0],[107.00034923000004,-6.296415915999921,0],[107.00022200000008,-6.296643999999963,0],[106.9999990000001,-6.297047000000001,0],[106.9999990000001,-6.296494297000011,0],[106.9999990000001,-6.296293999999959,0],[106.9999990000001,-6.296011000999991,0],[106.99946732700008,-6.296323807999938,0],[106.99946700000005,-6.296323999999954,0],[106.9992884370001,-6.296463023999911,0],[106.99918700000006,-6.2965420009999615,0],[106.99904150500001,-6.296627822999957,0],[106.99897000000004,-6.296669999999983,0],[106.99873400100006,-6.296753000000011,0],[106.99856204700005,-6.296825979999921,0],[106.99856199900005,-6.296825999999923,0],[106.99841800000011,-6.296988999999909,0],[106.99822818000004,-6.29722577399996,0],[106.99822800300002,-6.297226001999979,0],[106.99821692700009,-6.297241123999987,0],[106.99792199900011,-6.297643999999925,0],[106.99766000000001,-6.298034999999947,0],[106.99759024400002,-6.298077794999935,0],[106.99749700000002,-6.298134999999961,0],[106.99742556400007,-6.29820749399992,0],[106.99736200000005,-6.298271999999928,0],[106.99722700000007,-6.2984529999999825,0],[106.99712800000005,-6.298590000999949,0],[106.99705600100005,-6.29883499999997,0],[106.99704206400004,-6.298955260999973,0],[106.99699400000007,-6.299370000999916,0],[106.99703473700006,-6.299383786999991,0],[106.99705900000002,-6.29939199899996,0],[106.99715300000008,-6.299558001000017,0],[106.99722700000007,-6.299695999999889,0],[106.99734130300003,-6.29998131899996,0],[106.99735800000008,-6.300022999999944,0],[106.99736068800003,-6.300081122999957,0],[106.99736600100003,-6.300195999999959,0],[106.99733000100007,-6.300335000000002,0],[106.99723761600006,-6.300445860999938,0],[106.99722000000011,-6.300466999999999,0],[106.99688900000008,-6.3007910009998955,0],[106.99639100000009,-6.301278000999956,0],[106.99623100000008,-6.30147699999999,0],[106.99623094600008,-6.301477157999914,0],[106.99622252200001,-6.3015015189999755,0],[106.99619400000005,-6.301583999999961,0],[106.99616299900005,-6.301673999999947,0],[106.99605800000008,-6.301988999999898,0],[106.99599063200009,-6.3021153159999574,0],[106.99585800000004,-6.302363999999928,0],[106.9955398810001,-6.302539352999959,0],[106.99544800000005,-6.302589998999975,0],[106.99533200000005,-6.302671000000016,0],[106.99518100000007,-6.302815999999934,0],[106.99499500000005,-6.3029970009999,0],[106.99492851000005,-6.303060969999953,0],[106.994784,-6.30319999999991,0],[106.99466200000003,-6.303331999999996,0],[106.99466180300001,-6.30333216099992,0],[106.9945910000001,-6.3033899999999985,0],[106.9945170010001,-6.303461000999922,0],[106.99444078500002,-6.303542518000006,0],[106.99440200000001,-6.303583999999974,0],[106.99432200000005,-6.303670999999978,0],[106.99421600000008,-6.3037809999999315,0],[106.99411682300004,-6.303891120999895,0],[106.99407100000006,-6.30394199999993,0],[106.99400369600009,-6.304020071999995,0],[106.99392100000009,-6.304115999999938,0],[106.99378900000009,-6.304339000000004,0],[106.99373200000008,-6.304426000000008,0],[106.99366823700005,-6.3045238899999365,0],[106.99366100000007,-6.304534999999968,0],[106.99364701400008,-6.304563297,0],[106.99357500000006,-6.304708999999976,0],[106.99348800000006,-6.304877000000021,0],[106.99337300000005,-6.305098999999915,0],[106.99333571400007,-6.305154644999989,0],[106.99324100000005,-6.305295999999961,0],[106.99316800000005,-6.305391999999911,0],[106.99308420500005,-6.305440879999958,0],[106.99308400000002,-6.305440999999968,0]]},"properties":{}},{"type":"Feature","geometry":{"bbox":[107.02821300000005,-6.278613000999945,107.02821303213763,-6.27861275145858],"type":"LineString","coordinates":[[107.02821300000005,-6.278613000999945,0],[107.02821303213763,-6.27861275145858,0]]},"properties":{}},{"type":"Feature","geometry":{"bbox":[106.94116100000011,-6.288126999999944,106.95543600000003,-6.277742000999998],"type":"LineString","coordinates":[[106.95543600000003,-6.277742000999998,0],[106.95542745800013,-6.277834361000002,0],[106.95542000000005,-6.277914999999924,0],[106.9551910000001,-6.278811999999979,0],[106.9551899030001,-6.278816935999943,0],[106.95518900000012,-6.278820999999924,0],[106.95509499900007,-6.279135999999964,0],[106.954755,-6.279479001000011,0],[106.95470158100002,-6.279523046999925,0],[106.95458399900006,-6.279619999999953,0],[106.95452377400005,-6.279669436999958,0],[106.95421000000003,-6.279926999999953,0],[106.95417074600006,-6.280011115999985,0],[106.95413300000006,-6.280091999999927,0],[106.95417,-6.280168999999903,0],[106.95421799900006,-6.280293999999943,0],[106.95421787000005,-6.2802941059999515,0],[106.95403844700004,-6.280440792000009,0],[106.95393310700003,-6.280526912999941,0],[106.95393300000002,-6.280526999999948,0],[106.95391287100004,-6.28058738699997,0],[106.95388799900012,-6.280661999999927,0],[106.95390430700004,-6.280686707999928,0],[106.953920999,-6.280711999999978,0],[106.95400129500008,-6.2807625789999,0],[106.95404800000003,-6.280791999999936,0],[106.95412200000003,-6.280883000000005,0],[106.95418000000004,-6.281039998999939,0],[106.95420900000003,-6.281212999999953,0],[106.95417200000009,-6.2813090009999915,0],[106.9541207170001,-6.281408235999942,0],[106.95409500000001,-6.281457999999974,0],[106.95409405700012,-6.281511991999912,0],[106.95408700000006,-6.281915999999944,0],[106.95402100000011,-6.2821529989999245,0],[106.95390300000011,-6.282321999999963,0],[106.95360200000007,-6.282601999999949,0],[106.95360182400006,-6.282601989999948,0],[106.95345900000007,-6.282593999999998,0],[106.95326800000007,-6.282599999999961,0],[106.95323581300006,-6.282662228999959,0],[106.95322300000008,-6.2826869999999655,0],[106.95305356300008,-6.2831006279999055,0],[106.952984998,-6.283267998999987,0],[106.95291500000008,-6.283368999999906,0],[106.95290000300008,-6.2834170569999745,0],[106.95287099900008,-6.2835099999999375,0],[106.95287000000009,-6.2835209999999595,0],[106.95284812100006,-6.28370754399994,0],[106.95281300000008,-6.284006998999937,0],[106.9524860000001,-6.284895000999958,0],[106.95244884200005,-6.284995606999933,0],[106.95238000000005,-6.28518199999999,0],[106.95221900000004,-6.285572999999923,0],[106.95220699900003,-6.2856459999999235,0],[106.95208400000007,-6.285808000000005,0],[106.95176500000005,-6.286342999999951,0],[106.95176493900004,-6.286343176999965,0],[106.95171200000001,-6.28648599999997,0],[106.95157249600003,-6.286699906999994,0],[106.95151700000005,-6.286784999999929,0],[106.95151022200011,-6.286791007999982,0],[106.95147300000005,-6.2868239999999584,0],[106.95137629800004,-6.286793108999978,0],[106.95132900000004,-6.2867779999999716,0],[106.95121255100008,-6.286854899999939,0],[106.95117000100002,-6.286883000999955,0],[106.95084100000007,-6.28701699999994,0],[106.95059099900008,-6.287118999999942,0],[106.950312001,-6.2871459999999555,0],[106.94936099900009,-6.286853999999954,0],[106.9490410000001,-6.286720999999963,0],[106.94892100000001,-6.286671,0],[106.94866325700009,-6.286550398999969,0],[106.94854700000008,-6.286495999999909,0],[106.94813900000007,-6.286348000000009,0],[106.94788900000007,-6.2863020009999335,0],[106.94741933700003,-6.286359828999922,0],[106.94695500000006,-6.286416999999945,0],[106.94641900000003,-6.286558000999976,0],[106.94636724700011,-6.286574011999969,0],[106.94587600000006,-6.286726001000021,0],[106.94566100000011,-6.286792999999969,0],[106.94559900000004,-6.286811999999943,0],[106.9452036090001,-6.286939259999903,0],[106.94501800000002,-6.286998999999961,0],[106.94482818800013,-6.287059739999924,0],[106.94471800000007,-6.287094999999999,0],[106.94454188200007,-6.287171428999928,0],[106.94434700000002,-6.2872559999999975,0],[106.94421756600005,-6.287304993999966,0],[106.94278300100011,-6.287847999999952,0],[106.9426872750001,-6.287884693999969,0],[106.94266300000004,-6.287893999999939,0],[106.94260800100001,-6.287904999999961,0],[106.94171000000006,-6.288085999999927,0],[106.94151804600007,-6.288103183999928,0],[106.94125200000009,-6.288126999999944,0],[106.94116100000011,-6.288119998999987,0]]},"properties":{}},{"type":"Feature","geometry":{"bbox":[107.04341635118675,-6.307193999999972,107.04341700000002,-6.307189716975815],"type":"LineString","coordinates":[[107.04341635118675,-6.307189716975815,0],[107.04341700000002,-6.307193999999972,0]]},"properties":{}},{"type":"Feature","geometry":{"bbox":[107.00909200000008,-6.2158179999999295,107.01803700100008,-6.205751999999999],"type":"LineString","coordinates":[[107.01803700100008,-6.207538999999974,0],[107.01803697100007,-6.207538991999973,0],[107.01740100000004,-6.2073669999999534,0],[107.01566180500002,-6.206859463999971,0],[107.01527299900009,-6.206745999999997,0],[107.01456700000003,-6.206461000999953,0],[107.01399300000006,-6.206246999999921,0],[107.01349350600012,-6.206139965999947,0],[107.01292900000003,-6.206018999999975,0],[107.01188334600002,-6.205896891999908,0],[107.01171300000006,-6.2058769999999495,0],[107.0117071230001,-6.205877436999986,0],[107.01161906600001,-6.205883994999995,0],[107.0116190000001,-6.205883998999996,0],[107.0115932830001,-6.205840685999965,0],[107.01156200000008,-6.2057879999999574,0],[107.0114280010001,-6.205780000999917,0],[107.0109459990001,-6.205761000999944,0],[107.010863322,-6.205760303999975,0],[107.01059000000004,-6.205758000999962,0],[107.01053900000008,-6.205757999999962,0],[107.01046220200003,-6.2057572929999925,0],[107.00988800000005,-6.205751999999999,0],[107.00988795200004,-6.20575248599995,0],[107.00988292400007,-6.205803538999911,0],[107.00987499900003,-6.205883999999996,0],[107.00985600000006,-6.206078999999965,0],[107.00980700100008,-6.20622099999999,0],[107.00976750200002,-6.206336267999935,0],[107.00975800000003,-6.206363999999921,0],[107.00974475100008,-6.2064019909999555,0],[107.00967500000009,-6.206601999999984,0],[107.00961539500004,-6.2067756619999646,0],[107.00959400000005,-6.206837999999971,0],[107.0095698680001,-6.206907176999922,0],[107.00951900000007,-6.207052998999908,0],[107.0094120000001,-6.207361999999895,0],[107.00934200000007,-6.207564999999905,0],[107.00931688500003,-6.20765130399994,0],[107.00928700000006,-6.2077539989999995,0],[107.00924078000004,-6.207920510999921,0],[107.00920900000008,-6.208034999999979,0],[107.0091339990001,-6.208305999999931,0],[107.00909200000008,-6.208457999999984,0],[107.00909208500009,-6.208458019999986,0],[107.00925600000006,-6.208496999999925,0],[107.00948100000002,-6.208550000999958,0],[107.00969099999999,-6.208599999999921,0],[107.00988500000005,-6.2086459999999075,0],[107.00992241300004,-6.2086549009999334,0],[107.01015400000003,-6.208709999999963,0],[107.01037400000011,-6.208762001000002,0],[107.01041600000012,-6.208779000999899,0],[107.01040700000009,-6.208898000999975,0],[107.01040304500002,-6.208956657999943,0],[107.01040100000003,-6.208986999999967,0],[107.0103900000001,-6.209135999999949,0],[107.01038746100006,-6.209164939999946,0],[107.01038500000004,-6.209193000999958,0],[107.01037000000004,-6.209396999999962,0],[107.01036769500003,-6.209429118999955,0],[107.01035600000004,-6.209591999999931,0],[107.01035100000007,-6.20968799999997,0],[107.01034936700002,-6.209769670999977,0],[107.01034800000009,-6.209838000999946,0],[107.01035149300012,-6.209984719000007,0],[107.01035199300006,-6.210005733999969,0],[107.01035200000007,-6.210005999999991,0],[107.0103792260001,-6.210085087999962,0],[107.01041500000012,-6.210188999999945,0],[107.01046355500006,-6.210239923999984,0],[107.01049699900007,-6.210274999999955,0],[107.01058400000008,-6.210295000000011,0],[107.01064457600002,-6.21030893800001,0],[107.01069700000001,-6.210321000999942,0],[107.01087500000008,-6.210361999999959,0],[107.01097372600007,-6.210385530999952,0],[107.01106800000007,-6.210407999999946,0],[107.01118300000007,-6.210437999999941,0],[107.01120700000011,-6.210628999999935,0],[107.01121032900002,-6.210653691999935,0],[107.01121900000004,-6.210717999999927,0],[107.01124400000006,-6.210917999999955,0],[107.01125185100008,-6.210926586999955,0],[107.01127600000004,-6.21095299999992,0],[107.01131762900012,-6.211568171999927,0],[107.01133000000007,-6.211750999999955,0],[107.0113281860001,-6.211766118999963,0],[107.01132400000002,-6.211801000000007,0],[107.01089900000002,-6.21189299999998,0],[107.0104490000001,-6.211953999999965,0],[107.01041341400008,-6.211955498999911,0],[107.01035400000005,-6.211957999999941,0],[107.01020868800002,-6.21195632899998,0],[107.01018000100004,-6.211955999999953,0],[107.0101687630001,-6.212057977999953,0],[107.01014000000002,-6.212318999999967,0],[107.010075392,-6.212824068000012,0],[107.01002500000001,-6.213217999999921,0],[107.00983300000011,-6.213587998999982,0],[107.00961300000003,-6.2141599999999695,0],[107.00945600000009,-6.214624999999986,0],[107.00933100000005,-6.215069999999946,0],[107.009237,-6.215450999999939,0],[107.00918632100007,-6.2157129599999426,0],[107.00916600000008,-6.2158179999999295,0]]},"properties":{}},{"type":"Feature","geometry":{"bbox":[106.92695100000005,-6.3750000149999995,106.93885199900011,-6.370344000999962],"type":"LineString","coordinates":[[106.92897500300009,-6.370344000999962,0],[106.92897480600007,-6.370344395999995,0],[106.92821600100008,-6.371894999999951,0],[106.92782899900004,-6.372658999999926,0],[106.92778530300006,-6.372754402999915,0],[106.92739800000008,-6.37359999999998,0],[106.92701415700012,-6.374683689999939,0],[106.92695100000005,-6.374861998999949,0],[106.92695108000005,-6.374861999999949,0],[106.93885147600007,-6.3750000029999985,0],[106.93885199900011,-6.3750000149999995,0]]},"properties":{}},{"type":"Feature","geometry":{"bbox":[106.92025641102975,-6.341151000000012,106.93822400000002,-6.331507999999909],"type":"LineString","coordinates":[[106.93822400000002,-6.341151000000012,0],[106.93764852200009,-6.3407586469999675,0],[106.93663700000006,-6.340069000000016,0],[106.9364120000001,-6.339889999999949,0],[106.93609300100009,-6.33964299999994,0],[106.93607404000002,-6.339626654000009,0],[106.93597700100008,-6.339542999999926,0],[106.93589102900008,-6.339466580999998,0],[106.93581500000009,-6.339399000000002,0],[106.9353610000001,-6.339023999999972,0],[106.93527225500013,-6.33894525099994,0],[106.9350679990001,-6.338764000999953,0],[106.93495292100008,-6.338639731999974,0],[106.93478000000007,-6.338452999999978,0],[106.93403100000009,-6.337469999999913,0],[106.93385700000009,-6.337222999999904,0],[106.93341100000005,-6.336525998999965,0],[106.93324717500008,-6.336410542999916,0],[106.93320100000008,-6.336377999999977,0],[106.93306361200008,-6.3363416329999875,0],[106.93299700000007,-6.33632400099995,0],[106.93297571600009,-6.336316090999917,0],[106.93284899999999,-6.336268999999929,0],[106.93275060700003,-6.336230037999902,0],[106.9327000010001,-6.336209998999932,0],[106.93257900000003,-6.336160999999963,0],[106.93252779400007,-6.336117108999973,0],[106.93250200000006,-6.33609499899992,0],[106.9324359990001,-6.335957999999954,0],[106.93240804000001,-6.335831358999956,0],[106.93240200000005,-6.3358039999999125,0],[106.93239308100001,-6.335779675999943,0],[106.93235800000005,-6.335683999999931,0],[106.93234666900008,-6.33566729399997,0],[106.93228000000008,-6.335569000000008,0],[106.93220800000007,-6.3355029999999655,0],[106.93209300000007,-6.335448999999938,0],[106.93203557000001,-6.335401140999975,0],[106.9320270000001,-6.335393999999917,0],[106.93201020300005,-6.335374449999987,0],[106.93196600000003,-6.335322999999994,0],[106.93193800000003,-6.3351689999999525,0],[106.931926,-6.334965999999943,0],[106.93198099900012,-6.334792999999928,0],[106.93195908400008,-6.33478526599991,0],[106.93194700000006,-6.334781000999913,0],[106.931836907,-6.334754830999968,0],[106.93170300000013,-6.33472300099991,0],[106.93184800000004,-6.334013999999955,0],[106.9319100000001,-6.3337120010000145,0],[106.93192421500004,-6.333668465999965,0],[106.931926,-6.333662999999957,0],[106.931853,-6.33363500099995,0],[106.93173900000008,-6.333561999999949,0],[106.93165495600006,-6.333544510999923,0],[106.93156600100006,-6.33352599999999,0],[106.93136833200005,-6.333482741999964,0],[106.93123700100003,-6.333453999999984,0],[106.93077219500012,-6.333274287999947,0],[106.93074300000009,-6.33326300099999,0],[106.93022700000003,-6.33521000099997,0],[106.92967999900007,-6.335053999999941,0],[106.92923263200001,-6.334871693999956,0],[106.92893400000007,-6.334749999999923,0],[106.92888917100001,-6.334693215999932,0],[106.92888900000008,-6.334692999000003,0],[106.92891183500011,-6.334630473999981,0],[106.928931,-6.334577999999992,0],[106.92897700000007,-6.334351999999944,0],[106.9291779120001,-6.333361423999962,0],[106.92917800000001,-6.333360999999927,0],[106.92916249600006,-6.333329991999937,0],[106.92914300000005,-6.333290999999997,0],[106.92904307900004,-6.333266835999952,0],[106.92899000000008,-6.333253999999956,0],[106.92883292900007,-6.333218423999943,0],[106.92875600000009,-6.333201000000011,0],[106.92866400100012,-6.333153999999942,0],[106.92866198500003,-6.3329772639999735,0],[106.92866100000005,-6.3328910009999415,0],[106.92866095600004,-6.33289098599994,0],[106.928435,-6.332818998999935,0],[106.92820922800006,-6.3327370159999905,0],[106.92807700100005,-6.332688999999926,0],[106.92764200000002,-6.332594999999964,0],[106.92759943700005,-6.332580584000015,0],[106.92758000000005,-6.332574000000003,0],[106.92757994900003,-6.332573689999977,0],[106.92757434000002,-6.332539528999993,0],[106.92756900000002,-6.332506999999966,0],[106.92755407100012,-6.33241341499995,0],[106.92755400100002,-6.332413000000004,0],[106.92762200000006,-6.331965999999968,0],[106.92767178900009,-6.331816241999922,0],[106.92774900100008,-6.33158399999998,0],[106.92774870000005,-6.331583907999972,0],[106.92757300100008,-6.331529999999953,0],[106.92745100000012,-6.331507999999909,0],[106.92735590700006,-6.331507999999909,0],[106.92726400000001,-6.331507999999909,0],[106.92708100000006,-6.331547000999938,0],[106.92688800000008,-6.331627998999979,0],[106.92667600100003,-6.331722000999941,0],[106.92631300100001,-6.331949003999982,0],[106.9263128920001,-6.3319490819999,0],[106.9262872940001,-6.3319686170000065,0],[106.92604700000004,-6.332152000999903,0],[106.92592500000006,-6.332274999999955,0],[106.92587919,-6.332329012999894,0],[106.92579100000007,-6.332432999999972,0],[106.92571100000004,-6.332525998999939,0],[106.9256409860001,-6.3326146299999895,0],[106.9255380000001,-6.332744999999941,0],[106.92538400100007,-6.332983999999998,0],[106.92512799700002,-6.333360999000016,0],[106.9251279310001,-6.333361085999934,0],[106.9251139550001,-6.333378376999944,0],[106.92487500000006,-6.333674000999979,0],[106.92473626900004,-6.333904130999924,0],[106.92453499900007,-6.334237999000015,0],[106.9235810000001,-6.3340569999999605,0],[106.92301699900007,-6.333986999999942,0],[106.92266700000006,-6.333949999999989,0],[106.92163400000003,-6.333672999999985,0],[106.921522,-6.333642999999901,0],[106.92117500000006,-6.333538998999911,0],[106.92098800000005,-6.333482999999985,0],[106.92087661100007,-6.333449223999944,0],[106.9208330000001,-6.3334359999999155,0],[106.92076224800012,-6.333414924999948,0],[106.92073900000005,-6.333407999999997,0],[106.92072743700007,-6.333405178999941,0],[106.9205710000001,-6.3333669999999795,0],[106.92052044200008,-6.333355043999967,0],[106.92042300000011,-6.333331999999926,0],[106.92025641102975,-6.333285115678967,0]]},"properties":{}},{"type":"Feature","geometry":{"bbox":[106.92085285373413,-6.300501977311535,106.93722699900003,-6.299624999999965],"type":"LineString","coordinates":[[106.92085285373413,-6.300501977311535,0],[106.9224849990001,-6.300482000999997,0],[106.92350084200004,-6.300444998999955,0],[106.92454400000011,-6.30040699999992,0],[106.92463087600001,-6.300398609999936,0],[106.9248649990001,-6.300375999999931,0],[106.92512700000012,-6.300316999999934,0],[106.92547223500009,-6.300214443999975,0],[106.92570600000006,-6.300145001000002,0],[106.92587000000013,-6.3001219999999645,0],[106.92624899400005,-6.3000790019999595,0],[106.92668900000004,-6.300064999999956,0],[106.92719400000009,-6.300069999999925,0],[106.92755200000003,-6.300139999999944,0],[106.92778000000007,-6.300242000999946,0],[106.92799900000007,-6.300392999999916,0],[106.92820200000008,-6.3004439999999615,0],[106.92831100100004,-6.300463000999935,0],[106.92842700000004,-6.300455999999977,0],[106.9285306340001,-6.300440136999997,0],[106.9286230000001,-6.300425999999982,0],[106.92875200000012,-6.300389999999934,0],[106.92891010300005,-6.300303022000021,0],[106.9291210000001,-6.300187000999925,0],[106.92925958300002,-6.300159859999988,0],[106.92945800000008,-6.3001209999999706,0],[106.93073500000006,-6.300094999999951,0],[106.93093645600003,-6.3000504149999035,0],[106.93110100000006,-6.300013999999999,0],[106.93188799900007,-6.299744999999946,0],[106.93235575100005,-6.2996250639999705,0],[106.93235600000006,-6.299624999999965,0],[106.93238358600003,-6.2996532759999955,0],[106.93239600000008,-6.2996659999999824,0],[106.9323962320001,-6.299666091999901,0],[106.93257800000005,-6.2997379999999,0],[106.93266106100008,-6.2997656869999705,0],[106.932919999,-6.299851999999918,0],[106.93345300000006,-6.300029000999908,0],[106.93380900100003,-6.3001769999999855,0],[106.93403469200004,-6.3002382589999915,0],[106.93436900000009,-6.30032899999995,0],[106.93440017500009,-6.300362252999948,0],[106.93441400000007,-6.300377000000013,0],[106.93441300000008,-6.300380999999989,0],[106.93452000000005,-6.300379999999995,0],[106.93464600000009,-6.300360000999939,0],[106.93477019300006,-6.30032970899992,0],[106.93485099900009,-6.3003099989999765,0],[106.93491799900004,-6.300285251999972,0],[106.93507300000007,-6.300228000999942,0],[106.93525600100011,-6.300175999999992,0],[106.93536565100004,-6.300154789999924,0],[106.93553000000004,-6.300122999999958,0],[106.93573200000006,-6.300109996999948,0],[106.93573208900007,-6.300109991999948,0],[106.93607900000008,-6.300108998999955,0],[106.93607938100011,-6.300108995999954,0],[106.9360812050001,-6.300108988999954,0],[106.93626300000003,-6.300107999999961,0],[106.93639347700008,-6.3000941749999715,0],[106.93641400000008,-6.300092000999969,0],[106.93662299900006,-6.300036999999948,0],[106.93673200000002,-6.300013999999999,0],[106.93687600000004,-6.299955999999996,0],[106.93708530500004,-6.299851644999977,0],[106.93722699900003,-6.299780998999994,0]]},"properties":{}},{"type":"Feature","geometry":{"bbox":[106.92048647513947,-6.324319999999984,106.94183200000002,-6.319285999999936],"type":"LineString","coordinates":[[106.92048647513947,-6.320725981756615,0],[106.92311519300002,-6.3207062069999385,0],[106.92380700000005,-6.320701000999952,0],[106.92383400000007,-6.31955799899997,0],[106.92384100000002,-6.319285999999936,0],[106.92384136700007,-6.319286118999946,0],[106.92410000000005,-6.319369999999958,0],[106.92436993800001,-6.319420539999966,0],[106.92455400000004,-6.319455000999975,0],[106.92516900000004,-6.319445999999941,0],[106.9252556600001,-6.319457629999926,0],[106.92540000000005,-6.31947700099993,0],[106.925774,-6.319535000999933,0],[106.92599954800002,-6.31957219499999,0],[106.92605899900005,-6.319582000000002,0],[106.92609081800002,-6.319597578999959,0],[106.92620400000006,-6.319652999000015,0],[106.92628108300003,-6.319691654999927,0],[106.92654099900005,-6.319821999999965,0],[106.92692246700008,-6.320010551999934,0],[106.92697783800004,-6.320037920999978,0],[106.92697800000006,-6.320038000999984,0],[106.92698006700006,-6.320040363000002,0],[106.92698500000002,-6.320045999999936,0],[106.92705300000004,-6.320120998999924,0],[106.92728900000013,-6.320378999999955,0],[106.92735223400003,-6.3204057249999455,0],[106.92745699900009,-6.320450000999967,0],[106.92759750000008,-6.320469298999965,0],[106.92763900000004,-6.320474998999904,0],[106.92765533500005,-6.320477129999992,0],[106.92773100000001,-6.32048699999992,0],[106.92803521100005,-6.320485246999953,0],[106.92807800000013,-6.320485000999932,0],[106.9285080000001,-6.3205139989999335,0],[106.92852488800007,-6.320514992999927,0],[106.92852500000008,-6.3205149999999275,0],[106.9285370850001,-6.320517578999963,0],[106.92861400000007,-6.32053399999999,0],[106.92900400000009,-6.320616999999929,0],[106.9290545840001,-6.3206273759999885,0],[106.9291210000001,-6.320641000999961,0],[106.92914900000001,-6.320647000999925,0],[106.92925865400011,-6.3206200800000065,0],[106.92931600000006,-6.320605999999907,0],[106.92955300000004,-6.32067199999995,0],[106.92969600000006,-6.320753999999985,0],[106.93003000000007,-6.320928999999987,0],[106.93023400000008,-6.32098699999999,0],[106.93051207100008,-6.321054493999979,0],[106.93064600000007,-6.321087000000004,0],[106.93068200000002,-6.321174999999913,0],[106.93068199900002,-6.321175210000019,0],[106.93068100000002,-6.321420999999928,0],[106.930685,-6.321496999999999,0],[106.93070600000006,-6.321908999999982,0],[106.93071000000003,-6.321978999999912,0],[106.93073100000008,-6.322352999999948,0],[106.93074214600003,-6.322532134999937,0],[106.93075900000008,-6.322802999999967,0],[106.93082300000005,-6.322826000999916,0],[106.93092833000006,-6.32283106899998,0],[106.93101000000007,-6.32283499999995,0],[106.93130499900005,-6.32280899999993,0],[106.931331302,-6.322806420999983,0],[106.93135600000001,-6.322803999999961,0],[106.93138017000005,-6.322801985999972,0],[106.93144000000004,-6.322797000000003,0],[106.93145129700008,-6.32279552599997,0],[106.93146300000006,-6.3227939999999325,0],[106.93179300000011,-6.322850999999941,0],[106.93210000000002,-6.3229039999999745,0],[106.93226400000009,-6.322986999999914,0],[106.93247000000008,-6.323058000999927,0],[106.93248608700007,-6.323063313000011,0],[106.9326849990001,-6.323128999999939,0],[106.93300893400009,-6.323197615999932,0],[106.93309100000003,-6.32321499999995,0],[106.9334610000001,-6.32328799999995,0],[106.93373500100003,-6.323328999999967,0],[106.93381368100006,-6.323341567999941,0],[106.93387900000005,-6.323351999999916,0],[106.93404700000009,-6.323341999999977,0],[106.93424900000011,-6.3233510009999225,0],[106.93441700000005,-6.323369999999985,0],[106.9346740000001,-6.323465999999934,0],[106.93476822100007,-6.323503687999944,0],[106.93486400000009,-6.323542000000005,0],[106.93507400000006,-6.323645000999912,0],[106.93525700100011,-6.323686000999929,0],[106.93536900000005,-6.323621999999963,0],[106.93536940400008,-6.323621784999945,0],[106.93553000000004,-6.323534999999959,0],[106.93560400000004,-6.32346999999991,0],[106.93581300000001,-6.323367000000003,0],[106.93593929700008,-6.323357493999927,0],[106.93599899900003,-6.32335300099991,0],[106.93606837400009,-6.323357314999912,0],[106.9362080000001,-6.323366000000009,0],[106.93634313100009,-6.323367149999926,0],[106.9364430000001,-6.323367999999997,0],[106.93650919000007,-6.323379868999913,0],[106.9365880000001,-6.323393999999928,0],[106.93679100000011,-6.323444999999973,0],[106.93685500000008,-6.323489999999966,0],[106.93695500000008,-6.323582999999934,0],[106.93705186800011,-6.323675867999979,0],[106.93705200100003,-6.323675997999901,0],[106.93711600000009,-6.323739999999956,0],[106.93716980400009,-6.323811048999973,0],[106.93719400000006,-6.323842999999952,0],[106.93721001800004,-6.323876874999913,0],[106.93725500000004,-6.3239719999999675,0],[106.93730997500006,-6.324009982999913,0],[106.93731000000007,-6.324009999999914,0],[106.93733129700004,-6.324000781999951,0],[106.9373770000001,-6.323981000999913,0],[106.93737733000003,-6.323980918999995,0],[106.93758599900008,-6.323928996999962,0],[106.93760058900004,-6.323927619999937,0],[106.93766000000006,-6.323921999999916,0],[106.93773291300006,-6.3239301719999705,0],[106.93777600000007,-6.323934999999926,0],[106.93792100000007,-6.323963998999927,0],[106.93807321700007,-6.323953501999947,0],[106.93812387700008,-6.323950008999924,0],[106.93812400000009,-6.323950000000012,0],[106.93814038100003,-6.323936183999935,0],[106.9382390010001,-6.323852999999891,0],[106.93835200000004,-6.323739999999956,0],[106.9384010400001,-6.3237186649999675,0],[106.93850600000007,-6.3236729999999195,0],[106.93858300000005,-6.3235949999999495,0],[106.93860139000006,-6.323576449000013,0],[106.93869800000006,-6.323478999999944,0],[106.93874300000006,-6.323417999999959,0],[106.93886500100002,-6.323247000999933,0],[106.93886933100003,-6.323239555999939,0],[106.93896800000002,-6.323069999999943,0],[106.93906099900008,-6.32294699999998,0],[106.93912500000005,-6.322801999999973,0],[106.93916579400005,-6.322767204999936,0],[106.93922700000005,-6.3227149999999686,0],[106.93937800000002,-6.3226499999999195,0],[106.93939860800003,-6.322655448000015,0],[106.93946500000003,-6.322673000999957,0],[106.93959113600006,-6.322718504999992,0],[106.93962300000004,-6.322729999999966,0],[106.93963912600013,-6.322753641999968,0],[106.93972600000004,-6.322881000999937,0],[106.939849,-6.323009999999952,0],[106.940003667,-6.323176639999973,0],[106.94000399800004,-6.323177002000003,0],[106.94006200000004,-6.323240999999969,0],[106.94023299900006,-6.323414000999984,0],[106.94027608000007,-6.323462992999952,0],[106.94028400100011,-6.3234720009999865,0],[106.9404160000001,-6.323610000999947,0],[106.94051600100003,-6.323677999999978,0],[106.94063200000004,-6.3238059999999106,0],[106.94067454100009,-6.323873631,0],[106.94074900000004,-6.323991999999935,0],[106.94092900000001,-6.324145999999887,0],[106.94096904500012,-6.3242127429999915,0],[106.941016,-6.324291000999983,0],[106.94101626800003,-6.324291075999989,0],[106.94102441700008,-6.324293370000001,0],[106.9411190000001,-6.324319999999984,0],[106.94116852400002,-6.324316634999972,0],[106.941222,-6.324312999999938,0],[106.94128266500005,-6.324281861999937,0],[106.94133500000002,-6.324255000999935,0],[106.94140199900006,-6.324222999999952,0],[106.94164150200007,-6.324154490999968,0],[106.9418318,-6.324100057999905,0],[106.94183200000002,-6.3240999999999,0]]},"properties":{}},{"type":"Feature","geometry":{"bbox":[106.91821355361124,-6.339328999999983,106.91821500000012,-6.339327881239965],"type":"LineString","coordinates":[[106.91821500000012,-6.339328999999983,0],[106.91821355361124,-6.339327881239965,0]]},"properties":{}},{"type":"Feature","geometry":{"bbox":[106.92510700000007,-6.370344000999962,106.93075900000008,-6.34504699999996],"type":"LineString","coordinates":[[106.92897500300009,-6.370344000999962,0],[106.92900400000009,-6.370235999999997,0],[106.92911000000007,-6.3698159999999735,0],[106.9291640000001,-6.369572000999947,0],[106.92949799600011,-6.368684010000015,0],[106.92951100000003,-6.368430999999953,0],[106.9295000000001,-6.367938998999923,0],[106.92949800000011,-6.367615999999932,0],[106.92955100100005,-6.367431000999902,0],[106.92955490000011,-6.367426319999959,0],[106.92957600000008,-6.367400999999996,0],[106.92958889800008,-6.367385899999901,0],[106.92961700000009,-6.367353000999932,0],[106.92979000000011,-6.367212000999901,0],[106.92987200000006,-6.367059000999943,0],[106.92993857900007,-6.3668387009999226,0],[106.92994000300008,-6.366834000999978,0],[106.92995254000006,-6.36680146499995,0],[106.93001400000009,-6.36664199999999,0],[106.93022400000005,-6.366329999999932,0],[106.93034700000001,-6.366084999999911,0],[106.93035082800006,-6.365938272999939,0],[106.93035300000007,-6.365854999999977,0],[106.93029808100005,-6.365713207999969,0],[106.93029800000005,-6.365713000999952,0],[106.93030300000001,-6.365619999999984,0],[106.93037000000005,-6.365273999999955,0],[106.93015900000009,-6.364857999999996,0],[106.92998522500001,-6.364671235999909,0],[106.92998500000009,-6.364670999999889,0],[106.92993064300002,-6.36459205299993,0],[106.92990100000006,-6.36454899999992,0],[106.92989400100001,-6.364391999999986,0],[106.92990400000004,-6.364284999999926,0],[106.92992090800001,-6.364099954999981,0],[106.92992200000002,-6.364087999999969,0],[106.92992201700011,-6.364087960999965,0],[106.92993300600004,-6.364062168999963,0],[106.92999399900003,-6.36391900099993,0],[106.93013400000007,-6.3636779999999735,0],[106.93012259700001,-6.363464190999958,0],[106.93012201100005,-6.363453198999936,0],[106.93012200000005,-6.36345300099992,0],[106.93012242100008,-6.363435845999922,0],[106.93013200000007,-6.3630459999999065,0],[106.93017082900009,-6.362973001999906,0],[106.93023200000009,-6.362857999999983,0],[106.93032900000013,-6.36279699999991,0],[106.93046314800003,-6.362723827999984,0],[106.93061500100008,-6.36264099999997,0],[106.93073960500008,-6.3624298649999975,0],[106.93075884100007,-6.362397269999965,0],[106.93075900000008,-6.362397000999943,0],[106.93059300100003,-6.362381999999945,0],[106.92989300000002,-6.362356000000014,0],[106.92966700000007,-6.362347999999974,0],[106.92955178300012,-6.362359481999947,0],[106.92937600000005,-6.362377000999976,0],[106.92919100100002,-6.362185999999982,0],[106.92883544900009,-6.361949229999931,0],[106.92874200000008,-6.361886999999934,0],[106.92866762600006,-6.3618512019999915,0],[106.92852800000006,-6.361783999999938,0],[106.92843686100007,-6.361743144999933,0],[106.92838300000005,-6.361718999999978,0],[106.9280390010001,-6.361539999999911,0],[106.92795300000009,-6.361448999999931,0],[106.92789900000005,-6.361392000000011,0],[106.92778202200006,-6.36131313799997,0],[106.92772100000008,-6.361271998999941,0],[106.92731100000007,-6.361091999999969,0],[106.927221048,-6.361052451999983,0],[106.92707900000006,-6.360989999999967,0],[106.92705113500007,-6.360984029999917,0],[106.92705100000006,-6.360984000000004,0],[106.92700700000006,-6.360476999999976,0],[106.92699500000005,-6.360371999999904,0],[106.92697500000008,-6.360196000999997,0],[106.92688902100006,-6.359920073999904,0],[106.92688899800007,-6.359920001999987,0],[106.92681700000006,-6.359690998999957,0],[106.92674670500011,-6.3595342919999585,0],[106.92665999900004,-6.3593409989999525,0],[106.9266026940001,-6.359139210999954,0],[106.92656600000008,-6.3590099999999214,0],[106.92654118900006,-6.358299881999963,0],[106.92652900000003,-6.357951000999963,0],[106.92651600100002,-6.357907000999964,0],[106.92635700000001,-6.357857998999995,0],[106.92583700100006,-6.357832999999969,0],[106.92580227700003,-6.357828103000008,0],[106.9257590000001,-6.357821999999947,0],[106.92567909100006,-6.357717728999935,0],[106.92567700000006,-6.357715000999976,0],[106.92563570700011,-6.357569923999963,0],[106.92552700000009,-6.357187999999981,0],[106.92552400000001,-6.357177999999953,0],[106.92550300000005,-6.357074999999957,0],[106.92532500100008,-6.356874000999936,0],[106.92522400000006,-6.35675799999993,0],[106.9252030000001,-6.356640000999937,0],[106.92515800000011,-6.356386999999964,0],[106.92510700000007,-6.355862000999958,0],[106.92511675000007,-6.355762809999922,0],[106.9251300000001,-6.3556279999999585,0],[106.92514972100004,-6.355561664999888,0],[106.92516300000008,-6.355516999999923,0],[106.92523600000008,-6.355275999999966,0],[106.92560800000004,-6.354452,0],[106.92563100000008,-6.354386998999951,0],[106.9256966790001,-6.3541999960000215,0],[106.92570299900008,-6.354181999999954,0],[106.92570299900008,-6.354181930999948,0],[106.92570300300008,-6.354181897999945,0],[106.92569800000011,-6.353377999999955,0],[106.92577285900009,-6.352847598999945,0],[106.92582700000013,-6.352463999999914,0],[106.92583272300007,-6.352393563999948,0],[106.92584000000005,-6.35230399999991,0],[106.9259039730001,-6.3523138779999275,0],[106.92597600000002,-6.35232499999996,0],[106.92623576800011,-6.352353211999985,0],[106.92646399900008,-6.352377999999904,0],[106.92680148500003,-6.352360283999948,0],[106.92722600000006,-6.352337999999969,0],[106.92726990700005,-6.3523190399999105,0],[106.92731400000007,-6.352299998999934,0],[106.92782200000008,-6.3523259999999535,0],[106.92783800000008,-6.352326999999947,0],[106.92838000000006,-6.352416999999933,0],[106.92858065600007,-6.352411576999929,0],[106.92860200000005,-6.35241099999997,0],[106.9286830010001,-6.352408999999982,0],[106.92868649100002,-6.352406164999925,0],[106.92873099900007,-6.3523699999999526,0],[106.92897000000004,-6.3517599999999295,0],[106.928947092,-6.351701524999976,0],[106.92893200000009,-6.351662999999986,0],[106.92887474800006,-6.351530174999921,0],[106.92885700100001,-6.351488999999978,0],[106.92888861800004,-6.3513866569999475,0],[106.92889500000004,-6.351365999999926,0],[106.92890399900008,-6.3512479999999325,0],[106.9288420000001,-6.351160999999928,0],[106.92883944000006,-6.351157158999966,0],[106.92883807000004,-6.3511551049999735,0],[106.92883800000004,-6.351154999999965,0],[106.92883700000004,-6.35098199999995,0],[106.92883704600004,-6.350981714999927,0],[106.92887394900008,-6.350750314999965,0],[106.92887400000008,-6.350750000999939,0],[106.9288764030001,-6.350738783999899,0],[106.92889500100004,-6.350652000000002,0],[106.92892400000005,-6.350517000999934,0],[106.92898000000007,-6.350293998999957,0],[106.92901817800002,-6.350140555999962,0],[106.92903200100001,-6.350084999999984,0],[106.92909799900005,-6.349688999999993,0],[106.92913809,-6.34963325599991,0],[106.92920300000013,-6.349542999999903,0],[106.9292810000001,-6.349361999999937,0],[106.92933801500001,-6.349214596999998,0],[106.92936300000004,-6.349149999999982,0],[106.92939900000009,-6.348979999999949,0],[106.92939905100009,-6.3489799399999445,0],[106.92956600000005,-6.348768999999988,0],[106.92959125000002,-6.348584432999905,0],[106.92960800000006,-6.3484619999999,0],[106.92963600000007,-6.3482010009999765,0],[106.92966004000002,-6.348094820999984,0],[106.92968399900005,-6.347988999999933,0],[106.92965700000012,-6.347833999999986,0],[106.92965914800003,-6.347648424999909,0],[106.92966200000009,-6.347401999999947,0],[106.92966900000005,-6.347337999999981,0],[106.929671651,-6.34731376499993,0],[106.9296760000001,-6.347274000000015,0],[106.92968900000001,-6.347148999999975,0],[106.92968296800005,-6.347120852999955,0],[106.92967700000008,-6.34709299999996,0],[106.92965558900009,-6.3470831619999455,0],[106.929603,-6.347058999999989,0],[106.92942999900008,-6.347048996999961,0],[106.92942979500006,-6.347048971999959,0],[106.92845499900005,-6.346897999999991,0],[106.92840425000011,-6.346894096999934,0],[106.92835100100007,-6.3468900009999505,0],[106.92826869700009,-6.346883266999926,0],[106.92813100000006,-6.346872000999971,0],[106.92798300100009,-6.346863999999931,0],[106.92747321700008,-6.346836013000013,0],[106.92747300000008,-6.346836000999923,0],[106.92751071700009,-6.346505057999897,0],[106.92753499100004,-6.346292065999949,0],[106.92753499900004,-6.346291998999943,0],[106.92805584800007,-6.346297000999913,0],[106.92805600000008,-6.346296999999913,0],[106.92815800000008,-6.345868999999938,0],[106.92815750400004,-6.3458689210000205,0],[106.92792480400006,-6.345832210000003,0],[106.92735326500011,-6.345742041999914,0],[106.927353,-6.3457419999999995,0],[106.92736944500002,-6.3456728149999595,0],[106.9273820000001,-6.345619999999942,0],[106.92737692100012,-6.345556864999958,0],[106.92737500000004,-6.345532998999937,0],[106.92735200200009,-6.345411011999969,0],[106.9272930000001,-6.345314000999936,0],[106.92721500000005,-6.345207999999959,0],[106.92711719200013,-6.345047313999986,0],[106.92711700000011,-6.34504699999996,0]]},"properties":{}},{"type":"Feature","geometry":{"bbox":[106.98388200000008,-6.238703999999929,107.00189400000004,-6.22937999999993],"type":"LineString","coordinates":[[107.00189400000004,-6.238703999999929,0],[107.00187684900004,-6.238682297999999,0],[107.0017960000001,-6.238580000999972,0],[107.00177800100003,-6.238556998999934,0],[107.00177797200003,-6.238556962999931,0],[107.00169900000007,-6.2384559999999265,0],[107.00161749400007,-6.238316697999947,0],[107.00158900000012,-6.238267999999914,0],[107.00158882500001,-6.238267793999986,0],[107.0015716,-6.238247436999901,0],[107.00145700000003,-6.238111999999974,0],[107.00140823000008,-6.238081351999925,0],[107.00127399900008,-6.237996999999963,0],[107.00117800000004,-6.237962999999992,0],[107.00108152900005,-6.237928430999974,0],[107.00093800000008,-6.2378769999999815,0],[107.00052100000003,-6.237904999999989,0],[107.00037499900013,-6.23791299999994,0],[107.00030500000011,-6.2378899999999025,0],[107.00023859100011,-6.237864013999973,0],[107.00019000000009,-6.2378449999999095,0],[107.00014549900006,-6.23782438799998,0],[107.0000000000001,-6.237756999999911,0],[106.99962839400008,-6.2375492349999515,0],[106.99946700000005,-6.237458999999946,0],[106.99931135000004,-6.237361590999969,0],[106.99901000000007,-6.237172999999908,0],[106.99856622500003,-6.236894025000007,0],[106.99818600000002,-6.236654999999947,0],[106.99740200000008,-6.236109999999973,0],[106.99676707800003,-6.23571336899993,0],[106.9965920000001,-6.23560399999994,0],[106.99626500000005,-6.235291999999971,0],[106.99605600000008,-6.235135999999942,0],[106.99574746900005,-6.2349468239999215,0],[106.99540199900007,-6.234734999999981,0],[106.99502661600009,-6.234620392999913,0],[106.99472400000009,-6.234527999999996,0],[106.99424000000002,-6.234268999999971,0],[106.99375700000012,-6.234074999999995,0],[106.99363200900007,-6.234059674999971,0],[106.99349630200004,-6.234043035999926,0],[106.99349600000001,-6.234042998999923,0],[106.99288400100009,-6.234040000999942,0],[106.99214000000008,-6.23387299999998,0],[106.99128900000001,-6.233808998999924,0],[106.99090049200002,-6.233719392999971,0],[106.9900620000001,-6.233525999999957,0],[106.98960020200008,-6.233325499999976,0],[106.98899100000003,-6.233060999999941,0],[106.98834315700007,-6.232638236999955,0],[106.98811600000002,-6.232489999999947,0],[106.98765800000005,-6.232021999999949,0],[106.9875212470001,-6.231841345999923,0],[106.98722500000011,-6.2314499999999615,0],[106.98698962700009,-6.231283435999947,0],[106.9867290000001,-6.231098999999963,0],[106.98639467100006,-6.230922737999945,0],[106.98614100000012,-6.230788998999982,0],[106.98551715700002,-6.2304171929999494,0],[106.98529200000004,-6.2302829999999485,0],[106.98453400000002,-6.229841999999964,0],[106.98395912500007,-6.229434650999922,0],[106.98388244600004,-6.229380316999956,0],[106.98388200000008,-6.22937999999993,0]]},"properties":{}},{"type":"Feature","geometry":{"bbox":[106.92651900000001,-6.267717000999907,106.93030000000003,-6.254597783589789],"type":"LineString","coordinates":[[106.92806477257119,-6.254597783589789,0],[106.92806509100004,-6.254599955999952,0],[106.92854500100013,-6.257873998999953,0],[106.92854490200003,-6.257874295999978,0],[106.92850000000004,-6.258009999999926,0],[106.92848278300005,-6.258045039999983,0],[106.92844300000004,-6.2581259999999315,0],[106.92831500000001,-6.258389999999926,0],[106.92829005500009,-6.258415511999905,0],[106.92818299900001,-6.2585250009999935,0],[106.92804200000008,-6.2585930009999355,0],[106.92783000000013,-6.258641999999993,0],[106.92763700000005,-6.258664999999942,0],[106.9274250000001,-6.25868799999998,0],[106.92739538200004,-6.258693922999937,0],[106.92739000000005,-6.258694999999937,0],[106.92723883800006,-6.258753612999991,0],[106.92699800000011,-6.25884699899999,0],[106.92693709600005,-6.258881052999966,0],[106.92690500000006,-6.258898999999941,0],[106.92669600000009,-6.259002999999931,0],[106.92664120500008,-6.2590708199999465,0],[106.92657400000012,-6.25915399999999,0],[106.92655800000004,-6.259182999999991,0],[106.92655863300008,-6.259315301999925,0],[106.92655900000003,-6.259392000999965,0],[106.92661100000007,-6.259610999999966,0],[106.92664019400009,-6.259675010999933,0],[106.926855,-6.260146000999912,0],[106.92695410800003,-6.260188352999952,0],[106.926971999,-6.260195998999963,0],[106.92708787600009,-6.260232892999996,0],[106.92719500000007,-6.260266999999976,0],[106.92719781600005,-6.260267844999957,0],[106.92721500000005,-6.260272999999939,0],[106.9271910090001,-6.261498524999999,0],[106.92719100000001,-6.261498998999949,0],[106.92718500000005,-6.261800999999979,0],[106.92717900000008,-6.262090999999904,0],[106.92717900000008,-6.262119538999956,0],[106.92717900000008,-6.2621269989999515,0],[106.92717400000002,-6.262445000999973,0],[106.92690774900011,-6.263721136999957,0],[106.92660400000003,-6.265176999999978,0],[106.92658499900006,-6.2653059989999935,0],[106.926563,-6.265530999999958,0],[106.92655400100006,-6.265747000999978,0],[106.92651900000001,-6.265949999999988,0],[106.92651989299999,-6.266133929000018,0],[106.92652,-6.266155999999979,0],[106.92652448000011,-6.2663038379999545,0],[106.92652700000005,-6.266386999999996,0],[106.92652703300006,-6.266387327999935,0],[106.92654400000004,-6.266550998999977,0],[106.92655700000005,-6.266618999999919,0],[106.92657234000006,-6.266760233999969,0],[106.92658600000004,-6.2668859999999835,0],[106.92664442900008,-6.267014145999928,0],[106.92667400100004,-6.267078999999965,0],[106.9266940000001,-6.267101996999914,0],[106.92703800000005,-6.2670649999999615,0],[106.92710600000008,-6.267155999999941,0],[106.92721553900009,-6.267309073999995,0],[106.92726199900002,-6.267373999999949,0],[106.927383105,-6.267389027999949,0],[106.92739899900008,-6.267390999999934,0],[106.9283890010001,-6.26742899999997,0],[106.92864203200007,-6.267471550999938,0],[106.92883500000005,-6.267504000999958,0],[106.92900900000006,-6.267604999999966,0],[106.92902800000003,-6.267614,0],[106.92910400000002,-6.267649999999959,0],[106.92912884500004,-6.267661387000013,0],[106.92915200099999,-6.267671999999914,0],[106.92921052000013,-6.267674808999969,0],[106.92927700000003,-6.267677999999966,0],[106.92943870800009,-6.267642519999962,0],[106.92951400000001,-6.267625999999927,0],[106.92962633800008,-6.267600674999963,0],[106.92968693800012,-6.267587013999988,0],[106.92968700000003,-6.267586999999898,0],[106.929719999,-6.2676099999999355,0],[106.92973364600007,-6.267620007999964,0],[106.92973478900008,-6.267620845999945,0],[106.9297350000001,-6.267621000999958,0],[106.92973695300007,-6.267634665999934,0],[106.92973700000007,-6.267634999999961,0],[106.9297920000001,-6.267604999999966,0],[106.92984816900004,-6.267595898000012,0],[106.93000800100003,-6.267570000000001,0],[106.93018755600005,-6.267584844999897,0],[106.93026160400005,-6.267590966999959,0],[106.93026200000008,-6.267590999999962,0],[106.93027422500003,-6.267621789999934,0],[106.9302889990001,-6.267658999999993,0],[106.93029406100007,-6.267685686999892,0],[106.93030000000003,-6.267717000999907,0]]},"properties":{}},{"type":"Feature","geometry":{"bbox":[106.97665200000006,-6.196780999999897,106.98022799900009,-6.172130999999959],"type":"LineString","coordinates":[[106.97989699900006,-6.196780999999897,0],[106.97991927600003,-6.196590501999944,0],[106.97992600000006,-6.196532999999894,0],[106.98000897600008,-6.195950525999928,0],[106.98002700000006,-6.19582399999994,0],[106.98002900000006,-6.1953349999999805,0],[106.98003750100004,-6.195035479999978,0],[106.98004600000004,-6.194735999999979,0],[106.98004600000004,-6.194551999999943,0],[106.98001570000011,-6.194263717999982,0],[106.98001100000008,-6.194218998999924,0],[106.98001700000003,-6.194140999999954,0],[106.98002128900004,-6.194086243999953,0],[106.98003399900003,-6.193924000999941,0],[106.98006700000009,-6.193560999999926,0],[106.98007162200011,-6.193499307999973,0],[106.98008700000005,-6.19329400099995,0],[106.98019884800007,-6.192897371999907,0],[106.98022799900009,-6.192793999999969,0],[106.97934000000006,-6.192615000999991,0],[106.97907047100006,-6.192549921999936,0],[106.97887200000007,-6.192502000999967,0],[106.97889300000011,-6.192386999999956,0],[106.97889734400003,-6.1921424679999735,0],[106.97890000000008,-6.191993000999952,0],[106.97892900000008,-6.19147200000001,0],[106.97893114500008,-6.191431687999961,0],[106.97893400000005,-6.191377999999959,0],[106.97894500700006,-6.191121685999979,0],[106.97895500000001,-6.190889,0],[106.97899400000004,-6.189713999999947,0],[106.97900700000005,-6.189484999999918,0],[106.97842556700007,-6.189460130999992,0],[106.97832900000009,-6.189456000999916,0],[106.97801906900011,-6.189452741000002,0],[106.97680800000009,-6.189440001000014,0],[106.97669177800006,-6.189424355999963,0],[106.97665200000006,-6.189419000999964,0],[106.97665200600007,-6.189418883999954,0],[106.97666257200005,-6.189196186999913,0],[106.97667800000008,-6.188870999999919,0],[106.97674575000009,-6.188289140999915,0],[106.97676300000009,-6.1881410000000034,0],[106.9767760010001,-6.187771999999937,0],[106.97680000000005,-6.186564999999989,0],[106.97682199900001,-6.184918999999956,0],[106.97689000000013,-6.184124999999897,0],[106.97695900000006,-6.183612999999989,0],[106.97697872800009,-6.183395260999914,0],[106.97698600000007,-6.183315000999935,0],[106.97698876400004,-6.183286966000013,0],[106.97700000000007,-6.183172999999998,0],[106.97699954100004,-6.183134036999972,0],[106.97699899999999,-6.183087999999982,0],[106.97709107100006,-6.182951093999934,0],[106.9771140000001,-6.182916999999955,0],[106.9771140030001,-6.182916784999938,0],[106.97711700000008,-6.182731998999925,0],[106.97711900000006,-6.182589999999989,0],[106.97712200000005,-6.182435999999948,0],[106.97713700000004,-6.181609,0],[106.97715199900004,-6.180783999999951,0],[106.97716200100007,-6.180523000999939,0],[106.9771751500001,-6.180164755999963,0],[106.97719500000005,-6.179623999999896,0],[106.97721303300003,-6.179189773999939,0],[106.97722000000007,-6.179022000000002,0],[106.97722800000011,-6.178640000000014,0],[106.97725300000005,-6.177403999999976,0],[106.97725376500003,-6.177358389999933,0],[106.97725600000003,-6.177224999999998,0],[106.9772772000001,-6.176164407999996,0],[106.97729200000008,-6.17542399999993,0],[106.977334,-6.174358001000014,0],[106.97735200000007,-6.173858999999938,0],[106.97736156000006,-6.172357168999932,0],[106.97736285900008,-6.1721530239999165,0],[106.9773630000001,-6.172130999999959,0]]},"properties":{}},{"type":"Feature","geometry":{"bbox":[106.968039,-6.233754999999986,106.97118500000006,-6.221323000999957],"type":"LineString","coordinates":[[106.968039,-6.233754999999986,0],[106.96803900400009,-6.233754625999955,0],[106.96804741700008,-6.2326371409999535,0],[106.96805000000002,-6.232293999999984,0],[106.96805003800003,-6.232293849999971,0],[106.96812130000006,-6.232019446000004,0],[106.96835800000011,-6.231107999999908,0],[106.96863400000002,-6.230102999999888,0],[106.96914000000007,-6.229014999999928,0],[106.96929260500008,-6.228316975999993,0],[106.96930200000006,-6.22827399899999,0],[106.96978900000002,-6.226428999999923,0],[106.97003199900006,-6.225324999999971,0],[106.97118500000006,-6.221323000999957,0]]},"properties":{}},{"type":"Feature","geometry":{"bbox":[106.92085964900009,-6.395402678029805,106.99392032571822,-6.302208999999982],"type":"MultiLineString","coordinates":[[[106.97038523131306,-6.302219927646858,0],[106.97044800000002,-6.302208999999982,0],[106.97044829936463,-6.302209056064735,0]],[[106.97080595408283,-6.3023113447711285,0],[106.97085100000005,-6.302340999999979,0],[106.970869678,-6.302377137999949,0],[106.97089700000004,-6.302430000999971,0],[106.97089402000006,-6.302493769061469,0]],[[106.97086517821919,-6.302620398629189,0],[106.97086411100007,-6.302623716999923,0],[106.9708280010001,-6.3027359999998875,0],[106.9707291300001,-6.302990162999956,0],[106.97064400000006,-6.303208999999944,0],[106.97060346770415,-6.3033390411160415,0]],[[106.96942958563393,-6.302875197055725,0],[106.96936000000005,-6.302842000999954,0],[106.96925599900007,-6.302847999999917,0],[106.96910818725544,-6.302920907636912,0]],[[106.9690773838923,-6.302947079954203,0],[106.96886500000005,-6.303127999999992,0],[106.96874367800004,-6.3032171499999965,0],[106.96855200000009,-6.3033579999999265,0],[106.9684450010001,-6.3033799999999705,0],[106.9684448630001,-6.303379930999965,0],[106.96841980300007,-6.303367401999905,0],[106.96835300000005,-6.303333999999984,0],[106.96831000000013,-6.303263000999971,0],[106.96830307100001,-6.303250402999906,0],[106.96829899900011,-6.303242999999915,0],[106.968296983117,-6.303198641700304,0]],[[106.96676658265775,-6.303067341667591,0],[106.96677299900006,-6.303065999999925,0],[106.96677314688985,-6.3030660557624305,0]],[[106.96692319577667,-6.303140489914339,0],[106.96699099900006,-6.303209000999944,0],[106.96708200000005,-6.303308999999958,0],[106.96713987738924,-6.303372890624393,0]],[[106.96645138259171,-6.303271893539209,0],[106.96649899900004,-6.3032129989999195,0],[106.96650399361569,-6.303209222628526,0]],[[106.9690382574241,-6.303918739123949,0],[106.9690599740001,-6.303806133999968,0],[106.96905999900011,-6.303805999999957,0],[106.96906997800004,-6.303794445999889,0],[106.96913600000009,-6.303717999999959,0],[106.96938799400006,-6.303466988999974,0],[106.96946527081185,-6.303352115167394,0]],[[106.97045561468038,-6.30381278751584,0],[106.97042900000004,-6.303897998999931,0],[106.97046700000008,-6.304063999999899,0],[106.97055900000005,-6.304200000999961,0],[106.97062038506517,-6.304249109736594,0]],[[106.96612670456271,-6.304136422230245,0],[106.96613100000005,-6.304022999999971,0],[106.966161031242,-6.303875281157746,0]],[[106.96914767218055,-6.304086054986181,0],[106.96905499900005,-6.304034998999986,0],[106.96905491600003,-6.304034662999959,0],[106.9690412387543,-6.303979330565236,0]],[[106.9719109957602,-6.303981003191717,0],[106.971911,-6.303980999999959,0],[106.97191234424747,-6.3039810530561855,0]],[[106.97210104214318,-6.304021692142859,0],[106.97202600000011,-6.304210999999983,0],[106.97198757943178,-6.304358058037463,0]],[[106.96741081213091,-6.304078126076563,0],[106.96741742600008,-6.3041875119999045,0],[106.96741800000005,-6.30419699999989,0],[106.96744144700003,-6.304249921999917,0],[106.96745035745899,-6.304270034605187,0]],[[106.97173304035255,-6.3041149696222885,0],[106.97174317646218,-6.304107339067878,0]],[[106.97085515546527,-6.304363720991036,0],[106.97087822800009,-6.304358161999991,0],[106.97107400000003,-6.304310999999908,0],[106.97133130800009,-6.304234470999971,0],[106.97170026943235,-6.304124734706319,0]],[[106.96700322528308,-6.3050632726753495,0],[106.96701694800008,-6.3050189689999545,0],[106.96703800000004,-6.304950999999926,0],[106.96700100000001,-6.304849001000013,0],[106.96699047500002,-6.304835425999956,0],[106.96689400000012,-6.304711000999964,0],[106.96670999999999,-6.3045699999999325,0],[106.96654299900004,-6.30450699999996,0],[106.96627610800007,-6.304412037999919,0],[106.96627600000006,-6.304411999999916,0],[106.96617500000005,-6.304295000000005,0],[106.9661423580001,-6.304201735999927,0],[106.96612761381192,-6.304159608202765,0]],[[106.97003059072256,-6.30444033084372,0],[106.96997000000007,-6.304390999999955,0],[106.96973100000011,-6.304263999999927,0],[106.96952500000003,-6.304218999999934,0],[106.96933087600004,-6.304169322999909,0],[106.96932355513293,-6.304167449531862,0]],[[106.96755575182483,-6.304422751096551,0],[106.96762500000003,-6.3044919999999625,0],[106.96774481600009,-6.304572875999993,0],[106.9677450010001,-6.304572999999914,0],[106.96776074900008,-6.304579298999991,0],[106.96784823486156,-6.30461429387721,0]],[[106.96793629807757,-6.30464884160944,0],[106.96797500000012,-6.304661999999995,0],[106.96809693250732,-6.304702385288975,0]],[[106.97040190930697,-6.3053907082563985,0],[106.97047999900009,-6.305296999999955,0],[106.97048200000008,-6.305166999999946,0],[106.97044099900006,-6.304968000000001,0],[106.97037668083078,-6.304839362679472,0]],[[106.96475468489088,-6.305025482551963,0],[106.96488700000006,-6.304977000999946,0],[106.96497315203659,-6.30496332607351,0]],[[106.96875273992859,-6.305036350821537,0],[106.96908900000001,-6.30525900199992,0],[106.9690890300001,-6.305259027000011,0],[106.96916689800007,-6.305329394999971,0],[106.96925421099547,-6.305408297090432,0]],[[106.96641574715542,-6.305084534319084,0],[106.96652649300009,-6.305132510999934,0],[106.96676751286051,-6.305236923542813,0]],[[106.96690312282999,-6.305172867207466,0],[106.96696464600011,-6.305105807999945,0],[106.96697904189018,-6.305090115676505,0]],[[106.96449121276419,-6.305238161185157,0],[106.96448400000011,-6.305215000000009,0],[106.96452000000008,-6.305141001000015,0],[106.96455268100003,-6.305119835999951,0],[106.96456786547344,-6.305110002205728,0]],[[106.9657403686201,-6.305901097796896,0],[106.96551400000007,-6.3056369999999315,0],[106.9654004830001,-6.305536547999969,0],[106.96512320100007,-6.3052911779999175,0],[106.96512299900004,-6.3052909999999915,0],[106.96507877300003,-6.305290574999956,0],[106.96501899900007,-6.305289999999998,0],[106.96469300000008,-6.305331000999926,0],[106.96465719712431,-6.3053206370722545,0]],[[106.96997744460563,-6.305647483436539,0],[106.9700198142036,-6.305632332876355,0]],[[106.97224032375911,-6.305894627387888,0],[106.97225400000005,-6.3059380009999675,0],[106.97232900000004,-6.306335999999947,0],[106.97238469200003,-6.306634041999915,0],[106.97242000000003,-6.306822999999918,0],[106.97242920236076,-6.306893493171396,0]],[[106.96608608652365,-6.3062603467009435,0],[106.9659330000001,-6.306114000999964,0],[106.96585599500013,-6.306029427999894,0],[106.96576750486047,-6.305932243341795,0]],[[106.9665480110772,-6.307024685673413,0],[106.96655496000005,-6.306998226999939,0],[106.96656500000007,-6.306959998999973,0],[106.96652900000004,-6.306823999999912,0],[106.96640800000006,-6.306620999999991,0],[106.96638164989768,-6.306586929637637,0]],[[106.96553938726268,-6.306811999999985,0],[106.96554,-6.306811999999985,0],[106.96556755931839,-6.306825671157968,0]],[[106.96526538147208,-6.307034482392938,0],[106.96535900000003,-6.3068810000000095,0],[106.96540156800009,-6.306850082999938,0],[106.96545400000008,-6.306811999999985,0],[106.96545415760859,-6.306811999999985,0]],[[106.96603828642847,-6.307079405028416,0],[106.96604176780802,-6.307081321638931,0]],[[106.9664531578314,-6.307142845832937,0],[106.96647220646891,-6.307124239449125,0]],[[106.96484810094631,-6.308468726460626,0],[106.9649110000001,-6.308292999999955,0],[106.96504744358346,-6.307762182833821,0]],[[106.96103668408819,-6.309130875833558,0],[106.96104399900005,-6.309088000000008,0],[106.96108494900007,-6.3089188449999565,0],[106.96115100000011,-6.308646000999941,0],[106.96116062600002,-6.308605092999931,0],[106.96116300000004,-6.308594999999984,0],[106.96116313200005,-6.30859469999996,0],[106.96123486949244,-6.308431662099979,0]],[[106.96330731011894,-6.308889199484492,0],[106.96331225000006,-6.308886494999944,0],[106.96339900000005,-6.308839000000011,0],[106.96359405600002,-6.308684334000004,0],[106.96379500000003,-6.308524999999966,0],[106.963918,-6.308455999999941,0],[106.96391885856006,-6.308456160264454,0]],[[106.96411529545064,-6.308613638274197,0],[106.96419916100008,-6.308745771999936,0],[106.96421200000007,-6.308765999999922,0],[106.96421200000007,-6.308766067999928,0],[106.96421151400004,-6.308818538999917,0],[106.96421099999999,-6.308873999999976,0],[106.9642094704905,-6.308883821416368,0]],[[106.96210000502641,-6.308698927348045,0],[106.9622360000001,-6.30880199999997,0],[106.96229328242974,-6.3088229515501535,0]],[[106.96397021509767,-6.3094557225731105,0],[106.96386900000003,-6.309584000000013,0],[106.96380429152634,-6.309724837470499,0]],[[106.9609681770001,-6.309626166054306,0],[106.96096523800011,-6.309626012999937,0],[106.960965,-6.309626000999936,0],[106.96096792500008,-6.309577526999922,0],[106.9609681770001,-6.30957335115856,0]],[[106.96197882784541,-6.309779833075369,0],[106.9619300000001,-6.309742000999941,0],[106.96173600000012,-6.309673000000005,0],[106.96161184800006,-6.309661338999929,0],[106.96155500000006,-6.309655999999931,0],[106.96110661402531,-6.309633308402086,0]],[[106.96333950129942,-6.312344027336826,0],[106.96336900000006,-6.312236999999966,0],[106.96337700000001,-6.312028999999898,0],[106.96334618900003,-6.311902621999922,0],[106.96331800300001,-6.311786998999947,0],[106.96320899900005,-6.311522999999953,0],[106.96270600000008,-6.310605999999931,0],[106.96259641700007,-6.310443127999955,0],[106.96241400000008,-6.310172000999993,0],[106.96232340900005,-6.310079368999967,0],[106.96228259982712,-6.310037640596567,0]],[[106.96379838635701,-6.310147666479638,0],[106.96380159000005,-6.310151306999968,0],[106.96385500000012,-6.310212000000016,0],[106.96397600000009,-6.310280999999952,0],[106.96398026776738,-6.31028139461638,0]],[[106.9649603589818,-6.310202635402119,0],[106.96502671600008,-6.310189623999941,0],[106.96508600000001,-6.310177999999956,0],[106.96510379000006,-6.310153804999997,0],[106.96510732202789,-6.310149001507993,0]],[[106.97280138800014,-6.310163049117291,0],[106.97280230600003,-6.3103122219999594,0],[106.9728030000001,-6.310425000999965,0],[106.97281034300008,-6.31052584599996,0],[106.97281799900009,-6.310630999999956,0],[106.97286300000009,-6.310868000999937,0],[106.97286686639298,-6.310876055891713,0]],[[106.9734562347987,-6.311801026199172,0],[106.97348072800013,-6.31182840899991,0],[106.9736360000001,-6.312001999999973,0],[106.97393142845814,-6.312251517278812,0]],[[106.96057780577195,-6.312247911663361,0],[106.96064020000004,-6.3122233199999,0],[106.9606739990001,-6.312209999999952,0],[106.96067424000002,-6.312209980999951,0],[106.96070930200008,-6.312207256999992,0],[106.96088000100008,-6.312193999999961,0],[106.96088230280603,-6.312194117317938,0]],[[106.96145054800527,-6.312223061849776,0],[106.96147187600012,-6.312223913999949,0],[106.96147400000011,-6.312223999999956,0],[106.96199980857048,-6.312379172830008,0]],[[106.96024030158931,-6.31251596879674,0],[106.96028600000005,-6.312420000000008,0],[106.96036300000011,-6.312358999999935,0],[106.96036317100004,-6.3123588979999266,0],[106.96040021000009,-6.312336610999948,0],[106.9604154435267,-6.312327445051681,0]],[[106.96049370770939,-6.313592389298629,0],[106.9604090000001,-6.3133989999999205,0],[106.96029600000007,-6.312991999999996,0],[106.96024794952261,-6.312618007917626,0]],[[106.96315510324739,-6.312712972332713,0],[106.96320311307576,-6.312668251506382,0]],[[106.975568223653,-6.31272920621282,0],[106.97585500000011,-6.312805000999978,0],[106.97681309271461,-6.313046219307884,0]],[[106.98017647753228,-6.31413634007807,0],[106.98021800000006,-6.314161999999991,0],[106.98029742758838,-6.314214610855663,0]],[[106.98071158304818,-6.314562049616358,0],[106.98073600000002,-6.314587999999977,0],[106.98073605000012,-6.314588171999992,0],[106.98074154537191,-6.314607131486417,0]],[[106.96098087935543,-6.3151836562656225,0],[106.96097500000003,-6.315155999999989,0],[106.96092000000002,-6.314880999999973,0],[106.96086221791103,-6.314678513922113,0]],[[106.9808137047097,-6.3151447678740045,0],[106.98080093200007,-6.315165836999915,0],[106.98073900000009,-6.31526799999993,0],[106.98041903200009,-6.315611946999967,0],[106.98031199900002,-6.315726999999983,0],[106.97975200000005,-6.316097999999949,0],[106.979387547,-6.316298973999968,0],[106.97926600000007,-6.316365999999919,0],[106.9791803190001,-6.316419449999989,0],[106.9788380000001,-6.3166329999999835,0],[106.97865103059321,-6.316762807182586,0]],[[106.96301743113679,-6.316542143712246,0],[106.96290600000002,-6.316504999999962,0],[106.96199500000006,-6.316017999999902,0],[106.96142600000005,-6.315683999999978,0],[106.96121651400003,-6.315513488999992,0],[106.96112500000001,-6.315439000999957,0],[106.96107472900012,-6.315375241999922,0],[106.96105647008449,-6.315352084834581,0]],[[106.9633834437315,-6.316664780871784,0],[106.96334099900004,-6.316648999999886,0],[106.96302416700225,-6.316544385332113,0]],[[106.963631920998,-6.316848841995727,0],[106.96360600000013,-6.316796999999964,0],[106.96356208082595,-6.316760736312267,0]],[[106.96354798920547,-6.318137221279608,0],[106.96357201600006,-6.318045439999965,0],[106.96359699900009,-6.317949999999973,0],[106.9636324940001,-6.317735874999931,0],[106.96365800000007,-6.317581999999989,0],[106.96366042300009,-6.317311794999926,0],[106.96366136099999,-6.3172072186296955,0]],[[106.97797367233528,-6.317299454216952,0],[106.97754200000007,-6.317671999999975,0],[106.97730928700008,-6.317868779000003,0],[106.976998,-6.318131999999933,0],[106.97692401724008,-6.31821225166196,0]],[[106.96244680860968,-6.3180524054861085,0],[106.9625130000001,-6.318015999999927,0],[106.96254756596228,-6.318013449960992,0]],[[106.96301548622829,-6.3180828975163426,0],[106.96301600000007,-6.318082999999964,0],[106.96341853323756,-6.318228468575905,0]],[[106.96346411379733,-6.318216557900525,0],[106.96349800000007,-6.318207000999921,0],[106.96350729500004,-6.318194480999951,0],[106.96354642303561,-6.31814177714738,0]],[[106.96224209161949,-6.318881478523442,0],[106.96225878000003,-6.318786309999981,0],[106.96227900000011,-6.318670999999943,0],[106.96232107500003,-6.318386841999969,0],[106.96234800000003,-6.318205000000022,0],[106.96236329649203,-6.3181790898256605,0]],[[106.97661673129414,-6.318607665607901,0],[106.9765570000001,-6.318694999999975,0],[106.97650074390033,-6.318783479955071,0]],[[106.97641217302977,-6.318950393775259,0],[106.97638100000002,-6.319019999999954,0],[106.97633700000002,-6.31918300099994,0],[106.97632990199881,-6.319272740015537,0]],[[106.9763992699931,-6.319724958786589,0],[106.97644300000009,-6.319816999999906,0],[106.97653323209006,-6.320035846119888,0]],[[106.96197403780229,-6.3201095257717785,0],[106.96198100000005,-6.320022000999904,0],[106.96195366266596,-6.319742876368762,0]],[[106.97702100792037,-6.320866909229684,0],[106.97705200000011,-6.320922998999935,0],[106.97709433326385,-6.321029841117488,0]],[[106.960276410624,-6.321439842552868,0],[106.96025100000008,-6.321394999999908,0],[106.96024606400003,-6.3213302219999665,0],[106.96024299900004,-6.321290000999925,0],[106.96024584582105,-6.321280874951563,0]],[[106.96065660435659,-6.322049901270278,0],[106.96055305300003,-6.321909072999988,0],[106.96055300000002,-6.321908999999982,0],[106.96052538312759,-6.321871395433677,0]],[[106.96181089090115,-6.3231702017863665,0],[106.96190400000008,-6.322922999999948,0],[106.96190355800003,-6.322837724999909,0],[106.96190300000008,-6.322729999999966,0],[106.96185679400007,-6.322662955999926,0],[106.96185200000012,-6.322655999999972,0],[106.96180045829473,-6.322632211520519,0]],[[106.97690650831608,-6.323225330987482,0],[106.97684000000007,-6.323359999999957,0],[106.97672300000008,-6.323669999999938,0],[106.97666500000007,-6.323951000000006,0],[106.97667225236749,-6.324105113261359,0]],[[106.96151868732,-6.324260329643328,0],[106.96152400000007,-6.3241509999999455,0],[106.96154432300007,-6.324042612999948,0],[106.9615630000001,-6.323943000999966,0],[106.9616070000001,-6.323708000999973,0],[106.96166961430175,-6.323543514718844,0]],[[106.97672657142883,-6.32446113372629,0],[106.97675600000005,-6.324570999999969,0],[106.97679459700005,-6.324691080999957,0],[106.97684600000012,-6.3248509999999545,0],[106.97688896980348,-6.3249734099175345,0]],[[106.96169328889987,-6.325037779169419,0],[106.96168500000007,-6.325025999999957,0],[106.96152900000004,-6.324687999999968,0],[106.96152436300011,-6.324659787999943,0],[106.96151474471634,-6.324601279050613,0]],[[106.96455867991854,-6.325461244880183,0],[106.96459930100006,-6.325374834999954,0],[106.96464200100004,-6.3252840009999876,0],[106.96472586500005,-6.324944537999967,0],[106.96472600000007,-6.324943999999922,0],[106.96466888300004,-6.324852236999968,0],[106.96466500100009,-6.324845999999985,0],[106.96452200000006,-6.324734999999949,0],[106.96452131800001,-6.324734658999921,0],[106.96452000000008,-6.324734000999955,0],[106.96441132900006,-6.324705402999898,0],[106.96438700000009,-6.32469899999999,0],[106.96416700000009,-6.324701999999972,0],[106.96399681300004,-6.324724174999941,0],[106.96383700000005,-6.324744999999977,0],[106.96375214300005,-6.324756313999936,0],[106.96370200000007,-6.324762999999956,0],[106.96286000000003,-6.3248970009999415,0],[106.96272423000008,-6.324899468999968,0],[106.96231066716322,-6.324906987852353,0]],[[106.96178266652952,-6.325131891499526,0],[106.96178100000012,-6.325132999999928,0],[106.96178096300011,-6.325132980999927,0],[106.96176036800009,-6.325122683999963,0],[106.96174900000004,-6.325116999999937,0],[106.96174881000012,-6.325116727999914,0],[106.9617443234465,-6.325110319955064,0]],[[106.9642391255093,-6.326073811824285,0],[106.96440700000005,-6.325788999999938,0],[106.9644752250001,-6.325641088999957,0],[106.96448507991849,-6.325619723195365,0]],[[106.96088033920199,-6.326102404554602,0],[106.96092800000005,-6.326035999999947,0],[106.96107300000006,-6.3259300009999695,0],[106.9610986092498,-6.325918911280249,0]],[[106.96377538701849,-6.326647914071627,0],[106.96384900000007,-6.326580000000016,0],[106.96411280947034,-6.326259194656393,0]],[[106.9612914521034,-6.327724590496709,0],[106.96126400000006,-6.32758299999996,0],[106.96119300000004,-6.326911999999952,0],[106.96109000000004,-6.326788000999995,0],[106.96086187400009,-6.32658863800002,0],[106.96086000000011,-6.326587000999973,0],[106.960840428,-6.326562945999937,0],[106.96077700000008,-6.3264849999999715,0],[106.96077700000008,-6.326380999999982,0],[106.96079361582223,-6.326321773283029,0]],[[106.97718699337891,-6.326461516637073,0],[106.97720699900006,-6.326621999999938,0],[106.97720752035546,-6.326775646186379,0]],[[106.96342903651474,-6.326623017083866,0],[106.9635950000001,-6.326711999999924,0],[106.96361801700004,-6.326724392999973,0],[106.96363284254271,-6.326732376698031,0]],[[106.96237296378672,-6.327024999831666,0],[106.96227259148799,-6.32703561999295,0]],[[106.96308733105002,-6.328251492777715,0],[106.9629381550001,-6.327960161999991,0],[106.96293499800002,-6.327954001999926,0],[106.96262801400012,-6.327260041999972,0],[106.96262800000002,-6.327259998999969,0],[106.96260487900007,-6.327230364999915,0],[106.9624859990001,-6.327078000000009,0],[106.96237608864469,-6.327026444778495,0]],[[106.96203230902286,-6.327184255993346,0],[106.96198400000011,-6.327232999999955,0],[106.96197900000006,-6.327319999999959,0],[106.96198400000011,-6.32757000099995,0],[106.961960004,-6.328140904833402,0]],[[106.97716314177306,-6.327323871201363,0],[106.97715100000005,-6.327433998999977,0],[106.97713733966772,-6.327561495674706,0]],[[106.96154164393243,-6.328283263908686,0],[106.96149400000007,-6.328218999999914,0],[106.9614308063741,-6.328094073897562,0]],[[106.96191955013362,-6.328283152208881,0],[106.96188600000009,-6.328346000999941,0],[106.9618859380001,-6.328346033999944,0],[106.96184433502587,-6.3283686855628805,0]],[[106.9634060034139,-6.328724705376688,0],[106.96333000000003,-6.328604999999966,0],[106.96310892094559,-6.328291558618849,0]],[[106.96179719042138,-6.328394351913614,0],[106.96179600000002,-6.32839499999991,0],[106.96173008500007,-6.328391021999936,0],[106.9616800000001,-6.328387999999952,0],[106.96167988243788,-6.328387937691927,0]],[[106.97706620500014,-6.328431888607101,0],[106.97706651800007,-6.3284897379999325,0],[106.9770680010001,-6.3287639999999765,0],[106.97704188300798,-6.329337944803749,0]],[[106.9634287323354,-6.328909938802619,0],[106.96343200000011,-6.32889500099998,0],[106.96342364700004,-6.328832730999979,0],[106.96341825003486,-6.328792499545189,0]],[[106.9631070396819,-6.3294229603181105,0],[106.96312400000004,-6.329405999999983,0],[106.96316462600002,-6.3293653749999965,0],[106.96317000000002,-6.329360000999907,0],[106.96323900100005,-6.329290999999971,0],[106.96330889392065,-6.329186602318627,0]],[[106.96298245050639,-6.3294909623907945,0],[106.96299599900001,-6.329483999999953,0],[106.96302536877667,-6.329469027319435,0]],[[106.96199294326784,-6.329856760787701,0],[106.96199699900004,-6.329778999999936,0],[106.96202254100011,-6.32972858899994,0],[106.96203499900008,-6.329703999999948,0],[106.96203507800008,-6.329703840999935,0],[106.9620439340001,-6.329685945999964,0],[106.96206105846338,-6.329651340258936,0]],[[106.96215108497087,-6.330166546294281,0],[106.96208905300001,-6.3300687019999256,0],[106.96208100000007,-6.33005599999994,0],[106.9619923606539,-6.329896447403916,0]],[[106.97701574446607,-6.329926296569633,0],[106.97701300000008,-6.329989999999986,0],[106.97702037500008,-6.330207359999941,0],[106.97703000000007,-6.330491000999961,0],[106.97703004000007,-6.330491400999994,0],[106.97707600000005,-6.33094900000002,0],[106.97706870900008,-6.330990586999997,0],[106.97705949842138,-6.331043130379689,0]],[[106.97484677711377,-6.330343712976228,0],[106.97481300000004,-6.33026399999992,0],[106.97462642800006,-6.330177437999952,0],[106.97459100100006,-6.330161000000013,0],[106.97436900000008,-6.33014699999992,0],[106.97428845300007,-6.330143259999966,0],[106.97408899900009,-6.33013399999991,0],[106.97391120100004,-6.330180541999942,0],[106.97374900000003,-6.3302229999999025,0],[106.97362238533212,-6.3303042836303955,0]],[[106.96237964300018,-6.3307643286330215,0],[106.96237800000003,-6.330748999999992,0],[106.96235600000009,-6.330564000999962,0],[106.96233634279577,-6.33051497908721,0]],[[106.96119097748686,-6.3306452625371055,0],[106.96119200000005,-6.3306449999999135,0],[106.96128475582032,-6.330680787678601,0]],[[106.97320659167511,-6.330651056688309,0],[106.97316000000005,-6.330697999999947,0],[106.97312077535226,-6.330755562486724,0]],[[106.97508793004455,-6.331233670071979,0],[106.97509189600002,-6.331183528999974,0],[106.97509700400009,-6.331118998999964,0],[106.97504049606408,-6.330863600909554,0]],[[106.96220335770244,-6.331047279898462,0],[106.96221183629493,-6.331048533043427,0]],[[106.96021009026262,-6.331799167916531,0],[106.96019600000007,-6.331712999999995,0],[106.96020902900007,-6.331621010999934,0],[106.96021685237358,-6.331565771817283,0]],[[106.97677384828192,-6.33163005848172,0],[106.97677082800003,-6.331632437999902,0],[106.97668000000007,-6.331703999999961,0],[106.97655225200006,-6.331740675999976,0],[106.97644226973739,-6.331772251576174,0]],[[106.97637014117667,-6.331792959468553,0],[106.97637000000009,-6.331792999999953,0],[106.97605585800002,-6.331802330999926,0],[106.97576400000013,-6.331810999999933,0],[106.97541417900005,-6.3318118789999165,0],[106.97536600000007,-6.3318119999999265,0],[106.97527176800008,-6.331791605999927,0],[106.97523200000008,-6.331782998999925,0],[106.97517557700012,-6.331726576999964,0],[106.97517303900008,-6.331724038999932,0],[106.97517300100007,-6.331723998999928,0],[106.97510826365854,-6.331651170813425,0]],[[106.96044904363269,-6.333591835673348,0],[106.96044700000004,-6.3335920009999445,0],[106.96039011900005,-6.333560484000001,0],[106.96037300000005,-6.333550999999927,0],[106.96037281600003,-6.333550700999991,0],[106.96036022800006,-6.333530269999899,0],[106.96031200000007,-6.333451999999996,0],[106.96031200000007,-6.333446999999937,0],[106.96031000000008,-6.333313999999946,0],[106.96031741500008,-6.333077698999935,0],[106.96032500000008,-6.33283599999992,0],[106.96030751200006,-6.332441972000003,0],[106.96029300000001,-6.33211499999995,0],[106.96024060486191,-6.331935676532675,0]],[[106.97243476169065,-6.3324468919448105,0],[106.97242800000006,-6.332516999999905,0],[106.97244400000005,-6.332753999999975,0],[106.97247474119355,-6.332814891210182,0]],[[106.96136448902551,-6.332520868773118,0],[106.96134200000003,-6.3325119999999355,0],[106.96132062200003,-6.33251682799998,0],[106.96131100100004,-6.332519000999982,0],[106.9612927756311,-6.332523340015351,0]],[[106.96119849904491,-6.332582376495944,0],[106.96116000000006,-6.33262000099999,0],[106.96110330372208,-6.3327136154548445,0]],[[106.96235876957132,-6.333145079135273,0],[106.96234799900013,-6.333121999999959,0],[106.96227063900004,-6.333045896999968,0],[106.96222500000007,-6.3330009999999834,0],[106.96209689700005,-6.3329096359999735,0],[106.96195999900009,-6.3328119999999775,0],[106.9619021400549,-6.332777194499807,0]],[[106.9739524259689,-6.332917590406085,0],[106.9740108600001,-6.332910018999916,0],[106.97401100000003,-6.332910001000004,0],[106.97401128216642,-6.332910077638166,0]],[[106.97280118842778,-6.3330469424476075,0],[106.9728255900239,-6.333045761738033,0]],[[106.9620188953152,-6.333512945048559,0],[106.96211000100007,-6.333470999999969,0],[106.96218789874574,-6.333403072893985,0]],[[106.96065327588833,-6.333542348300215,0],[106.96058300000001,-6.333581000000011,0],[106.96050528300007,-6.333587285999998,0],[106.96046851386602,-6.333590260563172,0]],[[106.96179610458987,-6.335605422222136,0],[106.9617840000001,-6.33549899999999,0],[106.9616060000001,-6.334229999999975,0],[106.96160014424139,-6.333989913893424,0]],[[106.97514656917882,-6.334325924507246,0],[106.97521300000001,-6.334470999999931,0],[106.97523007369989,-6.334503169294981,0]],[[106.97541450653564,-6.334898021065195,0],[106.97545200000008,-6.335015999999905,0],[106.97546363800005,-6.335164955999973,0],[106.97546700000007,-6.335208000999982,0],[106.97544381522587,-6.335278081722274,0]],[[106.96112978613088,-6.3351530952702415,0],[106.96113000000007,-6.335152999999961,0],[106.96115681072989,-6.335160911346028,0]],[[106.96125143581116,-6.335188833517714,0],[106.96125200000004,-6.33518899999992,0],[106.96125971539601,-6.335196007561384,0]],[[106.96068403379557,-6.335403921099415,0],[106.96075099900007,-6.3353589999999524,0],[106.96081558076382,-6.335315133823661,0]],[[106.96139252791698,-6.335358936200764,0],[106.96140500100009,-6.33538699999996,0],[106.96140141100005,-6.335460135999972,0],[106.96139700000005,-6.335549999999946,0],[106.9613750760001,-6.335796649000015,0],[106.96136502573077,-6.335909711537392,0]],[[106.97535884985416,-6.335405878387524,0],[106.97533499900007,-6.335429999999965,0],[106.97529066000004,-6.335446064999962,0],[106.97512800000008,-6.335504999999953,0],[106.97487737000004,-6.33554528,0],[106.9748479990001,-6.335549999999946,0],[106.97481713300003,-6.335558379999929,0],[106.97462700000003,-6.335609999999937,0],[106.97455008300005,-6.33564307099992,0],[106.97442000000004,-6.335699000999929,0],[106.97435185980557,-6.3357449434936495,0]],[[106.95923813069024,-6.335542283672902,0],[106.95941400000002,-6.335421999999925,0],[106.95941817100001,-6.335421651999985,0],[106.95942600000004,-6.335420999999931,0],[106.95944308849599,-6.335420801202686,0]],[[106.95992112412075,-6.335648711604881,0],[106.96003837332044,-6.335716636948986,0]],[[106.97426165895585,-6.3358145638540595,0],[106.97417000000004,-6.335907000999997,0],[106.97416362700005,-6.3359320669999395,0],[106.97415500000005,-6.335965999999905,0],[106.97413025258678,-6.336040804680843,0]],[[106.96158906921028,-6.336047171239857,0],[106.96159099900011,-6.336047000999946,0],[106.96159981400004,-6.33604109099999,0],[106.9616820000001,-6.335985999999961,0],[106.96176956508275,-6.335853268847581,0]],[[106.95777679357501,-6.336909256639368,0],[106.9577790000001,-6.336907999999953,0],[106.95799197900004,-6.336787015999979,0],[106.95799200200004,-6.336787002999889,0],[106.95826499300007,-6.336619990000015,0],[106.95826718900008,-6.3366186319999915,0],[106.95831300000005,-6.336589999999932,0],[106.95846116900005,-6.336444644999984,0],[106.95847100000006,-6.336434999999897,0],[106.95847114000007,-6.336434818999971,0],[106.95847116400007,-6.336434790999968,0],[106.95869300000005,-6.33614699999996,0],[106.95877762819951,-6.336038144167523,0]],[[106.9614763843658,-6.336050323035392,0],[106.96148747171115,-6.3360553122784555,0]],[[106.9741033343172,-6.336639569894343,0],[106.97404020400005,-6.336793513999984,0],[106.97404017500006,-6.336793572999989,0],[106.97404000000003,-6.336793999999935,0],[106.97387900000004,-6.33704499999992,0],[106.97345300000005,-6.337652000999961,0],[106.97326749048518,-6.33784877293,0]],[[106.95698740636847,-6.338355614880543,0],[106.95690454000004,-6.33808243499996,0],[106.95683100000008,-6.337840000999973,0],[106.95683245400002,-6.337720694999961,0],[106.95683299700008,-6.33767620600001,0],[106.95683300000007,-6.337675999999904,0],[106.95684601200009,-6.3376466119999595,0],[106.95689100000007,-6.33754499999999,0],[106.9569437779682,-6.337492222031861,0]],[[106.95715471443357,-6.339219059175628,0],[106.95714361600001,-6.33909243499995,0],[106.95714200000006,-6.3390740009999345,0],[106.95713355600007,-6.339028633999911,0],[106.95708300000007,-6.338756999999907,0],[106.95705279530603,-6.338596841153366,0]],[[106.97276511362482,-6.338992926176902,0],[106.97274899600006,-6.339086998999944,0],[106.97274624600001,-6.339139330999922,0],[106.97273500000006,-6.339352999999926,0],[106.97273600000005,-6.339633999999906,0],[106.97275556600007,-6.339740758999946,0],[106.97278200000004,-6.339884999999979,0],[106.97281654600006,-6.339996835999996,0],[106.97284099900013,-6.340075999999973,0],[106.97288055125821,-6.340115551723647,0]],[[106.95590517349494,-6.339094566899673,0],[106.95596600000002,-6.339115000999952,0],[106.95603415600006,-6.339146417999887,0],[106.95636299900009,-6.339297999999905,0],[106.95643488665574,-6.339325486802339,0]],[[106.95505787571003,-6.339641068464564,0],[106.95508300000004,-6.3395389999999505,0],[106.95512024900002,-6.339449164999978,0],[106.95516800000007,-6.339333999999953,0],[106.95520461700008,-6.339244598999928,0],[106.95524500000005,-6.339146000999941,0],[106.95528078438261,-6.3391183490627565,0]],[[106.95709709334788,-6.339504879390946,0],[106.95709710900007,-6.339504858999968,0],[106.95714400000004,-6.339444000999906,0],[106.95715086700008,-6.339403137999989,0],[106.95715166175306,-6.339398409422282,0]],[[106.97566282385293,-6.339430883995446,0],[106.97574900500004,-6.339445006999901,0],[106.97578851000011,-6.339479197999976,0],[106.97583963975823,-6.339523452995822,0]],[[106.97463848903597,-6.339594544184314,0],[106.97480400100001,-6.339522999999959,0],[106.9749660000001,-6.339463000999968,0],[106.97496664728934,-6.339462917124573,0]],[[106.95685547716597,-6.33948451367179,0],[106.95697216184594,-6.339528310067722,0]],[[106.95496953829007,-6.339957301999922,0],[106.95498653500006,-6.339935252999963,0],[106.95500600000007,-6.339910000000005,0],[106.95502794700012,-6.339764965999995,0],[106.95502899800002,-6.339757999999952,0],[106.95503251700013,-6.339743928690057,0]],[[106.97315211756766,-6.340251955497079,0],[106.97376626500004,-6.340019481999915,0],[106.97386000000006,-6.339983999999999,0],[106.97418763736547,-6.3398150140522755,0]],[[106.95476759300576,-6.339955829388556,0],[106.95493300100007,-6.339956999999986,0],[106.95494388343964,-6.339957301999922,0]],[[106.952980170848,-6.3400514141443995,0],[106.95307500000008,-6.340003999999967,0],[106.95310858272585,-6.339996259273329,0]],[[106.97595511771796,-6.340426346830808,0],[106.97594922700009,-6.340443612999925,0],[106.97588700000009,-6.340625999999917,0],[106.9757400000001,-6.340936999999981,0],[106.97567232500009,-6.341010410999926,0],[106.97557448728571,-6.341116540273651,0]],[[106.95286533570216,-6.341405473504059,0],[106.95285500000008,-6.34133500099996,0],[106.952797,-6.3407849999999275,0],[106.95278466100004,-6.340663790999935,0],[106.9527800000001,-6.3406179999999654,0],[106.95278167300006,-6.340449070999933,0],[106.95278184600016,-6.340431592253571,0]],[[106.96893857691279,-6.341491202982509,0],[106.96881667000004,-6.341475005999909,0],[106.9686360000001,-6.3414509999999655,0],[106.9684426740001,-6.3414584899999635,0],[106.96823480078048,-6.341466542846886,0]],[[106.97515426824687,-6.341453614559734,0],[106.97504800200004,-6.341515002999932,0],[106.97502946200011,-6.341520958999981,0],[106.97476800000005,-6.341604999999918,0],[106.97423600000009,-6.3417399999999855,0],[106.97406932000007,-6.341793753999992,0],[106.97404149447888,-6.341802727565527,0]],[[106.95293135030776,-6.341749240934048,0],[106.95291053100007,-6.341657312999894,0],[106.95288600100008,-6.341548999999903,0],[106.95288195624613,-6.341520244916255,0]],[[106.96725851026805,-6.34156093877627,0],[106.96701199900012,-6.341575000000011,0],[106.96659900000004,-6.341664999999997,0],[106.966533110136,-6.341698104086314,0]],[[106.96984896065354,-6.341903973991082,0],[106.96967200100002,-6.341786999999966,0],[106.96935155600006,-6.341639711999948,0],[106.96928765851632,-6.341610342294258,0]],[[106.95308460249062,-6.342694065052013,0],[106.95305400000004,-6.342578999999949,0],[106.95298572700007,-6.342191208000015,0],[106.95297900000004,-6.342152999999962,0],[106.95296200000006,-6.341965999999944,0],[106.95295656800006,-6.341901802999962,0],[106.95295424396505,-6.34187434232898,0]],[[106.97338347286276,-6.342051113962933,0],[106.97332200000005,-6.342097999999941,0],[106.97316000000005,-6.342201999999931,0],[106.9731059654165,-6.342236355057041,0]],[[106.96619208705245,-6.342124068644873,0],[106.96615700000007,-6.342198999999949,0],[106.96617572700002,-6.342332506999982,0],[106.96618800000006,-6.342419999999938,0],[106.96622729642058,-6.342498152645893,0]],[[106.97023209403784,-6.3423941751095345,0],[106.97019100000007,-6.3423310009999465,0],[106.97013730637718,-6.342255588306701,0]],[[106.9729450984467,-6.342352333366486,0],[106.97286500000007,-6.342424000999914,0],[106.9727930219672,-6.3425169428095405,0]],[[106.97147866657379,-6.342945830532033,0],[106.97147800000006,-6.342945999999939,0],[106.9712273110001,-6.342961978999929,0],[106.97122700000008,-6.342961999999931,0],[106.970961,-6.342918999999926,0],[106.97072500000012,-6.342845999999925,0],[106.97072460200008,-6.3428457529999935,0],[106.97048800000005,-6.34269899999993,0],[106.97042507479162,-6.342636460835772,0]],[[106.97248961593091,-6.342693718167803,0],[106.97227500000011,-6.34275099999997,0],[106.97215181600004,-6.342774192000023,0],[106.9719533742418,-6.342811552997075,0]],[[106.96788974587459,-6.34285773713812,0],[106.96803671400008,-6.3430038019999255,0],[106.96805100000002,-6.343017999999946,0],[106.96812600000001,-6.343298999999925,0],[106.96818600000009,-6.343579,0],[106.96821699900008,-6.3439189999999765,0],[106.96822489700011,-6.344110846999952,0],[106.96823400000007,-6.3443319999999535,0],[106.96829399900005,-6.344537999999945,0],[106.96835146826274,-6.344694952549657,0]],[[106.95430932837844,-6.343109731235531,0],[106.9540767990001,-6.3430723449999125,0],[106.95405600100007,-6.343069000999991,0],[106.95363800000004,-6.34302699999998,0],[106.95336100000013,-6.342998999999972,0],[106.95328695200004,-6.342953393999929,0],[106.95321000000007,-6.342906000000005,0],[106.95320995300006,-6.342905937999911,0],[106.95320953547697,-6.34290539050213,0]],[[106.95482371409398,-6.343433706586522,0],[106.95481899900005,-6.343413999999937,0],[106.95473283700004,-6.343298187999947,0],[106.9547260000001,-6.343288998999986,0],[106.95470747600007,-6.343277138999982,0],[106.95458699900004,-6.343199999999994,0],[106.95434166445918,-6.343119999316405,0]],[[106.95483334242108,-6.3440659982913825,0],[106.9548690000001,-6.343857999999992,0],[106.95486044244376,-6.343639413983061,0]],[[106.95092169616227,-6.343935022003789,0],[106.95092300000002,-6.343934999999968,0],[106.9509770130806,-6.343950580696257,0]],[[106.95025966964494,-6.3441463831410925,0],[106.95026300000004,-6.344139999999966,0],[106.95031500000007,-6.3440440009999275,0],[106.95037919800005,-6.344012245999965,0],[106.95038568188157,-6.344009038952715,0]],[[106.95129926200273,-6.344061379102795,0],[106.95145800000006,-6.344124000999974,0],[106.9515562990001,-6.344167096999987,0],[106.9516492823216,-6.3442078631261065,0]],[[106.95464259571945,-6.344410319992134,0],[106.95468986200002,-6.344356365999927,0],[106.95474800000004,-6.344289999999942,0],[106.95480666667005,-6.3441511296362005,0]],[[106.95052483476609,-6.344941416293738,0],[106.95035424900003,-6.344685782999916,0],[106.95029100000004,-6.344590999999978,0],[106.9502623481587,-6.3444604749447695,0]],[[106.96856364681125,-6.345236446060843,0],[106.9686070000001,-6.345289999999993,0],[106.9686563225203,-6.345355640305273,0]],[[106.95099373030963,-6.345669297644486,0],[106.95098500000009,-6.345634999999939,0],[106.95094000000009,-6.345546999999941,0],[106.95093442300008,-6.345536031999922,0],[106.95087999900001,-6.345428999999948,0],[106.9507428181258,-6.345248948602068,0]],[[106.96918088835064,-6.34578191966393,0],[106.96937700000004,-6.345921998999971,0],[106.96958056966837,-6.346073428214206,0]],[[106.9510459723732,-6.346256051852906,0],[106.95104700100006,-6.346236000000017,0],[106.95105879400006,-6.346029254999964,0],[106.95106400000004,-6.345938000999963,0],[106.95106395700004,-6.345937834999949,0],[106.95103984797301,-6.345845850137467,0]],[[106.97239799902245,-6.3465364640882935,0],[106.97248200000008,-6.346560000999913,0],[106.97251472987818,-6.346582779004729,0]],[[106.97122870975686,-6.346564796106181,0],[106.97131690641137,-6.346558192356367,0]],[[106.97265326543916,-6.346746758190248,0],[106.97267500000007,-6.34682499999999,0],[106.97267494700007,-6.346825323999928,0],[106.97265896788319,-6.346923403041261,0]],[[106.95199909124449,-6.348350842627704,0],[106.95195600000005,-6.348129999999964,0],[106.95184300000003,-6.347484999999976,0],[106.95178387700011,-6.347374685999997,0],[106.95176099900007,-6.347331999999929,0],[106.9517579990001,-6.347326999999959,0],[106.9517043889414,-6.347279481246227,0]],[[106.97249396203252,-6.3473185608175395,0],[106.97236800000007,-6.347579999999931,0],[106.97224360295532,-6.347704819001111,0]],[[106.9718302231675,-6.348039422873276,0],[106.97176400100001,-6.348083999999977,0],[106.97172075600008,-6.3481088309999,0],[106.97145399900003,-6.348261999999961,0],[106.97114400000005,-6.348366999999945,0],[106.97106995100005,-6.3483889639999855,0],[106.97078999900008,-6.348472000999928,0],[106.97059658500005,-6.348537018999979,0],[106.97044242697353,-6.348588840518699,0]],[[106.95340805531026,-6.3483567822207885,0],[106.95337202800006,-6.348334538999923,0],[106.953343242015,-6.348316767463592,0]],[[106.95329046314164,-6.348332961210291,0],[106.953263,-6.348341999999919,0],[106.95322451732368,-6.348372959979743,0]],[[106.95255825785226,-6.348793539527998,0],[106.95255700000004,-6.348793999999925,0],[106.95250918300007,-6.348793061999936,0],[106.95235300000003,-6.3487899999999495,0],[106.95224389800006,-6.348753348999937,0],[106.9522250000001,-6.3487470009999445,0],[106.95221861500002,-6.348738650999964,0],[106.95221272453217,-6.348730947532411,0]],[[106.96995372006064,-6.348865711432628,0],[106.96969899900004,-6.349021999999961,0],[106.96961567286915,-6.349094001647094,0]],[[106.95154249696814,-6.349271309600924,0],[106.95159100000005,-6.34923799999998,0],[106.95161915063245,-6.349226885310189,0]],[[106.95233572459412,-6.349309067229237,0],[106.95240200000009,-6.349357998999961,0],[106.95244647500004,-6.349409113000016,0],[106.95245049320891,-6.349413730944265,0]],[[106.95362026491996,-6.350928522713973,0],[106.95365514600003,-6.350868669999988,0],[106.95369400000006,-6.35080199999989,0],[106.95377200000011,-6.350558000999952,0],[106.95400200000005,-6.349452998999917,0],[106.95399491799999,-6.349397721999962,0],[106.95399231915556,-6.349377436580307,0]],[[106.97017877414517,-6.3496281241701045,0],[106.97019300000005,-6.3496349999999655,0],[106.97055999900005,-6.349863000000001,0],[106.97065682085547,-6.349923171604589,0]],[[106.95071497422208,-6.350122911360346,0],[106.95096500000002,-6.34980799999998,0],[106.95106631541059,-6.349700772223988,0]],[[106.97098423575324,-6.3501271304361016,0],[106.97102700000005,-6.350154000000009,0],[106.97112676200004,-6.350231979999977,0],[106.97125600000008,-6.350332999999987,0],[106.9716484293761,-6.350615387324089,0]],[[106.95280499137894,-6.3503355743835375,0],[106.95281300000008,-6.350420999999896,0],[106.95283200000006,-6.350604243999959,0],[106.95284834301518,-6.350761863580368,0]],[[106.95342270490708,-6.3511101667991685,0],[106.95346000000005,-6.351089999999916,0],[106.95349528800004,-6.351056886000018,0],[106.95352897897388,-6.351025272258882,0]],[[106.95154589220077,-6.352284512720564,0],[106.95067400000002,-6.351900999999961,0],[106.9506739280001,-6.3519009489999565,0],[106.95046611300005,-6.351750334999929,0],[106.95027800000013,-6.3516140010000175,0],[106.95015400000007,-6.351458000999989,0],[106.95014911600002,-6.351444663999951,0],[106.95010200000003,-6.351315999999963,0],[106.95012600000007,-6.351156999999953,0],[106.95014378993697,-6.351109060801653,0]],[[106.97241605829244,-6.351194072369838,0],[106.97245749800001,-6.351212383000005,0],[106.97247700000013,-6.351221000999919,0],[106.97263642982173,-6.351337916202416,0]],[[106.97298719157347,-6.351561913880955,0],[106.97300200000004,-6.351571001000012,0],[106.97330799900004,-6.351660999999998,0],[106.97355891476474,-6.35173505620943,0]],[[106.95200096541117,-6.35252519488383,0],[106.95190900000007,-6.352458999999945,0],[106.95176444500001,-6.352389516999969,0],[106.95155691920995,-6.35228976776221,0]],[[106.97527750115216,-6.352365494591551,0],[106.97536700000005,-6.352404000000012,0],[106.97536824200007,-6.3524052419999375,0],[106.97536900000004,-6.352406,0],[106.97553400000001,-6.352478000000007,0],[106.97576601200002,-6.35257952899997,0],[106.97616700000007,-6.352754999999922,0],[106.97616689100006,-6.352755475999961,0],[106.976166699848,-6.352756239044966,0]],[[106.95228508150538,-6.352853017859173,0],[106.95227800000005,-6.3528369999999565,0],[106.9522353951611,-6.352780725354036,0]],[[106.95241379012595,-6.353430197481403,0],[106.95242000000007,-6.353305999999948,0],[106.95240588900006,-6.353227918999972,0],[106.95237500000007,-6.353057000999952,0],[106.95234811518446,-6.352995899146242,0]],[[106.97710690207731,-6.353304814256267,0],[106.97713600000004,-6.353351000999941,0],[106.97714433600002,-6.353475117999908,0],[106.97714500000008,-6.353485000999926,0],[106.97714498100008,-6.353485086000022,0],[106.97713250100011,-6.353539585999913,0],[106.97710658518334,-6.353652770406116,0]],[[106.9493196814071,-6.355263973578774,0],[106.94939100100001,-6.355181000999922,0],[106.94943708300009,-6.355077151999945,0],[106.94946200000001,-6.355021000000006,0],[106.94947088800004,-6.354890421999949,0],[106.94947500000002,-6.354829999999923,0],[106.94948950100007,-6.354495294999941,0],[106.94950000000006,-6.354252999999966,0],[106.94950700000001,-6.354085999999915,0],[106.94960700000011,-6.353968999999916,0],[106.94998179800004,-6.353634771999973,0],[106.94999500000006,-6.353622999999976,0],[106.95053800000005,-6.353336999999938,0],[106.95054349393416,-6.353336025263468,0]],[[106.95215093865984,-6.353895158025958,0],[106.95218300000009,-6.353884999999893,0],[106.95222499523493,-6.353828837527265,0]],[[106.97703285181753,-6.353887400776005,0],[106.97697500000005,-6.3540599999999845,0],[106.97697200000007,-6.354072,0],[106.97695523729915,-6.3541415706869895,0]],[[106.95207367902843,-6.353915760563945,0],[106.95207998445413,-6.35391669966492,0]],[[106.97677925333522,-6.3550432552977885,0],[106.97678133500001,-6.355067856999975,0],[106.97678600000005,-6.355123001000008,0],[106.97681713800004,-6.355161825999934,0],[106.97683713463763,-6.355186760237364,0]],[[106.97689946668196,-6.3552462864511,0],[106.97698500000008,-6.355304999999968,0],[106.97738900000012,-6.355435000999977,0],[106.97768383000007,-6.355543621999994,0],[106.97768775581513,-6.355545068330338,0]],[[106.97769184632936,-6.3555465753383675,0],[106.97769299900004,-6.355546999999918,0],[106.9778456605232,-6.355647029455037,0]],[[106.94813443974896,-6.356204664805999,0],[106.94828500000007,-6.356073001999919,0],[106.94828502900006,-6.356072981999917,0],[106.94863000000001,-6.355813999999983,0],[106.94881352376571,-6.3556766593258605,0]],[[106.97825104991414,-6.35591932947206,0],[106.97828099900002,-6.355945000999986,0],[106.97828845900001,-6.355951162999963,0],[106.97830400000005,-6.355964000999959,0],[106.97833280005085,-6.355992235906017,0]],[[106.9473510721546,-6.357729982338812,0],[106.94735600000011,-6.357559999999941,0],[106.94736999900003,-6.357504000999926,0],[106.94739209500008,-6.357417665999977,0],[106.94742400000005,-6.357292998999965,0],[106.94746500300008,-6.357194886999929,0],[106.94750800000008,-6.357091999999943,0],[106.94775454300004,-6.356668410999889,0],[106.94780600000004,-6.356579999999946,0],[106.94787400100007,-6.35649499999993,0],[106.9478741980001,-6.356494753999909,0],[106.94795886258174,-6.35638840562598,0]],[[106.97837494940615,-6.35674311155754,0],[106.97838800000008,-6.35677899999998,0],[106.97840051000004,-6.356794453999926,0],[106.97841922611741,-6.3568175741670405,0]],[[106.97996307346756,-6.356835194790579,0],[106.97997520800004,-6.356842682000009,0],[106.98001300000006,-6.356865999999984,0],[106.98001710400004,-6.356913001999965,0],[106.98001758648886,-6.356918529211276,0]],[[106.97848502404372,-6.356869030868696,0],[106.97850175226581,-6.3568788555034015,0]],[[106.97882080631238,-6.356967999999897,0],[106.9789260000001,-6.356967999999897,0],[106.97896391210173,-6.356962269541656,0]],[[106.98001952300132,-6.357038560084694,0],[106.9800189030001,-6.357045007999963,0],[106.98001399900005,-6.357095999000007,0],[106.98001901200011,-6.357171181999922,0],[106.98002120140558,-6.357204022350361,0]],[[106.98019145823714,-6.357465903226013,0],[106.98027400000008,-6.357500999999944,0],[106.980397608,-6.357514803999932,0],[106.9804118510169,-6.357516394772867,0]],[[106.98118052517287,-6.357525811833243,0],[106.98121300000005,-6.357524999999976,0],[106.98121371836373,-6.357525027210743,0]],[[106.98128530430651,-6.357527738799474,0],[106.98134500000005,-6.3575299999999455,0],[106.98134598487108,-6.357530194098638,0]],[[106.98171337148182,-6.357690893085467,0],[106.981791,-6.357736999999931,0],[106.9818297560001,-6.357766360999962,0],[106.98183175435652,-6.35776787487743,0]],[[106.94428299069843,-6.357764201651884,0],[106.94437400000002,-6.357745999999965,0],[106.94441031263737,-6.3577449578469345,0]],[[106.94398456457293,-6.357924926826742,0],[106.94401399900009,-6.35788799999999,0],[106.9441559050001,-6.357797535999966,0],[106.944174,-6.357785999999988,0],[106.94417414600011,-6.357785969999986,0],[106.94417516638859,-6.357785765938507,0]],[[106.94508432014949,-6.357881507011621,0],[106.94529200000005,-6.357977999999976,0],[106.94548061479796,-6.358085713953999,0]],[[106.98196186966943,-6.357901106242037,0],[106.98200600000003,-6.357977999999976,0],[106.98202000100012,-6.358154999999966,0],[106.98201357230717,-6.358279277707114,0]],[[106.9481930238673,-6.3582973320875045,0],[106.94794730800001,-6.358286725999941,0],[106.94758300000007,-6.358270999999972,0],[106.94747744600004,-6.35817341299998,0],[106.94747700000009,-6.358172999999946,0],[106.94742134881963,-6.35807313281307,0]],[[106.94680162103009,-6.358166023265911,0],[106.94680200100002,-6.358166000999988,0],[106.94681647805726,-6.358168343681859,0]],[[106.94857292550412,-6.35834068221668,0],[106.94854156300006,-6.358327240999918,0],[106.94849899900001,-6.358309000000007,0],[106.94836894907158,-6.358304292288986,0]],[[106.94701928187979,-6.358307026463828,0],[106.94700034200008,-6.358344578999931,0],[106.94698500000005,-6.3583749999999615,0],[106.94687900000008,-6.358460998999972,0],[106.94667860500002,-6.35860242899995,0],[106.94644400000006,-6.358768000999971,0],[106.94622021147555,-6.358957820624346,0]],[[106.94867241743687,-6.358455584811319,0],[106.94866900000004,-6.358434000999958,0],[106.94864751383865,-6.358407556218571,0]],[[106.94863459068242,-6.358673505223612,0],[106.94865300000005,-6.358656999999935,0],[106.9486599990001,-6.358650999999972,0],[106.94867025480536,-6.358615472595398,0]],[[106.94373679211766,-6.358807755935137,0],[106.94373300000011,-6.358695999999965,0],[106.94374137801847,-6.358649659940886,0]],[[106.9477617593854,-6.358749778967288,0],[106.94786500000004,-6.358716998999926,0],[106.94786730878263,-6.358716945114052,0]],[[106.946550779267,-6.359425122047769,0],[106.9465882040001,-6.359416427999976,0],[106.94664600000007,-6.359402999999931,0],[106.94686000200002,-6.359293002999978,0],[106.94690345200006,-6.3592569450000145,0],[106.94704800000004,-6.359136999999949,0],[106.94724037999713,-6.358985509131211,0]],[[106.94476412607503,-6.358998958369556,0],[106.94471914100008,-6.358997958999991,0],[106.94467906443587,-6.358997068120621,0]],[[106.94540531420544,-6.359649708549787,0],[106.94529700000001,-6.359489000999941,0],[106.94498300100005,-6.35916599999995,0],[106.9448793294687,-6.3590867224363254,0]],[[106.94443819710668,-6.359110892908705,0],[106.94442063700006,-6.359126558999973,0],[106.94439100000001,-6.3591529999999405,0],[106.94398700000008,-6.359586000999974,0],[106.94388800000006,-6.359628000999985,0],[106.94388686777924,-6.359627434822835,0]],[[106.94381469719222,-6.359578085097107,0],[106.94377700000011,-6.359514999999961,0],[106.94375600100005,-6.359366999999972,0],[106.9437548826485,-6.359335318652382,0]],[[106.94608054215873,-6.3593570007914,0],[106.94609400000006,-6.3593759999999175,0],[106.94614148900008,-6.359393412999937,0],[106.94619635641247,-6.359413530773695,0]],[[106.98151150790014,-6.359373775999378,0],[106.98150700000004,-6.359393000999903,0],[106.98147600100005,-6.359456999999958,0],[106.98144921100005,-6.359512449999928,0],[106.98143300100004,-6.35954599999995,0],[106.98098300000002,-6.360189999999944,0],[106.9809676940001,-6.360235261999959,0],[106.98091300000002,-6.3603970000000185,0],[106.98082573881133,-6.360640880677538,0]],[[106.94383388704239,-6.359600943594868,0],[106.94382600000007,-6.3595969999999955,0],[106.94382589351218,-6.359596821795877,0]],[[106.94587020742688,-6.3601725530103135,0],[106.94576999900008,-6.360113999999962,0],[106.94561499900004,-6.359972999999931,0],[106.94552910358233,-6.359835399208459,0]],[[106.94706514121887,-6.36014423721314,0],[106.94689748310553,-6.360111095300459,0]],[[106.94686934915187,-6.360114434702281,0],[106.94674550349743,-6.360129814290373,0]],[[106.94713978770076,-6.360233178707931,0],[106.94713499900004,-6.360191999999932,0],[106.9471346110001,-6.360191722999998,0],[106.94709332400005,-6.3601623219999635,0],[106.94708841564473,-6.360158826582586,0]],[[106.94660857225419,-6.360208204704177,0],[106.94660200000008,-6.360211999999899,0],[106.94637604300003,-6.360325979000004,0],[106.94637600000003,-6.360325999999917,0],[106.94622400000007,-6.360316999999972,0],[106.94622189749442,-6.360316429419944,0]],[[106.94649434150996,-6.360819557215192,0],[106.94650700000004,-6.3607319999999365,0],[106.94654449042093,-6.360688011739347,0]],[[106.98079606243762,-6.3607238213748705,0],[106.9807959990001,-6.360723998999985,0],[106.98078299418812,-6.360734092452015,0]],[[106.94666351269457,-6.361340525179871,0],[106.94664796200006,-6.361302118999946,0],[106.94662200000005,-6.36123799999997,0],[106.94658042200007,-6.361136042999972,0],[106.94650700000004,-6.360956000999996,0],[106.94649313239368,-6.360922487040034,0]],[[106.98007706544527,-6.361244282896928,0],[106.97948600100007,-6.361659999999981,0],[106.97941057100005,-6.361706844999949,0],[106.97929600000006,-6.361777999999974,0],[106.97928500000005,-6.361793000999972,0],[106.979174001,-6.36194599999993,0],[106.97917167500009,-6.361963878999989,0],[106.97915799900002,-6.362068999999982,0],[106.97917273889207,-6.362178911206607,0]],[[106.94644582783181,-6.361718920639371,0],[106.94648201300001,-6.361684101000021,0],[106.94669100000007,-6.361482999999991,0],[106.94669099400006,-6.361482829999977,0],[106.94668956300004,-6.361443719999938,0],[106.9466892868166,-6.361436176165137,0]],[[106.94589731465321,-6.3621150090123155,0],[106.94594646900002,-6.362069541999938,0],[106.94597300000008,-6.3620450009999505,0],[106.94605246220934,-6.362011626215859,0]],[[106.94590955845295,-6.363360938517749,0],[106.94599976100008,-6.3632868879999425,0],[106.94611900100008,-6.363189000000014,0],[106.9461880000001,-6.36306000099991,0],[106.94618848800006,-6.363001034000005,0],[106.9461890000001,-6.362938999999935,0],[106.94616990400003,-6.362901762999963,0],[106.94612900000003,-6.362821999999936,0],[106.9458530000001,-6.362390999999979,0],[106.945839,-6.3622569999999055,0],[106.94585267080139,-6.3622220635076285,0]],[[106.97925673220617,-6.36245260348114,0],[106.97931100000007,-6.362556999999947,0],[106.9793317660001,-6.362625063999895,0],[106.97936500000009,-6.3627339999999375,0],[106.97938343430138,-6.362801773166483,0]],[[106.97949517187088,-6.363078974026616,0],[106.97963200000007,-6.363352000999912,0],[106.97979100000008,-6.363516999999975,0],[106.97979108500009,-6.363517134999897,0],[106.97980336504436,-6.363536679344529,0]],[[106.98796788805855,-6.363633089082677,0],[106.98803783500004,-6.363646594999951,0],[106.98807099900003,-6.363652999999948,0],[106.98825200000009,-6.363735999999976,0],[106.98832737456321,-6.363781643485412,0]],[[106.98393289675036,-6.363674374873552,0],[106.98405099900003,-6.3636679999999455,0],[106.98424275225872,-6.3636634344643515,0]],[[106.9867731833903,-6.3636868482552575,0],[106.9868327828688,-6.3637328324715146,0]],[[106.94474713121866,-6.364025802634311,0],[106.94481299900012,-6.3640009999999645,0],[106.94515700000007,-6.363861001000016,0],[106.94519201200004,-6.363841182999975,0],[106.945335847055,-6.363759766026456,0]],[[106.98511444915854,-6.363930893046033,0],[106.98525031868742,-6.3638270140198525,0]],[[106.98867444829322,-6.3640546084625225,0],[106.98868546000007,-6.364062771999924,0],[106.98876400000007,-6.364120999999946,0],[106.98879096700009,-6.364143782999966,0],[106.98879221640263,-6.36414483850818,0]],[[106.98889212925448,-6.3642047241939235,0],[106.98892495762394,-6.364220979017633,0]],[[106.9889321687955,-6.3642229964391515,0],[106.98897880800008,-6.364235984999956,0],[106.9890830000001,-6.364264999999959,0],[106.98922102333978,-6.364291397906486,0]],[[106.99011351457092,-6.3643126205828136,0],[106.99014800000002,-6.364314000000016,0],[106.99014816205545,-6.364314062733213,0]],[[106.94457311817878,-6.3647466477404055,0],[106.94440100000004,-6.364525999999971,0],[106.94440662500007,-6.364488156999949,0],[106.94441200000007,-6.364451999999977,0],[106.9444124020001,-6.364448984999727,0]],[[106.99033843576184,-6.364557573902308,0],[106.99034570600013,-6.364593116999929,0],[106.99036000000007,-6.364662998999938,0],[106.99036778338741,-6.36479191232573,0]],[[106.94482707561119,-6.365385519142764,0],[106.94485300000005,-6.365327998999893,0],[106.94485200000005,-6.365207000999918,0],[106.94483265700005,-6.365148970999913,0],[106.94479200100007,-6.365026999999946,0],[106.94473740500008,-6.364957117999937,0],[106.94473650470468,-6.364955965626985,0]],[[106.99041780062923,-6.365100776376776,0],[106.99045100000004,-6.365237999999996,0],[106.9905541612911,-6.365398694541403,0]],[[106.99256613941424,-6.365444276999922,0],[106.99259800000004,-6.365443999999988,0],[106.9925995536204,-6.365444276999922,0]],[[106.99186515930614,-6.365470536306917,0],[106.9919329990001,-6.3654589999998965,0],[106.99193364308258,-6.3654589727579545,0]],[[106.94461011948239,-6.3656606531106394,0],[106.94461800000006,-6.365651999999967,0],[106.94464593156272,-6.365622271670125,0]],[[106.9440636790058,-6.366131314818203,0],[106.94408200000002,-6.366103999999973,0],[106.94416367815502,-6.366037749940935,0]],[[106.99345454920966,-6.3661301439772675,0],[106.99351700000005,-6.366231000000001,0],[106.99354948976898,-6.366301532654207,0]],[[106.94494673717452,-6.366195065706327,0],[106.94489500000006,-6.366207999999963,0],[106.94477899900005,-6.366307999999977,0],[106.94462921500009,-6.366429344999981,0],[106.94438400000006,-6.366628000999986,0],[106.94427137424405,-6.366681241583839,0]],[[106.94397781207489,-6.36628902503873,0],[106.94399200100004,-6.366236999999964,0],[106.94399669211536,-6.366230164045495,0]],[[106.94519260637188,-6.367120832655649,0],[106.94518453800003,-6.366982059999971,0],[106.94518000000002,-6.366904000999996,0],[106.94517221100008,-6.366799245999944,0],[106.94515100000011,-6.3665139999999685,0],[106.94507965444078,-6.36635439189306,0]],[[106.94402847701284,-6.366698163832686,0],[106.94399000100006,-6.366671999999896,0],[106.94397588900004,-6.366640106000011,0],[106.94394664161926,-6.366574009478244,0]],[[106.94421958425984,-6.366705723807909,0],[106.94421899999999,-6.366705999999956,0],[106.94406500000004,-6.366723000999942,0],[106.94406475500003,-6.366722832999928,0],[106.94406409531581,-6.366722384412183,0]],[[106.99380166724157,-6.366715147552538,0],[106.9938309970001,-6.366772037000002,0],[106.99389800000006,-6.36690199999992,0],[106.99392032571822,-6.366973937871402,0]],[[106.94337486813284,-6.367313985674295,0],[106.94337693700004,-6.3673139999999915,0],[106.94337699900005,-6.3673139999999915,0],[106.94337838055714,-6.367341161569252,0]],[[106.94201978633264,-6.367845959197394,0],[106.94202051400008,-6.367826622999951,0],[106.9420240000001,-6.367733999999926,0],[106.94205817100008,-6.367604637999969,0],[106.94208000000003,-6.367522000999971,0],[106.94208255600006,-6.36751113799996,0],[106.942083999,-6.3675049999998965,0],[106.94212090100004,-6.36746664399992,0],[106.94216000000007,-6.367426000999933,0],[106.94221776400006,-6.367405402000005,0],[106.94228900000009,-6.367379999999946,0],[106.94230499999999,-6.367376999999964,0],[106.94241519900005,-6.367355589999969,0],[106.94247029296517,-6.367344886238358,0]],[[106.94547324606557,-6.368213812008095,0],[106.94547000000003,-6.3682049999999055,0],[106.94536406400006,-6.367909955999918,0],[106.94522799900008,-6.367530998999916,0],[106.94521904483733,-6.367440490912225,0]],[[106.94323345582191,-6.367785117428349,0],[106.94315600000006,-6.367990999999963,0],[106.94314240961266,-6.3681011782452455,0]],[[106.94436523207035,-6.368434448579064,0],[106.94440117600006,-6.36841617699997,0],[106.94443300000003,-6.368399999999964,0],[106.94443447305673,-6.3684001091152584,0]],[[106.94545020480841,-6.368497212318603,0],[106.94545686000001,-6.3684921069999465,0],[106.94545699900002,-6.368491999999938,0],[106.94546883176493,-6.3684436848898915,0]],[[106.94523564016485,-6.368573545399082,0],[106.94529608175934,-6.368563138168183,0]],[[106.94314951483032,-6.3688055733936775,0],[106.94316096200002,-6.368850878999966,0],[106.9432090000001,-6.369041000999976,0],[106.94326107600006,-6.36909530799994,0],[106.94327900000012,-6.369113999999977,0],[106.94339228219938,-6.369153826658215,0]],[[106.94209544676123,-6.3691176161939875,0],[106.94212199900004,-6.369079999999917,0],[106.94212900000008,-6.369069999999978,0],[106.94215197300012,-6.368962417999958,0],[106.94215837194665,-6.368932452599486,0]],[[106.94376803273522,-6.369106270074477,0],[106.943808,-6.369096999999991,0],[106.94386139265688,-6.36906026585209,0]],[[106.9411126141494,-6.369745661341964,0],[106.94127500000003,-6.369677999999924,0],[106.94149000000006,-6.369588999999932,0],[106.94168949300004,-6.369454886999938,0],[106.94184700000002,-6.3693489999999695,0],[106.94189565900005,-6.369308969999944,0],[106.94189991316783,-6.369305470270815,0]],[[106.94027483723445,-6.370349742577487,0],[106.94043400000008,-6.370162999999907,0],[106.94066600000009,-6.369967999999938,0],[106.94067200100005,-6.369962999999968,0],[106.94090976233086,-6.369836356931581,0]],[[106.93914950747103,-6.370441277722017,0],[106.93915200000006,-6.370440999999994,0],[106.93948601336653,-6.370497356448036,0]],[[106.93866993575224,-6.370566897141062,0],[106.93876784300006,-6.3704985589999605,0],[106.93879300000002,-6.370480999999929,0],[106.93879326300004,-6.370480970999926,0],[106.93886491626479,-6.37047298733402,0]],[[106.93857244398603,-6.372113330578545,0],[106.93853246300004,-6.371934566999938,0],[106.93849699900004,-6.371776000999963,0],[106.93846000000009,-6.371221999999955,0],[106.93849000000009,-6.370860000999935,0],[106.93854200000004,-6.370707000999976,0],[106.93863819007888,-6.370591949178218,0]],[[106.9404911710288,-6.371321917679063,0],[106.9402024070001,-6.371293241999988,0],[106.93991800000002,-6.37126499999996,0],[106.93987900100008,-6.3712609999999845,0],[106.93971930218014,-6.3712639573672245,0]],[[106.940574902005,-6.371373938384229,0],[106.94057470100009,-6.371373811999904,0],[106.94052518792476,-6.371342791978153,0]],[[106.93939970793129,-6.371439157246629,0],[106.93931700000003,-6.371507000999911,0],[106.93921977983834,-6.371636991456443,0]],[[106.93985261097525,-6.372039416382181,0],[106.94005500000007,-6.371911999999936,0],[106.94041900000009,-6.371645999999954,0],[106.94053495900009,-6.37153204099994,0],[106.9405350000001,-6.371531999999936,0],[106.94054358900009,-6.3715149969999505,0],[106.94055983167947,-6.371482843502131,0]],[[106.93899945643588,-6.371989385818578,0],[106.93895000000005,-6.372075999999916,0],[106.93888126000004,-6.372162249999947,0],[106.93884400000006,-6.3722090009999075,0],[106.93884379800005,-6.372209129999918,0],[106.93876899900008,-6.372256999999971,0],[106.93876711344241,-6.372256557299961,0]],[[106.93924728385696,-6.372519632148,0],[106.9392920000001,-6.372458999999898,0],[106.93932517500009,-6.372426523999964,0],[106.9394820000001,-6.3722729999999626,0],[106.93949781270031,-6.372262992162026,0]],[[106.93794800396599,-6.374030570643031,0],[106.93801600000003,-6.373949999999985,0],[106.93816802400009,-6.373832234999922,0],[106.93822900000008,-6.373784999999922,0],[106.93830298800006,-6.373736167999967,0],[106.93842900000001,-6.373652998999924,0],[106.93852279923665,-6.37355920044549,0]],[[106.9380153750205,-6.374512793452448,0],[106.93798218700007,-6.374479162999892,0],[106.93790900000006,-6.374404999999973,0],[106.93788384500003,-6.374359026999988,0],[106.93785100000007,-6.374298999999995,0],[106.93785144552518,-6.3742948730875835,0]],[[106.93887914805342,-6.375260604424438,0],[106.93889518000013,-6.375208993999971,0],[106.93890163500004,-6.375091939999967,0],[106.93885221700003,-6.375000417999944,0],[106.93885199900011,-6.3750000149999995,0],[106.93884334356036,-6.374982686807696,0]],[[106.93829372160495,-6.376571285416178,0],[106.93841258000008,-6.376300088999921,0],[106.93863378000007,-6.375841749999923,0],[106.93873114662063,-6.375631636516511,0]],[[106.93767493919022,-6.377421001641737,0],[106.93784001100003,-6.3772993139999965,0],[106.93805398300007,-6.37711829199994,0],[106.93809936303748,-6.377014749142274,0]],[[106.93739637181012,-6.377740534003019,0],[106.93739131800004,-6.377683883000019,0],[106.93743867600006,-6.377590626999941,0],[106.93743911901696,-6.377590308942006,0]],[[106.93788145008749,-6.378647206100153,0],[106.93789567900002,-6.378552618999956,0],[106.93777484100006,-6.378405494999951,0],[106.93756154400009,-6.3781457959999575,0],[106.93746223100004,-6.3780130749999895,0],[106.93746219808762,-6.378012970009129,0]],[[106.93563396632244,-6.378378596329638,0],[106.93568251200006,-6.37834036099998,0],[106.93581234800004,-6.378288962999902,0],[106.9358124501546,-6.378288972420988,0]],[[106.93540452642843,-6.378949558865022,0],[106.93539168000005,-6.378859265999926,0],[106.93537861000004,-6.378767420999965,0],[106.93538498760755,-6.378741949766043,0]],[[106.93771335691842,-6.378803359685948,0],[106.93774817279295,-6.3787852469057835,0]],[[106.93751666711238,-6.378805305430403,0],[106.93755442365888,-6.378813290658703,0]],[[106.93613815252989,-6.379930713654526,0],[106.93601965000006,-6.379816649000004,0],[106.93574445200002,-6.379539015999947,0],[106.93565779348899,-6.379411480010889,0]],[[106.93764122367486,-6.380476812000003,0],[106.93763704800003,-6.380463598999976,0],[106.93756132400007,-6.3804276200000185,0],[106.93718799200009,-6.380403022999937,0],[106.9369293700001,-6.380364366999936,0],[106.93665820600005,-6.380323841999958,0],[106.9365402645574,-6.380278833464127,0]],[[106.93697048673252,-6.382083627979297,0],[106.93703314600008,-6.382004984999968,0],[106.93719369200004,-6.381694108000003,0],[106.93719769200001,-6.3816858729999435,0],[106.93719937800006,-6.381682413999924,0],[106.937489888943,-6.381084225071577,0]],[[106.93517548797631,-6.381876480715066,0],[106.93521485900008,-6.381896554999967,0],[106.9352888624319,-6.381974585255735,0]],[[106.93474862840435,-6.38203049645505,0],[106.93485848500008,-6.381895325999954,0],[106.93489527626079,-6.381878247563867,0]],[[106.93449045525172,-6.3829707769977215,0],[106.93449377300001,-6.3829622919999505,0],[106.93460826600007,-6.382374206999964,0],[106.93473040499117,-6.382063203938438,0]],[[106.93538025500115,-6.382109394052927,0],[106.93538720500004,-6.382121518999929,0],[106.93541986300008,-6.382178499999936,0],[106.93546239887517,-6.38227079173428,0]],[[106.93551174431579,-6.382361757079581,0],[106.93551690200012,-6.382369833999958,0],[106.93574758300011,-6.3827022869999315,0],[106.93577565830236,-6.382709892975781,0]],[[106.93633270069289,-6.382674582345183,0],[106.93641284700008,-6.382651297999887,0],[106.93663906993869,-6.382437496552319,0]],[[106.93616282506946,-6.382723936358504,0],[106.93619158328029,-6.382715580945698,0]],[[106.93064426032251,-6.385224029626203,0],[106.9307011970001,-6.385086168999999,0],[106.93084699800008,-6.384719446999943,0],[106.93094474000009,-6.384442926999979,0],[106.93102764300002,-6.384219163999939,0],[106.93108749700009,-6.384057627999896,0],[106.93120818382063,-6.383859875868426,0]],[[106.92965238866942,-6.386058305123244,0],[106.92973086700002,-6.386029697999996,0],[106.93024348400006,-6.385601286999899,0],[106.93049421600003,-6.385434279000025,0],[106.9305963441608,-6.385305484643778,0]],[[106.92677412479543,-6.3854136444805984,0],[106.9267765960001,-6.385413607000002,0],[106.92684036965818,-6.385443730896446,0]],[[106.92689491351703,-6.385478909426135,0],[106.92691384300008,-6.3855090649999955,0],[106.92695188154751,-6.385569455786856,0]],[[106.92696995192266,-6.385614603982171,0],[106.92699763200008,-6.385727339999937,0],[106.92711786100008,-6.386047154999931,0],[106.92722571400013,-6.386216544000002,0],[106.92727783164055,-6.386262441593994,0]],[[106.92625632965125,-6.386033611598242,0],[106.92630434200001,-6.385836122999967,0],[106.92636008425261,-6.385722830350305,0]],[[106.92499009310701,-6.386039194031158,0],[106.92506237,-6.386022867999964,0],[106.92506273719961,-6.386022979451257,0]],[[106.92455075811694,-6.386269378368615,0],[106.9246726590001,-6.3861663899999375,0],[106.92479269480317,-6.3861019609951395,0]],[[106.92534731016667,-6.386213068638403,0],[106.92540301700004,-6.386292684999907,0],[106.92542267489624,-6.38636640038508,0]],[[106.92745937260095,-6.386379920448105,0],[106.92750070220602,-6.386394182153966,0]],[[106.92544571700012,-6.38655079392232,0],[106.92544927100005,-6.386687176999951,0],[106.92542432200011,-6.386992825999927,0],[106.92537947400005,-6.387434446999963,0],[106.92535634600009,-6.387605103999961,0],[106.9253479650001,-6.388005903999995,0],[106.92539549800004,-6.388147364999975,0],[106.92550184000005,-6.388270116999918,0],[106.92551033351766,-6.388272561911746,0]],[[106.9263892980145,-6.38719057600119,0],[106.92635127500007,-6.3870448609999695,0],[106.92626459174359,-6.386712692905695,0]],[[106.92642970319646,-6.387809268807155,0],[106.92645084000006,-6.387757428999953,0],[106.92645282600004,-6.3876998123397986,0]],[[106.92351909398236,-6.3883721164733185,0],[106.92355968200012,-6.388321872999937,0],[106.92382433400007,-6.388093614999969,0],[106.92397159358238,-6.387969280491946,0]],[[106.92622900105853,-6.388086839021968,0],[106.92626807400003,-6.388058930999941,0],[106.92630991700189,-6.388004840822271,0]],[[106.92581845962764,-6.388285746599577,0],[106.92587026432719,-6.388265348641587,0]],[[106.92330480142142,-6.389511176446861,0],[106.92330689800006,-6.389411837999971,0],[106.92330574700006,-6.38868759799991,0],[106.92334640814758,-6.38861224533216,0]],[[106.92191341119306,-6.38879873704108,0],[106.92200091000011,-6.388760680999917,0],[106.92200372101482,-6.388760630660096,0]],[[106.92176485648656,-6.3889975880953696,0],[106.92179524300005,-6.388901227,0],[106.92187704103124,-6.388817779066814,0]],[[106.92265365998439,-6.389112033956424,0],[106.92274754500006,-6.389201297999959,0],[106.92283188800012,-6.389354582999941,0],[106.92293899832845,-6.389586792713265,0]],[[106.92326727490851,-6.389725037682604,0],[106.92327593600008,-6.389704777999961,0],[106.92329340609025,-6.389621695492421,0]],[[106.92182418548713,-6.3905707167746915,0],[106.92201615900004,-6.390296197999957,0],[106.92217150600001,-6.390074053999962,0],[106.92218689800004,-6.389960482999891,0],[106.9221641068253,-6.38989017029934,0]],[[106.92152578559548,-6.391061394150578,0],[106.92153909200009,-6.3910275139999815,0],[106.92154425139593,-6.391014378477445,0]],[[106.921278432815,-6.3917907174827935,0],[106.92129473600002,-6.391756604999999,0],[106.92132323516066,-6.391659481878277,0]],[[106.92092651064368,-6.39257515919145,0],[106.92098711500006,-6.392388666999983,0],[106.92107733874525,-6.392205919622219,0]],[[106.92185553332789,-6.39384937521268,0],[106.92149204100009,-6.393582885999939,0],[106.92122747800006,-6.393390355999907,0],[106.9209811210001,-6.393209113999921,0],[106.92087511300012,-6.393064344999933,0],[106.92085964900009,-6.392950374999918,0],[106.92086721512514,-6.392876950863192,0]],[[106.92260251311978,-6.3946124113461575,0],[106.92264322200005,-6.394599918999978,0],[106.92275667400011,-6.394501460999914,0],[106.92278727300007,-6.394409044999994,0],[106.92275804400005,-6.394261069000008,0],[106.92275754700009,-6.394258574999979,0],[106.92270475500007,-6.394216712999979,0],[106.92230795200001,-6.394162304000007,0],[106.92218615387404,-6.3940852667016,0]],[[106.92149163376763,-6.395402678029805,0],[106.921489868163,-6.39528995252825,0]]]},"properties":{}},{"type":"Feature","geometry":{"bbox":[106.93110000000006,-6.352665000999936,106.95067400000002,-6.341151000000012],"type":"LineString","coordinates":[[106.93822400000002,-6.341151000000012,0],[106.9382239270001,-6.341151112999933,0],[106.93817500000004,-6.3412279999999885,0],[106.93796329000011,-6.341611773999945,0],[106.93790800000006,-6.341711999999978,0],[106.93788826600003,-6.341744313999898,0],[106.93782800000011,-6.341843000999981,0],[106.93770500000007,-6.3420079999999555,0],[106.93764300000008,-6.342008999999949,0],[106.93761459000004,-6.341988983999981,0],[106.93755500100008,-6.341946999999971,0],[106.93739791000006,-6.3418377929999945,0],[106.93736800000006,-6.341816999999962,0],[106.93721900000008,-6.341814999999974,0],[106.93721870200005,-6.341815097999893,0],[106.93706500200004,-6.341864002999943,0],[106.93706091400006,-6.341866920000006,0],[106.93691100100008,-6.341973999999896,0],[106.93653222200001,-6.342285817999938,0],[106.93653200000008,-6.3422859999999535,0],[106.93651900000008,-6.3424070000000174,0],[106.93652582000001,-6.34260382499996,0],[106.93653300000008,-6.34281099999996,0],[106.93654140900006,-6.343053920999987,0],[106.93654200000012,-6.343071000999979,0],[106.936547052,-6.343098457999941,0],[106.93656499900005,-6.3431960000000185,0],[106.9366610000001,-6.3434309999999225,0],[106.93664300000003,-6.343599999999961,0],[106.93664237300007,-6.343605750999904,0],[106.9366320000001,-6.343700999999969,0],[106.9365751390001,-6.343766283999953,0],[106.9364430000001,-6.343917999999983,0],[106.9364120000001,-6.344032,0],[106.93634200000008,-6.344307999999922,0],[106.93625221300003,-6.344488034999896,0],[106.93595100000006,-6.345091999999953,0],[106.93581600000009,-6.345240999999936,0],[106.93568900000005,-6.3454099999999745,0],[106.93567000000009,-6.345610000000002,0],[106.93558300000008,-6.3464119999999244,0],[106.93552300099999,-6.346477999999967,0],[106.9354952300001,-6.346475126999996,0],[106.93543599900008,-6.346468999999933,0],[106.93517500000007,-6.3464319999999805,0],[106.93516444900008,-6.346450169999974,0],[106.93515700000009,-6.34646299999997,0],[106.93512000100004,-6.346603000999918,0],[106.93507200000008,-6.3467449999999435,0],[106.93499870300005,-6.346850363999957,0],[106.93496000000005,-6.346905999999942,0],[106.93493391000001,-6.34694296099998,0],[106.93492400100008,-6.346956999999987,0],[106.93485099900009,-6.347040999999921,0],[106.93479600000006,-6.347185999999928,0],[106.93476999900004,-6.347482998999988,0],[106.93476711300008,-6.347532235999976,0],[106.93475399900005,-6.3477559989999275,0],[106.93475370600002,-6.3477561919999435,0],[106.93468181400003,-6.347803536999953,0],[106.93459001000008,-6.347863993999981,0],[106.93457700000006,-6.347929999999936,0],[106.93459445500008,-6.347963770999977,0],[106.93462300000004,-6.348018999999928,0],[106.93467311800002,-6.348139654999963,0],[106.93467699900008,-6.348148999999937,0],[106.93467200000002,-6.348576000000007,0],[106.93462300000004,-6.3486219999999935,0],[106.93456502300005,-6.348636493999949,0],[106.93449900000009,-6.348652999999983,0],[106.93442900000008,-6.34866499999991,0],[106.93433100000004,-6.348681999999984,0],[106.93427960900006,-6.348696682999956,0],[106.93405800000002,-6.348759999999954,0],[106.93393900000004,-6.348885999999899,0],[106.93389771199999,-6.3489299689998955,0],[106.93386200000006,-6.3489679999999336,0],[106.93360399900011,-6.349115001000017,0],[106.93360379800001,-6.34911501799993,0],[106.93327000000001,-6.349144999999924,0],[106.93290700000009,-6.349177999999901,0],[106.93288061300004,-6.349198478999908,0],[106.93284000000006,-6.34922999999994,0],[106.93281200000004,-6.349339999999893,0],[106.93271300000002,-6.34978200099996,0],[106.93269000000008,-6.349974999999942,0],[106.93270074300007,-6.350057718999947,0],[106.93271000000004,-6.350128999999983,0],[106.93269800000012,-6.350169000999918,0],[106.93268313200004,-6.350191797999939,0],[106.93268300000003,-6.350191999999955,0],[106.93268038000008,-6.350194619999995,0],[106.93266599900004,-6.350209000999941,0],[106.93230500000001,-6.350579001000002,0],[106.93220700000008,-6.350805999999954,0],[106.93211725500002,-6.351002317999944,0],[106.93207899900005,-6.35108599999994,0],[106.93202093400005,-6.35109841099999,0],[106.93194799900006,-6.3511139999999475,0],[106.93182533200012,-6.351164702999968,0],[106.931798164,-6.35117593199992,0],[106.93179800000007,-6.351175999999926,0],[106.93171400000006,-6.351285999999968,0],[106.93167447300007,-6.351406419999895,0],[106.93167099900005,-6.351416999999971,0],[106.93162600100005,-6.35148200000002,0],[106.93161652300007,-6.351496465999974,0],[106.93158800000002,-6.351539999999934,0],[106.93148128900008,-6.3517353719999345,0],[106.93138700000009,-6.351908001000007,0],[106.93133200000007,-6.351995999999916,0],[106.93118100000001,-6.352230999999998,0],[106.93110000000006,-6.352396998999966,0],[106.93135300000003,-6.352322999999972,0],[106.93157800000009,-6.352178000999965,0],[106.93165800000013,-6.3521259999999256,0],[106.93179000000003,-6.352080999999933,0],[106.93179019700005,-6.352081000999933,0],[106.93197,-6.352080999999933,0],[106.93213800000005,-6.352103000999977,0],[106.93229500000008,-6.3521249989999315,0],[106.93236900000007,-6.352169999999925,0],[106.93243629500004,-6.352208297999896,0],[106.93249200000012,-6.352239998999943,0],[106.93258878900005,-6.352313846999925,0],[106.9326270000001,-6.352342999999939,0],[106.93277109700003,-6.352508676999969,0],[106.93283377200007,-6.352580736999892,0],[106.93283400000008,-6.352580999999914,0],[106.93286470100006,-6.352594802999901,0],[106.9329630000001,-6.352638999999916,0],[106.93317800000004,-6.352665000999936,0],[106.9342350000001,-6.352528000999969,0],[106.93423514800011,-6.35252801099997,0],[106.934851,-6.352552999999906,0],[106.93519800000011,-6.352547000999943,0],[106.93535753300007,-6.352542863999956,0],[106.93546800100006,-6.352539999999985,0],[106.93580941400008,-6.352526497999934,0],[106.93617599900003,-6.352512000999978,0],[106.93659200000008,-6.35247599999993,0],[106.93664000000005,-6.352465000999908,0],[106.93674400000003,-6.352612999999986,0],[106.93676200000002,-6.352636999999929,0],[106.93676204500011,-6.3526369770000155,0],[106.93681600000005,-6.352610001000004,0],[106.93715500000012,-6.3525249999999875,0],[106.93724100000013,-6.3525149999999595,0],[106.93734241800009,-6.352503257999965,0],[106.93762099900003,-6.3524710009999605,0],[106.93843500100006,-6.352429000999949,0],[106.9388283480001,-6.352408438999936,0],[106.93887500000005,-6.352406001,0],[106.93996000000003,-6.352334999999899,0],[106.94020619600006,-6.352310379999993,0],[106.94028000000013,-6.352302999999916,0],[106.94031669800006,-6.352299186999955,0],[106.9403570000001,-6.352294999999964,0],[106.94080199900007,-6.352288999999912,0],[106.94097700000007,-6.352284999999936,0],[106.94144461100004,-6.352274348999943,0],[106.94189900000006,-6.352263998999975,0],[106.94208804900008,-6.352259507999959,0],[106.9424040000001,-6.352251999999959,0],[106.94256900100008,-6.3522479999999835,0],[106.943047,-6.352235999999968,0],[106.94312585600005,-6.352234180999995,0],[106.94317700000002,-6.352232999999986,0],[106.94364899900009,-6.352273000000009,0],[106.94368594800004,-6.3522758979999825,0],[106.94370000000004,-6.352277000999985,0],[106.94415300000013,-6.352265999999963,0],[106.94416000000008,-6.352257999999923,0],[106.94418449300007,-6.35225761799998,0],[106.94422400000005,-6.352256999999929,0],[106.94452732900001,-6.352249523999932,0],[106.94479200100007,-6.352242999999925,0],[106.94521800000005,-6.352233000999986,0],[106.94543500000006,-6.352227999999927,0],[106.94547200000002,-6.352224999999946,0],[106.94558594700003,-6.352216197999928,0],[106.94570500000002,-6.352206999999966,0],[106.94576862300005,-6.352201215999932,0],[106.94582600100009,-6.352195999999944,0],[106.94589135200007,-6.352190438000017,0],[106.94592000000004,-6.352187999999993,0],[106.94594979400003,-6.3521853049999475,0],[106.94611900100008,-6.352169999999925,0],[106.9464960000001,-6.352137000999948,0],[106.94707900000012,-6.352107999999946,0],[106.94765600000007,-6.352045998999968,0],[106.94771374300005,-6.352041799999975,0],[106.94776600000002,-6.3520379999999275,0],[106.94792771100008,-6.35202504300001,0],[106.94807800000008,-6.352012999999902,0],[106.94813700000007,-6.352012999999902,0],[106.94844044600005,-6.352013750999964,0],[106.94854100000002,-6.3520139999999845,0],[106.94944500000013,-6.352014997999978,0],[106.94945053300005,-6.352015187999905,0],[106.94950400000003,-6.352017000999966,0],[106.95043284300006,-6.351924908999896,0],[106.95067400000002,-6.351900999999961,0]]},"properties":{}},{"type":"Feature","geometry":{"bbox":[106.95038100000002,-6.31812051865357,106.96239548134965,-6.310419999999995],"type":"LineString","coordinates":[[106.96239548134965,-6.31812051865357,0],[106.96231400000006,-6.318040999999953,0],[106.96228513000008,-6.317987241999946,0],[106.96228500000007,-6.317987000999926,0],[106.96220349700008,-6.317893924999952,0],[106.96212300000008,-6.317801999999984,0],[106.96196600000005,-6.317662000999947,0],[106.96159900000006,-6.317429998999936,0],[106.9608994800001,-6.316988305999894,0],[106.96089900000005,-6.316987999999958,0],[106.96064600000008,-6.316767999999962,0],[106.96061000000012,-6.316735999999979,0],[106.96060996000003,-6.316735928999973,0],[106.96032900000006,-6.316240999999968,0],[106.96005100000005,-6.316046999999992,0],[106.96004670000005,-6.316044043000014,0],[106.96003500000006,-6.31603599999997,0],[106.95947100000002,-6.315791000999949,0],[106.95888100000006,-6.315495000999972,0],[106.9587870000001,-6.315447999999991,0],[106.9583489990001,-6.315227999999907,0],[106.95830839100002,-6.315207441999982,0],[106.9581890010001,-6.315147000999955,0],[106.95818700000011,-6.315145999999961,0],[106.95807111200011,-6.315075638999913,0],[106.95804700000006,-6.315061000999945,0],[106.95803190000007,-6.315051714999976,0],[106.95788599900007,-6.314962000000014,0],[106.95764200000004,-6.314821999999976,0],[106.95706300000009,-6.314479000999929,0],[106.95702605700006,-6.314457572999933,0],[106.95701300000005,-6.314449999999928,0],[106.95686788700003,-6.314365213999929,0],[106.95674600000007,-6.314293999999988,0],[106.95671005100012,-6.314273169999952,0],[106.95663899900009,-6.314231999999921,0],[106.95658694300005,-6.314194402999918,0],[106.95642300000007,-6.3140759999999805,0],[106.9562256990001,-6.313933876999945,0],[106.9561869990001,-6.313905999999948,0],[106.95617036700004,-6.313889225999981,0],[106.9560700000001,-6.313787999999954,0],[106.95581700000012,-6.313532998999994,0],[106.95563611600008,-6.313351116999955,0],[106.95563600100006,-6.313351000999946,0],[106.95526200000003,-6.312865999999962,0],[106.95515800000004,-6.312689999999966,0],[106.9551180000001,-6.312623000000018,0],[106.955048128,-6.312464290999943,0],[106.95504800100008,-6.312464000000007,0],[106.95491799900007,-6.312443999999951,0],[106.95463160600009,-6.312345948999921,0],[106.95451200000005,-6.312304999999997,0],[106.95446799900006,-6.312289999999999,0],[106.95425183300003,-6.312164612999927,0],[106.9540370000001,-6.3120400000000085,0],[106.95396241500006,-6.3119889669999605,0],[106.95388499900005,-6.31193599999993,0],[106.95371902500008,-6.3118296630000135,0],[106.95358999900006,-6.311747000999924,0],[106.9533510000001,-6.31159499999996,0],[106.95296200000006,-6.311358999999884,0],[106.9528520000001,-6.3112950000000065,0],[106.95265120100001,-6.311178116999928,0],[106.95265100000009,-6.311177999999918,0],[106.95266578800006,-6.311147340999957,0],[106.9526920000001,-6.311092999999991,0],[106.95269163600007,-6.311092807999975,0],[106.95257157200008,-6.311029739999997,0],[106.95243500000007,-6.310958000000012,0],[106.95235658700007,-6.310918581999948,0],[106.95225000000003,-6.310864999999955,0],[106.95205600000006,-6.310786999999985,0],[106.95147100000007,-6.310585999999963,0],[106.9512900000001,-6.310492999999996,0],[106.95111622600011,-6.31044223499997,0],[106.95111199800003,-6.310441001999957,0],[106.95093000000007,-6.310424999999965,0],[106.95087600000004,-6.310419999999995,0],[106.9507102680001,-6.310436121999908,0],[106.95061900000009,-6.310445000999932,0],[106.95054537400004,-6.310454899999952,0],[106.95038100000002,-6.310477001000004,0]]},"properties":{}},{"type":"Feature","geometry":{"bbox":[106.97703000000007,-6.331882999999939,106.98566100000002,-6.326957999999939],"type":"LineString","coordinates":[[106.98530700000003,-6.326957999999939,0],[106.98530900000011,-6.327141999999975,0],[106.98530173100005,-6.32729041499991,0],[106.985297001,-6.3273869999999075,0],[106.98531700000007,-6.3277859999999695,0],[106.98535300100012,-6.327981999999933,0],[106.9854204540001,-6.328144819999993,0],[106.98544000000003,-6.3281920009999,0],[106.98551400000011,-6.328365000999915,0],[106.98559500000006,-6.328667999999938,0],[106.98561400600003,-6.3288067439999605,0],[106.98562500000006,-6.32888700099994,0],[106.98566100000002,-6.3293079989999566,0],[106.9856490000001,-6.32962399999999,0],[106.98560500000009,-6.3301549999999605,0],[106.9855738110001,-6.330357131999987,0],[106.98555300000005,-6.330491999999955,0],[106.98548099500005,-6.3307302619999515,0],[106.98537500000008,-6.331080999999928,0],[106.98527300000006,-6.331477999999914,0],[106.98527000000009,-6.331669998999901,0],[106.98535543600005,-6.331826878999914,0],[106.98538600000009,-6.331882999999939,0],[106.9849503650001,-6.331746116999982,0],[106.98495000000008,-6.331745998999972,0],[106.98490604700008,-6.331748606999922,0],[106.98483199900008,-6.33175299999993,0],[106.98477992800004,-6.331668823999982,0],[106.984699,-6.331537999999993,0],[106.98458300000009,-6.331439999999967,0],[106.98420799900006,-6.331238999999945,0],[106.98407821100007,-6.33118836899993,0],[106.98384400000005,-6.33109700099992,0],[106.98367545000005,-6.331067503999966,0],[106.98356399900007,-6.331047999999951,0],[106.9831758880001,-6.331051214999951,0],[106.98308100000007,-6.331051999999927,0],[106.9822999990001,-6.331096000999926,0],[106.98194400100004,-6.330992000000025,0],[106.98147300000007,-6.330882999999977,0],[106.98140233500008,-6.330863144000022,0],[106.98123100000004,-6.330814999999946,0],[106.98094325600003,-6.330741065999957,0],[106.9809430000001,-6.330740999999952,0],[106.98101262700008,-6.330384304999926,0],[106.98106500000006,-6.33011600000002,0],[106.98107179800009,-6.330087298999954,0],[106.98108289500003,-6.330040447999986,0],[106.98108300000004,-6.330039999999949,0],[106.98054600000002,-6.32998299999994,0],[106.98044400000002,-6.32991300000001,0],[106.98027297000007,-6.3297300579999725,0],[106.98004200000007,-6.329482999999959,0],[106.9798889050001,-6.329438948999956,0],[106.97983000000002,-6.329422000999974,0],[106.9798299020001,-6.329421997999974,0],[106.97964900000005,-6.329418000999999,0],[106.97962868300006,-6.329415012999929,0],[106.97947900000011,-6.329392999999884,0],[106.97943743000005,-6.329387490999961,0],[106.97939600000008,-6.329381999999951,0],[106.97925700000003,-6.329330000000001,0],[106.9791020000001,-6.329271999999909,0],[106.9789829590001,-6.329227434999952,0],[106.97850100000001,-6.329046999999944,0],[106.97804000000006,-6.328911999999965,0],[106.97803100000003,-6.328910999999971,0],[106.97779700000002,-6.328911000999971,0],[106.97773800000003,-6.328956999999958,0],[106.97765082800001,-6.329070241999913,0],[106.97763100000006,-6.329095999999913,0],[106.97763100100006,-6.329213999999995,0],[106.97763806700003,-6.329236614000001,0],[106.97767599900006,-6.329358000999919,0],[106.97773699900004,-6.329577000999921,0],[106.97772928700002,-6.329670601999938,0],[106.97771500000009,-6.329843999999985,0],[106.97769317300005,-6.329914380999947,0],[106.97766600000003,-6.330002001000002,0],[106.97761007900002,-6.330110050999972,0],[106.97760700100012,-6.33011600000002,0],[106.97760695500003,-6.330116051999935,0],[106.97757254800011,-6.330155508999914,0],[106.97749800000007,-6.330241000999971,0],[106.97730400000009,-6.3303780009999375,0],[106.97717001900011,-6.330436779000005,0],[106.97714899900006,-6.330445999999968,0],[106.97703000000007,-6.330491000999961,0]]},"properties":{}},{"type":"Feature","geometry":{"bbox":[106.968039,-6.235169001000008,106.97957800100004,-6.2308710000000165],"type":"LineString","coordinates":[[106.9795100000001,-6.233093999999918,0],[106.97954500100006,-6.232912999999952,0],[106.97956314600006,-6.232785984000012,0],[106.97957800100004,-6.232681999999935,0],[106.97955873200004,-6.232588230999992,0],[106.97954801600005,-6.232536082999941,0],[106.97954800000005,-6.232536000999934,0],[106.9795164280001,-6.232491761999915,0],[106.9792189990001,-6.232074999999982,0],[106.97915100000006,-6.231937999999927,0],[106.97907815600007,-6.2318355389999756,0],[106.97906000000008,-6.231809999999905,0],[106.979010826,-6.231742945999953,0],[106.97886200000003,-6.2315400009999475,0],[106.97876800000007,-6.231411000000021,0],[106.97875536400001,-6.231392597000008,0],[106.97852700000003,-6.231059999999934,0],[106.97845070700002,-6.230956262999966,0],[106.97838800000008,-6.2308710000000165,0],[106.97836682800002,-6.230881132999967,0],[106.97801400000013,-6.231049999999906,0],[106.97786705600005,-6.231139406999931,0],[106.97784800000008,-6.231151000999914,0],[106.97783496900006,-6.231157429999913,0],[106.97754800000003,-6.231298999999991,0],[106.97712100000005,-6.231573000000013,0],[106.97655600000012,-6.232053999999932,0],[106.97639858100005,-6.2322567889999245,0],[106.97632700100009,-6.232348999999916,0],[106.97615200000008,-6.232573999999969,0],[106.97584600000008,-6.23303500000001,0],[106.97557400000004,-6.233364999999958,0],[106.97552078500007,-6.233433245999921,0],[106.97544300000004,-6.233533000000003,0],[106.97526000000008,-6.233889999999965,0],[106.97519400000004,-6.234471999999892,0],[106.97519401600005,-6.234472117999902,0],[106.97523800000003,-6.234839000999971,0],[106.97526246500011,-6.235149520999906,0],[106.97526400000005,-6.235169001000008,0],[106.97495565800004,-6.235088831999947,0],[106.97481400000004,-6.23505199999992,0],[106.97469484600003,-6.235014277999907,0],[106.97441600000006,-6.234925999999975,0],[106.97428133900011,-6.234843940999935,0],[106.97403199899999,-6.234691999999976,0],[106.9739614430001,-6.234652132999964,0],[106.97378600000008,-6.2345529999999325,0],[106.97345580100001,-6.234324101,0],[106.97344700000009,-6.23431799999994,0],[106.97343900000004,-6.23431300099997,0],[106.97339187600005,-6.234281281999921,0],[106.9733870000001,-6.234278000000005,0],[106.97338690100008,-6.234277991999916,0],[106.97319100000004,-6.234262999999919,0],[106.97282800000004,-6.234251000999992,0],[106.97273200000008,-6.23424800100001,0],[106.97228300000006,-6.234255000999967,0],[106.97182499899999,-6.234261999999925,0],[106.97177600000003,-6.234261999999925,0],[106.97173363300007,-6.234261336999959,0],[106.97171200000007,-6.234260999999931,0],[106.97137511500007,-6.234259731999915,0],[106.97091500000002,-6.234257999999949,0],[106.97027900000006,-6.234254999999967,0],[106.97017600000007,-6.2342309999999355,0],[106.96889600000013,-6.233928999999906,0],[106.96885100000013,-6.2339190009999665,0],[106.96858000100009,-6.233856999999988,0],[106.9685469070001,-6.233848949999944,0],[106.96854300000005,-6.233847998999954,0],[106.968442682,-6.233829450000018,0],[106.96813200000005,-6.233771999999972,0],[106.968039,-6.233754999999986,0]]},"properties":{}},{"type":"Feature","geometry":{"bbox":[106.89772813000012,-6.397356460302218,106.92132992054349,-6.36554600199999],"type":"MultiLineString","coordinates":[[[106.914340148987,-6.365558154262741,0],[106.9143449380001,-6.365546183999916,0],[106.9143450060001,-6.36554600199999,0]],[[106.914000721125,-6.366465088975138,0],[106.9140960010001,-6.366367999999968,0],[106.9141502077011,-6.366158647575771,0]],[[106.91282706990799,-6.36723412094924,0],[106.91305700000002,-6.367115999999951,0],[106.91324000000006,-6.367031999999929,0],[106.91328243300002,-6.3669813750000035,0],[106.91349899900008,-6.366722999999942,0],[106.91362402640034,-6.366676163400099,0]],[[106.91192725923375,-6.367390509990335,0],[106.91195949000007,-6.367375987999969,0],[106.91197496454971,-6.367369015972036,0]],[[106.91210285938159,-6.367436270816219,0],[106.91211842400008,-6.367457085999929,0],[106.91215500000008,-6.367505999999979,0],[106.91218294100008,-6.367607782999963,0],[106.9121830000001,-6.367607998999981,0],[106.91214265700005,-6.367695559999943,0],[106.91204800000011,-6.367900998999977,0],[106.91204189031855,-6.3679164530201735,0]],[[106.91061405980517,-6.367938945096908,0],[106.91065408900006,-6.367902196999987,0],[106.91067500000011,-6.367882998999997,0],[106.91067510000003,-6.367882986999996,0],[106.91092200000011,-6.367852000000008,0],[106.91109172200004,-6.3678253599999355,0],[106.91131700000003,-6.367789999999941,0],[106.91144973145714,-6.36770104440736,0]],[[106.91249305163059,-6.368068785468518,0],[106.91250000000012,-6.367961999999961,0],[106.91250088575745,-6.367884940125036,0]],[[106.9106191358969,-6.368411098613992,0],[106.91060446400004,-6.368349065999924,0],[106.91058600100003,-6.3682709999999485,0],[106.91057099900003,-6.368059999999987,0],[106.91060806100008,-6.367955712999974,0],[106.91061342789297,-6.3679406099723455,0]],[[106.91215668678653,-6.368363806276479,0],[106.91217581800004,-6.368382131999995,0],[106.91220699900003,-6.368411998999891,0],[106.91220715700005,-6.368412062999896,0],[106.91226277306585,-6.368433850103573,0]],[[106.91230172254203,-6.368449108217545,0],[106.91230399900007,-6.3684499999999264,0],[106.91239200000007,-6.368438999999993,0],[106.91243065380857,-6.368409413134147,0]],[[106.91070574200008,-6.368964953119983,0],[106.91070688000008,-6.368954142999984,0],[106.91070900000008,-6.368933999000005,0],[106.91071234100009,-6.368897580999922,0],[106.91071526810568,-6.368865676472014,0]],[[106.91023864774898,-6.3694083582610315,0],[106.91022700000008,-6.369347999999976,0],[106.91024099900008,-6.369202000999975,0],[106.91040793100004,-6.369145905999952,0],[106.910488,-6.369119000999946,0],[106.91053070500007,-6.369102313999987,0],[106.91063900000006,-6.3690599999999495,0],[106.91067450528509,-6.369021721450819,0]],[[106.90996730192602,-6.370391843842006,0],[106.91008000000008,-6.370355000999984,0],[106.91020375100003,-6.370272499999908,0],[106.9102358160001,-6.370251122999916,0],[106.91023600000003,-6.3702509999999055,0],[106.91029280027607,-6.370188940439126,0]],[[106.90977457818336,-6.370455473924187,0],[106.90977898376673,-6.370454005355542,0]],[[106.90928658920933,-6.37069006540243,0],[106.9093480000001,-6.370680999999957,0],[106.90941108118446,-6.370644006841287,0]],[[106.90881438115916,-6.370885529328275,0],[106.90886800000008,-6.370841999999955,0],[106.90892258825461,-6.370815716766321,0]],[[106.90787989665142,-6.371134690035452,0],[106.90789300000006,-6.371093999999934,0],[106.90789317800007,-6.371094039999937,0],[106.90820400000003,-6.371162999999958,0],[106.90826995300007,-6.371167849999916,0],[106.9083400000001,-6.371173000999898,0],[106.90834017228113,-6.371172943572857,0]],[[106.90840195690885,-6.371152348697008,0],[106.90840916800003,-6.371149944999944,0],[106.9084990000001,-6.371119998999953,0],[106.9084998278109,-6.371119424513806,0]],[[106.90805722730292,-6.372223509922327,0],[106.90806585100006,-6.372216127999964,0],[106.90806600000006,-6.372215999999954,0],[106.90809236500012,-6.37211170999994,0],[106.90811100000006,-6.37203799999997,0],[106.90811100000006,-6.372026765587281,0]],[[106.90779830285055,-6.372481943985187,0],[106.90779220900006,-6.37247716599998,0],[106.90779200000004,-6.372476999999966,0],[106.90783077421908,-6.372436924892822,0]],[[106.9085924523862,-6.37297359362219,0],[106.9085870000001,-6.372927000999896,0],[106.90857272700008,-6.37289796299998,0],[106.9085580000001,-6.372868000999988,0],[106.9085289480001,-6.372825459999932,0],[106.90851953864981,-6.372811681949321,0]],[[106.90817430572818,-6.373399207251419,0],[106.90826849400013,-6.373358070999947,0],[106.90830300000005,-6.373342998999943,0],[106.90843031400001,-6.373282526000002,0],[106.90846299900005,-6.373266998999961,0],[106.90850977981864,-6.373223860026057,0]],[[106.90796681061998,-6.374072635268769,0],[106.90790900400005,-6.373960999000007,0],[106.90793053500005,-6.373838203999972,0],[106.90793372057887,-6.373820038794987,0]],[[106.90834575218149,-6.374344111738429,0],[106.90829700000009,-6.374312001000005,0],[106.90827264700002,-6.3743002789999235,0],[106.90824530840722,-6.374287121439638,0]],[[106.90766900866969,-6.376018641698101,0],[106.90765138400005,-6.375980953999983,0],[106.90766337017814,-6.375896848502395,0]],[[106.90783911351775,-6.377460724876306,0],[106.90789591200011,-6.377386844999956,0],[106.90800357700006,-6.377201812999923,0],[106.90811462700009,-6.376966735999924,0],[106.90819128200005,-6.376766332999951,0],[106.90819465985297,-6.376722957554227,0]],[[106.90711317836026,-6.377605541188492,0],[106.9072763230001,-6.377591642999937,0],[106.90742638600008,-6.377602994999988,0],[106.90754196200005,-6.37762401299995,0],[106.90755308517896,-6.377622858178823,0]],[[106.90658174952803,-6.3776230325360626,0],[106.906631757184,-6.377612306469983,0]],[[106.9063110627076,-6.377977433287208,0],[106.90640199700006,-6.377814056999954,0],[106.90644928100006,-6.377720964999979,0],[106.90649075800012,-6.377668398999981,0],[106.9065601028848,-6.377631342175528,0]],[[106.90589674109023,-6.378556252344337,0],[106.90595785500008,-6.3784553619999915,0],[106.90600265200005,-6.3783325049999515,0],[106.90604625500002,-6.378209653999912,0],[106.90611025600008,-6.37813079399996,0],[106.90620409600011,-6.378070891999888,0],[106.90622252473084,-6.378055812237383,0]],[[106.90528006153117,-6.378992741256107,0],[106.90530842000008,-6.378960448999949,0],[106.90540552200012,-6.378814759999974,0],[106.9054836660001,-6.378696545999963,0],[106.90560121400006,-6.378607966999917,0],[106.90569408600001,-6.378606430999968,0],[106.90570481447075,-6.3786085099559084,0]],[[106.90513297878546,-6.379150163546955,0],[106.90515309600002,-6.379137318999929,0],[106.90519742588502,-6.379086839828952,0]],[[106.90468586164037,-6.379791187973206,0],[106.90466694500012,-6.37968825799995,0],[106.90459743400005,-6.379564629999935,0],[106.904563694,-6.379456350999947,0],[106.90460146600012,-6.379366873000004,0],[106.90471906300007,-6.379291396999976,0],[106.90486659600002,-6.379261067999954,0],[106.90502361300005,-6.37921999199993,0],[106.90510793042918,-6.379166156555739,0]],[[106.90459398884407,-6.379937931074876,0],[106.90464870900011,-6.379908686999981,0],[106.90467704681541,-6.379837059362115,0]],[[106.90397034807917,-6.380337516294633,0],[106.90392603000001,-6.380249655999949,0],[106.90394718500006,-6.3801733419999405,0],[106.90402066400011,-6.380081355999968,0],[106.90414910611625,-6.380019841658614,0]],[[106.90463990682237,-6.382212494631046,0],[106.90463423400007,-6.382113793,0],[106.90454061200005,-6.381910094999933,0],[106.90444338000009,-6.3817173419999715,0],[106.90438434600009,-6.381511698999921,0],[106.90430903800008,-6.381108283999938,0],[106.90427832700003,-6.3808534779999935,0],[106.9042287770001,-6.380655928999902,0],[106.90421072702436,-6.380616724372979,0]],[[106.90464127114276,-6.382299362226918,0],[106.90464397000008,-6.382283189999983,0],[106.90464353634626,-6.382275644842506,0]],[[106.90454384189792,-6.3833140915561035,0],[106.90453481600011,-6.383288712999958,0],[106.90448725900008,-6.383139364999947,0],[106.90447759900007,-6.383026862999964,0],[106.90454186300006,-6.382742665999986,0],[106.90460655200009,-6.382507407999972,0],[106.90461901399854,-6.382432732593225,0]],[[106.90485108587333,-6.384085731508927,0],[106.90475859500006,-6.3840101029999605,0],[106.90473864070317,-6.383967870005792,0]],[[106.9048325309726,-6.385165144138339,0],[106.9049287440001,-6.385019945999938,0],[106.90504729100006,-6.384782888999952,0],[106.90509363900007,-6.384607748999938,0],[106.9050907420001,-6.384447439999997,0],[106.90505462300004,-6.384265671999968,0],[106.90502186739639,-6.384222200485846,0]],[[106.90404658120147,-6.386150770103095,0],[106.9041449960001,-6.386007124999905,0],[106.90423859300002,-6.385900407999957,0],[106.90445574100005,-6.385659123999977,0],[106.90458993900005,-6.385487521999989,0],[106.90471649800013,-6.38533520499991,0],[106.90476432441353,-6.385265279103903,0]],[[106.90404551807056,-6.386848137257429,0],[106.90401011200004,-6.386826944999969,0],[106.90395273200008,-6.386726192999982,0],[106.90393382800004,-6.386614494999977,0],[106.90393177500003,-6.386477309999995,0],[106.90396024198631,-6.386343935958051,0]],[[106.90352714613762,-6.388347655140004,0],[106.90354150400007,-6.388239959999998,0],[106.90364111400005,-6.388090067999942,0],[106.9037639490001,-6.387971677999916,0],[106.90387906000002,-6.38784947499993,0],[106.90408416600003,-6.387684543999962,0],[106.90419860400009,-6.387587767999948,0],[106.90433150700007,-6.387481682999963,0],[106.90442127300012,-6.387380379000019,0],[106.90451155600005,-6.38721125199997,0],[106.90451034900003,-6.387092552999919,0],[106.90450208580316,-6.387085520981307,0]],[[106.90408635367345,-6.389177762921095,0],[106.90403157000013,-6.389088307999936,0],[106.90396199410468,-6.3890224532707105,0]],[[106.90405178893705,-6.389780039742133,0],[106.90404620300009,-6.389711803999921,0],[106.90407043400005,-6.389597641999979,0],[106.9041269140001,-6.389451757999987,0],[106.90413730000007,-6.3893445809999125,0],[106.90412328525534,-6.389257060917354,0]],[[106.90419360059866,-6.391076650118,0],[106.90413716800006,-6.3909755289999435,0],[106.90410288400007,-6.39087159999996,0],[106.90408979000006,-6.390664313999951,0],[106.90409713238276,-6.390574579042086,0]],[[106.90408463169472,-6.3922031579988445,0],[106.90409696100002,-6.392185012999919,0],[106.90419732200007,-6.392030489000012,0],[106.90426770700012,-6.3918961179999965,0],[106.90432351700012,-6.391779522999942,0],[106.9043951790001,-6.391575005999895,0],[106.90440096400005,-6.391472473999938,0],[106.90440008099509,-6.391469389185845,0]],[[106.90364107162453,-6.392813260173758,0],[106.90367615700002,-6.392773901999972,0],[106.9038241370001,-6.392579888999906,0],[106.90391606800007,-6.392438495999931,0],[106.9040119000001,-6.392310196999974,0],[106.90406302010229,-6.392234963709887,0]],[[106.90286513357472,-6.393676233385582,0],[106.90289971400009,-6.393601431999963,0],[106.90299365100013,-6.393434661999931,0],[106.90307873200007,-6.3933148839999685,0],[106.90318769100011,-6.393192694999895,0],[106.90327138600011,-6.39311607599995,0],[106.90338588200008,-6.393034723999969,0],[106.90349579314231,-6.3929565429565525,0]],[[106.90277817156806,-6.3938505673517785,0],[106.90278190300002,-6.3938467609999226,0],[106.90283167600005,-6.393764247000023,0],[106.90283487179755,-6.393755597124363,0]],[[106.91815386252068,-6.393822340363121,0],[106.91796475400011,-6.393801453999993,0],[106.91780784703953,-6.393778700902454,0]],[[106.91846020378797,-6.393858522322061,0],[106.91845104400002,-6.393855162999996,0],[106.91845080541708,-6.393855136649341,0]],[[106.9020000508212,-6.394015098159956,0],[106.90211443300004,-6.393989162999981,0],[106.9022643960001,-6.393971926999976,0],[106.90238106400007,-6.3939646339999054,0],[106.90256337600006,-6.393943352999921,0],[106.90272502500002,-6.393904780999927,0],[106.90276229912318,-6.3938667584845685,0]],[[106.90149748026127,-6.394334143618275,0],[106.90155547800006,-6.394251185999989,0],[106.90163752800001,-6.394164555999927,0],[106.90174611078677,-6.394098487290313,0]],[[106.91403982462917,-6.3941452807325,0],[106.91364800100007,-6.3942202369999155,0],[106.91359381398733,-6.394226909984125,0]],[[106.9191642552912,-6.394263259358036,0],[106.91912161400008,-6.394234007999989,0],[106.91910051598519,-6.394220756301406,0]],[[106.90849312269026,-6.394346242175631,0],[106.9084914900001,-6.394346074999936,0],[106.90848386100001,-6.394377403999952,0],[106.90848037567544,-6.394402872598382,0]],[[106.90617998823615,-6.394360706548264,0],[106.90617807900009,-6.394360381999965,0],[106.90609533300008,-6.394393019999912,0],[106.90601142900007,-6.3944622709999575,0],[106.9058604379017,-6.394586899535538,0]],[[106.90022497902294,-6.394441487377135,0],[106.90031945800011,-6.394388193999957,0],[106.90043607800008,-6.39437010499997,0],[106.90059013500004,-6.394397002999975,0],[106.90073158400011,-6.394463185999944,0],[106.90086912400002,-6.39453232299998,0],[106.90088222917724,-6.394536366837423,0]],[[106.89894301640066,-6.394441528600604,0],[106.89896938700005,-6.394446155999956,0],[106.89912476300012,-6.3945662389999445,0],[106.89920759000005,-6.394689535999932,0],[106.899233402855,-6.394730232820779,0]],[[106.89846129838416,-6.394761791149529,0],[106.89844469600007,-6.394692353999988,0],[106.89844632400012,-6.39460209699998,0],[106.89850579500006,-6.394507702999897,0],[106.89859367000041,-6.3944614018780275,0]],[[106.90538022136138,-6.394472390640905,0],[106.90538012900006,-6.394472395999996,0],[106.90537820850786,-6.394474403516282,0]],[[106.90568304804076,-6.394527462352896,0],[106.90567185700004,-6.394523644999973,0],[106.90567013378273,-6.39452314307294,0]],[[106.89973735531485,-6.394834511494297,0],[106.89978657800008,-6.394808060999969,0],[106.89989801100006,-6.394711512999974,0],[106.9000035540001,-6.394614000999988,0],[106.90003931759529,-6.394583758871276,0]],[[106.91029725142297,-6.394658215725114,0],[106.91028440407891,-6.3946023932361715,0]],[[106.90844590031759,-6.394654890253394,0],[106.90836204311569,-6.395267842849007,0]],[[106.90525131190734,-6.394678450098935,0],[106.90523372200002,-6.394727332999951,0],[106.90512684900007,-6.394968533999924,0],[106.9050547927288,-6.395070510343649,0]],[[106.90758808996053,-6.3948909501246,0],[106.90748921300003,-6.394835193999905,0],[106.90741140965201,-6.394806009958144,0]],[[106.9204189102807,-6.394990334419527,0],[106.92039435024118,-6.394977863325236,0]],[[106.9079692178988,-6.395183957286422,0],[106.90791685600007,-6.39511401099997,0],[106.90788227373804,-6.395078914562037,0]],[[106.92132992054349,-6.395306831655235,0],[106.92130582400006,-6.395292168999967,0],[106.92101127000011,-6.395169521999945,0],[106.9210013810001,-6.395166374999951,0],[106.92082108410321,-6.395111906047758,0]],[[106.89849838154497,-6.395507658278033,0],[106.8985298810001,-6.39545524299996,0],[106.89856259000005,-6.395284431999949,0],[106.89856414216192,-6.395252518885487,0]],[[106.90447253363871,-6.3954677454552975,0],[106.90433923000009,-6.395506000999985,0],[106.9042491072257,-6.395549167478199,0]],[[106.90393832758909,-6.395698015023955,0],[106.90393793300011,-6.395698203999901,0],[106.90390957958147,-6.395769480636938,0]],[[106.90382682476354,-6.395939745380575,0],[106.90376196300011,-6.396046040999993,0],[106.90366894156946,-6.396092279348343,0]],[[106.9029740602742,-6.396043487371218,0],[106.90288950000004,-6.396199013999949,0],[106.90260116100008,-6.396705670999948,0],[106.90252599537018,-6.396767821421291,0]],[[106.89797120918143,-6.396778675273685,0],[106.8979200740001,-6.396750818999953,0],[106.89782417100007,-6.396651746000016,0],[106.89777835600009,-6.396555561999962,0],[106.89773517000008,-6.396402868999941,0],[106.89772813000012,-6.3962742518855595,0]],[[106.89998726495521,-6.396915578058794,0],[106.899881265,-6.396878495999948,0],[106.89988055877603,-6.396878626913805,0]],[[106.89949923663826,-6.396949313187884,0],[106.89818443500012,-6.39719303999995,0],[106.89823032700009,-6.397101913999959,0],[106.89823531700007,-6.396991672999986,0],[106.89817872300009,-6.396896306,0],[106.89817381793796,-6.396893465525656,0]],[[106.90237800213882,-6.396929617851589,0],[106.90237410800003,-6.396935825999984,0],[106.90225027200009,-6.397150598999902,0],[106.90213745193782,-6.397200617198818,0]],[[106.90127542802894,-6.397000715906943,0],[106.90127491900003,-6.397000660999931,0],[106.90125235784255,-6.397022359461447,0]],[[106.90098960624492,-6.3973523767116856,0],[106.90097766789141,-6.397356460302218,0]]]},"properties":{}},{"type":"Feature","geometry":{"bbox":[107.03488200000002,-6.226552999999969,107.03488226308859,-6.226552656647067],"type":"LineString","coordinates":[[107.03488200000002,-6.226552999999969,0],[107.03488226308859,-6.226552656647067,0]]},"properties":{}},{"type":"Feature","geometry":{"bbox":[106.95576400000009,-6.221240999999923,106.97053900000009,-6.219512999999944],"type":"LineString","coordinates":[[106.97053900000009,-6.221240999999923,0],[106.97053888300007,-6.221240993000011,0],[106.97051121000001,-6.2212391159999445,0],[106.97047999900009,-6.221236999999947,0],[106.97015792600008,-6.221194364999972,0],[106.96985300100008,-6.221153999999919,0],[106.96963200100001,-6.221125000000006,0],[106.96931300000007,-6.221091000999946,0],[106.96892199900006,-6.2210419999999775,0],[106.96874939600008,-6.2210271279999905,0],[106.96853900000008,-6.2210090000000005,0],[106.96676500000011,-6.220779999999971,0],[106.9664706950001,-6.220758771999991,0],[106.9664599990001,-6.220758001000016,0],[106.96615700000007,-6.220720000999981,0],[106.96611648200009,-6.220716316999942,0],[106.96605800000005,-6.220710999999946,0],[106.96550100100006,-6.220635000999964,0],[106.96534382400003,-6.220619991999966,0],[106.96492500000001,-6.220579999999943,0],[106.96428500000007,-6.220524000999928,0],[106.96347053500001,-6.22040379699993,0],[106.96250300000007,-6.220260999999928,0],[106.96170000100007,-6.220191000999909,0],[106.96127699900006,-6.220128000999937,0],[106.95999800000003,-6.219980999999942,0],[106.95990574700002,-6.219970209999937,0],[106.95982700000009,-6.219960999999975,0],[106.95973254600008,-6.219950335999981,0],[106.95970300000003,-6.219946999999971,0],[106.95967646700007,-6.219943900999981,0],[106.95948900000009,-6.219921999999945,0],[106.95918762600012,-6.219886084999905,0],[106.95891000100006,-6.219852999999921,0],[106.95777968100006,-6.219734710999903,0],[106.95727600000005,-6.219682000999983,0],[106.95695700000003,-6.219651996999987,0],[106.95695659600008,-6.219651958999984,0],[106.95658500000008,-6.219616999999934,0],[106.95607500000006,-6.219563000999907,0],[106.95598704000007,-6.219548040999912,0],[106.95592800000007,-6.21953799999997,0],[106.95583199900003,-6.219521999999889,0],[106.9557641280001,-6.219513015999945,0],[106.95576400000009,-6.219512999999944,0]]},"properties":{}},{"type":"Feature","geometry":{"bbox":[106.97159300000007,-6.273560000000012,106.9830030000001,-6.248714999999928],"type":"LineString","coordinates":[[106.97608700000004,-6.248714999999928,0],[106.97608702000012,-6.2487153709999586,0],[106.97609450100003,-6.248858307999972,0],[106.97610600000009,-6.249077999999942,0],[106.97602962300007,-6.249106738999922,0],[106.97591200000002,-6.249150999999943,0],[106.97570873299999,-6.249275342000017,0],[106.97563900000009,-6.2493179999999935,0],[106.97523900000003,-6.249617000999953,0],[106.97503999999999,-6.24973599999994,0],[106.97498532100009,-6.249757142999913,0],[106.97488999900011,-6.249793999999943,0],[106.97481500000004,-6.249929999999916,0],[106.9747899990001,-6.249999999999934,0],[106.97469900000003,-6.2502539999999005,0],[106.97440800000003,-6.251261999999903,0],[106.97439753400005,-6.251363166999925,0],[106.97437800000003,-6.251552000999917,0],[106.97435893700005,-6.251732632999941,0],[106.97431700100013,-6.252130000999957,0],[106.97431000000009,-6.252196999999994,0],[106.97426300000011,-6.252436999999956,0],[106.97421109800007,-6.252703376999969,0],[106.97419500000007,-6.252785999999967,0],[106.974185618,-6.252833348999976,0],[106.97415200000006,-6.25300299999998,0],[106.97412890900002,-6.253081971999942,0],[106.9741020000001,-6.253173998999918,0],[106.97407675000005,-6.253257324999973,0],[106.97407200000002,-6.253272999999938,0],[106.97403584500005,-6.253459608999924,0],[106.97394800000006,-6.253912999999956,0],[106.97381299700008,-6.254606000000008,0],[106.97381297900009,-6.254606074000014,0],[106.97361000000008,-6.255339999999899,0],[106.97358200000006,-6.255442999999984,0],[106.97358060800003,-6.255450549999987,0],[106.97357500000003,-6.255481000000019,0],[106.97356600000008,-6.255510999999926,0],[106.9735458440001,-6.25556533199998,0],[106.97354300000003,-6.255572999999993,0],[106.97346399900007,-6.25580100099994,0],[106.97325000000004,-6.256272000999919,0],[106.97323010200009,-6.256362645999959,0],[106.9731960000001,-6.256517999999934,0],[106.97314500000006,-6.256747999999957,0],[106.97311600000006,-6.256895000999952,0],[106.97303471000008,-6.257153583999942,0],[106.97299999900005,-6.25726400099993,0],[106.97264899900006,-6.258716999999892,0],[106.97259015300007,-6.2592530529999255,0],[106.97245700000006,-6.260465999999921,0],[106.97241844300007,-6.260534702999921,0],[106.97234700100002,-6.260661999999973,0],[106.97221755600006,-6.260822545999934,0],[106.97219300100006,-6.260853000999967,0],[106.97219282600005,-6.260853161999892,0],[106.97216765300001,-6.26087724199993,0],[106.97184900000012,-6.261181999999922,0],[106.97184885200002,-6.26118234499995,0],[106.97179998300005,-6.261296082999946,0],[106.97173600000009,-6.261445000000011,0],[106.9717360060001,-6.261445159999935,0],[106.97174100000007,-6.261570000999962,0],[106.97178390900007,-6.261706526999978,0],[106.97179600000008,-6.261745000999964,0],[106.9717961330001,-6.261745172999978,0],[106.97190000100008,-6.261878999999949,0],[106.97201799900007,-6.261955999999925,0],[106.97225100000007,-6.262008999999958,0],[106.97231000000006,-6.262035999999972,0],[106.97231013200008,-6.262036156999985,0],[106.97238399200006,-6.262123989999969,0],[106.9723832190001,-6.262135239000012,0],[106.97235600000006,-6.2625270000000075,0],[106.97229358100013,-6.2632568129999076,0],[106.97227800000009,-6.263439000999972,0],[106.97226468200004,-6.2635919349999245,0],[106.9722470010001,-6.26379499999994,0],[106.97222119500009,-6.264094332999926,0],[106.97220700000007,-6.264258999999962,0],[106.97213300000008,-6.265133999999973,0],[106.97213263100005,-6.265136952999951,0],[106.97213200000009,-6.265142000000013,0],[106.97211624600003,-6.26534567799999,0],[106.97210400000007,-6.265503999999945,0],[106.9720419400001,-6.266143468999919,0],[106.971956,-6.267029000000003,0],[106.97190500000005,-6.267465000999929,0],[106.97189523700004,-6.26762771399998,0],[106.97188699900006,-6.2677649999999705,0],[106.97187601300004,-6.267877052999916,0],[106.97186199900004,-6.2680200000000195,0],[106.97175552400002,-6.268475420999954,0],[106.97166000000003,-6.26888399999992,0],[106.97163230100004,-6.268985243999948,0],[106.9716020000001,-6.269095999999964,0],[106.97159362900004,-6.269195522999938,0],[106.97159302300008,-6.269202725000001,0],[106.97159300000007,-6.269202998999935,0],[106.97161590400002,-6.269334467999977,0],[106.97161600000003,-6.269334999999932,0],[106.97163900000007,-6.26952699999992,0],[106.9716910000001,-6.269674999999909,0],[106.97172879800003,-6.269759068999937,0],[106.97174900000002,-6.269803999999924,0],[106.97178035000003,-6.269834197999936,0],[106.97188499900008,-6.269935000000016,0],[106.97196500000004,-6.269998999999894,0],[106.97215743500006,-6.2701316839999475,0],[106.97218400000013,-6.270149999999953,0],[106.97228400000004,-6.270252999999949,0],[106.97232529400009,-6.270322835999954,0],[106.97235200000009,-6.27036799999996,0],[106.97235900000004,-6.2704459999999305,0],[106.97235385300006,-6.270508785999974,0],[106.9723490000001,-6.270567998999988,0],[106.97233210800003,-6.270647632999916,0],[106.9723210000001,-6.270700000999986,0],[106.97228000000007,-6.270879999999957,0],[106.97227400000011,-6.271117998999932,0],[106.97227400000011,-6.271189328999972,0],[106.97227399900002,-6.271207999999918,0],[106.97227405300002,-6.2712080909999255,0],[106.97232600100006,-6.271294999999922,0],[106.97241899800012,-6.271359001999977,0],[106.97266400000005,-6.271370999999904,0],[106.97275999900009,-6.271405999999958,0],[106.97280864200012,-6.271454642999986,0],[106.97281800000009,-6.271463999999961,0],[106.97283799900006,-6.271717999999927,0],[106.97280339700004,-6.271819617999897,0],[106.97275899900009,-6.271950000999938,0],[106.97271100000003,-6.272152999999948,0],[106.97268899700008,-6.272361999999921,0],[106.97268900000007,-6.272371818999934,0],[106.97268900000007,-6.2725359999999295,0],[106.97274768800004,-6.272621324999973,0],[106.97281900000009,-6.272725000000024,0],[106.9729318460001,-6.272909833999952,0],[106.97293500000009,-6.272914999999935,0],[106.97311200000009,-6.27310099999996,0],[106.973192592,-6.273162849999926,0],[106.9732410000001,-6.273199998999891,0],[106.97330245400012,-6.273237040999936,0],[106.973460001,-6.273331999999888,0],[106.97371700000005,-6.27337699999997,0],[106.97377296700006,-6.273355099999934,0],[106.97383200000006,-6.273331999999888,0],[106.97390377600004,-6.273356522999963,0],[106.97419200000009,-6.27345499999994,0],[106.97433618800002,-6.273496426999904,0],[106.97446000000006,-6.273531998999916,0],[106.97461573500007,-6.273544901000006,0],[106.97479800000005,-6.273560000000012,0],[106.97495679600004,-6.273542020999946,0],[106.97495700000006,-6.273541999999944,0],[106.97528600000001,-6.273411999999935,0],[106.97531900000008,-6.273398999999925,0],[106.97531938400002,-6.273398757999905,0],[106.97531944100002,-6.273398726999991,0],[106.97554350100009,-6.273257316999926,0],[106.97554399800005,-6.273256996999988,0],[106.97588700000009,-6.273027998999959,0],[106.97589597500003,-6.273020441999956,0],[106.97590600000007,-6.273011999999968,0],[106.97657116800012,-6.27249247799997,0],[106.9770980000001,-6.272080999999941,0],[106.97712174800003,-6.272025585999886,0],[106.97713099900008,-6.272003999999965,0],[106.97724852400003,-6.271736256999928,0],[106.97739700000007,-6.271398001000007,0],[106.97746822400009,-6.271299226999917,0],[106.97750300000004,-6.271250999999923,0],[106.97750318300005,-6.271250875999913,0],[106.97753129000007,-6.271231866999939,0],[106.97774400000009,-6.271087999999937,0],[106.97811700000004,-6.270921999999969,0],[106.97841999900007,-6.270768000000016,0],[106.97866808100007,-6.270572431999911,0],[106.97869400000009,-6.270551998999997,0],[106.9786942060001,-6.27055178699989,0],[106.97891299999999,-6.270332999999907,0],[106.97894291500008,-6.270304106000003,0],[106.97908900000009,-6.270162999999963,0],[106.9792159990001,-6.2700449999999694,0],[106.97929557000003,-6.269914278999989,0],[106.97934200000006,-6.269838000999895,0],[106.9794670000001,-6.269589000999899,0],[106.97979975100009,-6.269262892000006,0],[106.97996800000007,-6.269098000999952,0],[106.97998607200006,-6.26910978699995,0],[106.98001399900005,-6.269127999999947,0],[106.98025876500006,-6.269242786999941,0],[106.98030400000007,-6.269264000000009,0],[106.98031410000002,-6.269268610999946,0],[106.98035000000006,-6.26928499999997,0],[106.98051864000007,-6.269363879999924,0],[106.98059800100006,-6.269400999999975,0],[106.98097800000006,-6.269609999999949,0],[106.98107471500006,-6.269668629000003,0],[106.98120399900002,-6.269746999999915,0],[106.9812038890001,-6.269747061000009,0],[106.98117294100011,-6.269764081999908,0],[106.98116399999999,-6.269768999999959,0],[106.98114977800006,-6.269787682999906,0],[106.98106200000008,-6.269902999999944,0],[106.98106179900006,-6.2699033989998885,0],[106.98098400000002,-6.270057999999979,0],[106.98098463200007,-6.270067154999937,0],[106.98098800000008,-6.270116000999982,0],[106.98106279500006,-6.270297498999989,0],[106.98106300000008,-6.270297999999942,0],[106.98114499900002,-6.270419999999911,0],[106.98126900000007,-6.270592999999925,0],[106.98133959200004,-6.270744491999936,0],[106.98135800100006,-6.270783999999919,0],[106.98139998300007,-6.270856969999917,0],[106.98140000000006,-6.270857001000008,0],[106.98162700000002,-6.271026999999952,0],[106.98180417200003,-6.271068803999947,0],[106.98189400000008,-6.271089999999925,0],[106.98239522300008,-6.271151466999948,0],[106.98300284900009,-6.271225981999985,0],[106.9830030000001,-6.271226000999986,0]]},"properties":{}},{"type":"Feature","geometry":{"bbox":[106.97473200000009,-6.280729998999957,106.99375400000004,-6.254534000000001],"type":"LineString","coordinates":[[106.97517100000009,-6.279914999999937,0],[106.97495400000008,-6.279802999999996,0],[106.97490202700004,-6.279764459000004,0],[106.97477600000009,-6.27967100099991,0],[106.97474909000009,-6.279581095999932,0],[106.97473200000009,-6.279524000000004,0],[106.97474960400004,-6.279384426000002,0],[106.9747600000001,-6.279302000999932,0],[106.9748480000001,-6.279123999999948,0],[106.97506900000009,-6.279019999999958,0],[106.97530381700007,-6.279001722999956,0],[106.97566000000005,-6.278973998999971,0],[106.97642800000008,-6.278896999999995,0],[106.97653575300004,-6.278885044999983,0],[106.97712200000005,-6.27881999999993,0],[106.97738404500005,-6.278751764999969,0],[106.97757900000002,-6.278700999999943,0],[106.97779093600006,-6.278583177999964,0],[106.977874,-6.278537000999963,0],[106.97800599900009,-6.278344999999975,0],[106.978123,-6.278093000999908,0],[106.9780930000001,-6.277871999999919,0],[106.97800300000002,-6.277517999999938,0],[106.97799834700008,-6.277453782999954,0],[106.97798800000002,-6.277310999999953,0],[106.97800642600004,-6.277155700999982,0],[106.97801600000012,-6.277074999999966,0],[106.97804393200003,-6.277025764999978,0],[106.9781338060001,-6.276867341999926,0],[106.97813400000011,-6.276866999999898,0],[106.97832500000001,-6.276762999999997,0],[106.97845114800006,-6.27672580999994,0],[106.978576,-6.276689001000003,0],[106.97874749100006,-6.276730714999902,0],[106.97887200000007,-6.276761000999921,0],[106.97911888000007,-6.276932814999926,0],[106.97916800000004,-6.276967000000001,0],[106.9796420010001,-6.2773489999999885,0],[106.9796420760001,-6.277349043999992,0],[106.97984900000009,-6.277480999999986,0],[106.9798492630001,-6.277481085999993,0],[106.97991080300004,-6.277501368999895,0],[106.98011600000005,-6.277568999999984,0],[106.98032295900003,-6.277576599999991,0],[106.98046999900004,-6.277581999999905,0],[106.9810160000001,-6.2775059999999225,0],[106.98143000000006,-6.277459999999936,0],[106.98164032700006,-6.277467129999904,0],[106.98184300000004,-6.277473999999939,0],[106.982331,-6.277545999999946,0],[106.98264997600002,-6.277637586999974,0],[106.98293700000005,-6.277719999999954,0],[106.9834410000001,-6.2779839999999485,0],[106.98363300000008,-6.27818999999994,0],[106.98367006000005,-6.278263059999945,0],[106.98373800100008,-6.278396999999925,0],[106.98374538900006,-6.2785422919999565,0],[106.98375300000006,-6.278691999999998,0],[106.98371460900009,-6.278849828,0],[106.98368100000006,-6.278988000999975,0],[106.98353400000006,-6.279209999999958,0],[106.98345901500008,-6.279330384999971,0],[106.98338700000008,-6.279445999999945,0],[106.98331446700011,-6.279560294999987,0],[106.98325500000007,-6.279653999999924,0],[106.98312300000008,-6.2799199999999065,0],[106.9831188140001,-6.279941116999966,0],[106.98307900000007,-6.280142000999978,0],[106.98308000000007,-6.2803189999999685,0],[106.98311000000007,-6.2804519999999595,0],[106.98321400000006,-6.280598999999954,0],[106.98323901400009,-6.280607150000007,0],[106.98339200000004,-6.280656999999957,0],[106.9837168430001,-6.2807299629999545,0],[106.98371700000011,-6.280729998999957,0],[106.98375399800007,-6.280729819999943,0],[106.98412999900009,-6.28072799899997,0],[106.98451400000006,-6.280578999999898,0],[106.98464827200007,-6.2804777269999565,0],[106.98475000000005,-6.280400999999914,0],[106.98480029000004,-6.28024709699997,0],[106.98486600000005,-6.28004599999994,0],[106.98501535600006,-6.279631876999959,0],[106.98504200100005,-6.279557999999975,0],[106.98509900000006,-6.279026999999916,0],[106.98503800100008,-6.278524999999947,0],[106.98491800000009,-6.278081999999886,0],[106.98471000100002,-6.2776840009999955,0],[106.98443212800004,-6.2773712879999675,0],[106.98438300000007,-6.277315999999923,0],[106.98405700000009,-6.276874999999938,0],[106.9838490000001,-6.276594999999952,0],[106.9838489150001,-6.276594799999936,0],[106.983848902,-6.276594775000023,0],[106.98373000000004,-6.276314999999967,0],[106.98367000000005,-6.276064000999982,0],[106.98366753500001,-6.275508796999963,0],[106.98366600000007,-6.275162999999951,0],[106.98366555500012,-6.274985430999914,0],[106.98366500000007,-6.274763999999978,0],[106.98359533800009,-6.27453179399995,0],[106.98359000000008,-6.2745139999999875,0],[106.9833970000001,-6.274308000999996,0],[106.98321686500012,-6.274209412999921,0],[106.98310100000003,-6.2741460000000036,0],[106.98280500000006,-6.273954999999921,0],[106.98274083400008,-6.2738600979999735,0],[106.98268600000007,-6.273778999999925,0],[106.98260214600006,-6.273657591999916,0],[106.98252300000009,-6.273542999999938,0],[106.98248796000011,-6.273467312999982,0],[106.982448,-6.2733809999999455,0],[106.9824770000001,-6.273218000999959,0],[106.98255281500006,-6.273058117999964,0],[106.982624001,-6.272907999999978,0],[106.98281500000009,-6.272612001000001,0],[106.98291700000009,-6.272330999999932,0],[106.98292589300011,-6.2722697839999295,0],[106.98296000000009,-6.2720349999999545,0],[106.98295294200004,-6.271846205999966,0],[106.9829440000001,-6.27160699999998,0],[106.98296054700005,-6.271423809999922,0],[106.9829720000001,-6.27129699999991,0],[106.98298312700005,-6.271271514999933,0],[106.9830030000001,-6.271226000999986,0],[106.98300311400001,-6.271225735999964,0],[106.98307500000001,-6.271060000000018,0],[106.98335495100008,-6.27086703399995,0],[106.98335500000009,-6.270866999999948,0],[106.98407700000006,-6.270627998999979,0],[106.98443991100007,-6.270526001999977,0],[106.9848739990001,-6.270403999999919,0],[106.98500475000007,-6.270354722000016,0],[106.98527200000008,-6.270253999999943,0],[106.98565588700004,-6.270046060999968,0],[106.98565599900004,-6.270045999999963,0],[106.98586200000004,-6.269838999999978,0],[106.98595000000005,-6.269660999999905,0],[106.98598058700009,-6.269462988999953,0],[106.98600700000004,-6.269291999999927,0],[106.98599276200011,-6.2689235789999085,0],[106.98599100000006,-6.268877999999956,0],[106.9859378940001,-6.268567267000003,0],[106.98586999999999,-6.268169999999907,0],[106.98561600000002,-6.26740299999995,0],[106.98558666300009,-6.26730282300001,0],[106.98545200100004,-6.266842999999978,0],[106.98537700000006,-6.266591999999905,0],[106.9853646750001,-6.266509697999934,0],[106.98534600000006,-6.26638499999992,0],[106.98537500100007,-6.266236999999931,0],[106.98552300000006,-6.266162999999937,0],[106.98575900000004,-6.266102998999946,0],[106.98598100000002,-6.266160999999949,0],[106.986133077,-6.266381185999959,0],[106.98614399900002,-6.2663969989999355,0],[106.98616468800013,-6.266441267999957,0],[106.98632300000008,-6.266780001000006,0],[106.98678599900002,-6.268181000999929,0],[106.98690531600003,-6.268417808999983,0],[106.98711300000008,-6.268829999999982,0],[106.98733600000006,-6.269050999999971,0],[106.98763200100004,-6.269211999999969,0],[106.9880010000001,-6.26918100099998,0],[106.98836899999999,-6.268973000000001,0],[106.98876700000007,-6.268645999999945,0],[106.98916400000005,-6.268261000999887,0],[106.98933999900004,-6.267920999999911,0],[106.98934569600007,-6.267770443999977,0],[106.98935400000005,-6.267550999999939,0],[106.9893116430001,-6.267337545999952,0],[106.98927800000007,-6.267167999999957,0],[106.98906923000003,-6.266760999999944,0],[106.98886200000001,-6.266357000000001,0],[106.98862400000004,-6.265886000999933,0],[106.98844500000007,-6.265472999999956,0],[106.98833744300005,-6.2648694399999325,0],[106.988324,-6.264794000999908,0],[106.98832011100004,-6.264749105999924,0],[106.98827800000001,-6.2642629999999375,0],[106.98829100000002,-6.263804998999968,0],[106.98839296900012,-6.263402398999963,0],[106.98840700000002,-6.263346999999998,0],[106.98845115100004,-6.26320508699998,0],[106.98874300000003,-6.262266999999989,0],[106.98915300000003,-6.261394999999959,0],[106.98974100000001,-6.260520999999942,0],[106.99043200000007,-6.259750999999914,0],[106.99069700000005,-6.259453999999943,0],[106.99097600000005,-6.259099000999969,0],[106.99106622600006,-6.258974588999978,0],[106.99113700000005,-6.258876999999897,0],[106.99125142400001,-6.258704393999915,0],[106.99131400000003,-6.25861000000001,0],[106.99147587000002,-6.258432142999949,0],[106.99147600000003,-6.258432000999937,0],[106.99149960300012,-6.258417418999974,0],[106.99166700000002,-6.258314000999944,0],[106.9918203180001,-6.258278839999965,0],[106.99193300000009,-6.258252999999959,0],[106.99231700100007,-6.258296000999964,0],[106.99261199900005,-6.258338999999969,0],[106.99276802100009,-6.2583291249999515,0],[106.99284900000004,-6.258323999999972,0],[106.99296232100008,-6.258224241999889,0],[106.99310775900004,-6.258096211999954,0],[106.99310800000006,-6.258095999999936,0],[106.99319299200008,-6.2579256399999625,0],[106.9933339990001,-6.257642999999936,0],[106.99356799900002,-6.257109999999978,0],[106.99358244300005,-6.257032969999999,0],[106.99364000000011,-6.256726000000002,0],[106.99369700000003,-6.2562239999999445,0],[106.99373570000003,-6.2557324549999525,0],[106.99375400000004,-6.255499999999904,0],[106.99375275000003,-6.255222968999897,0],[106.99375200000006,-6.2550569999999315,0],[106.99373135000012,-6.254935164999976,0],[106.99369200000007,-6.254702999999951,0],[106.9936902730001,-6.254630084999958,0],[106.99368799900009,-6.254534000000001,0]]},"properties":{}},{"type":"Feature","geometry":{"bbox":[106.91070368533208,-6.374223000000013,106.92897500300009,-6.368992551779785],"type":"LineString","coordinates":[[106.91070368533208,-6.368992551779785,0],[106.91078300000008,-6.369171999999979,0],[106.91080600000002,-6.369367999999943,0],[106.91081700100004,-6.369811999999998,0],[106.91087300400007,-6.370187998999933,0],[106.91087301700006,-6.370188034999936,0],[106.91098300000002,-6.370425999999997,0],[106.91101172400008,-6.3704597929999505,0],[106.91105100000004,-6.3705059999999545,0],[106.91113948400009,-6.370608976999948,0],[106.91116700000005,-6.370641000000022,0],[106.9111858040001,-6.370667967999944,0],[106.91131900000002,-6.370858999999941,0],[106.9113770000001,-6.370936000000006,0],[106.91151300000008,-6.371213000999921,0],[106.91155200000011,-6.37136400099998,0],[106.91152399900001,-6.371682000000002,0],[106.91150003900007,-6.371751400999971,0],[106.9114659990001,-6.371849999999958,0],[106.91146041100008,-6.371895954999941,0],[106.91145700000007,-6.371923999999952,0],[106.91148000000001,-6.372125999999968,0],[106.91155286100009,-6.372267674999966,0],[106.91160600000005,-6.3723709999999,0],[106.91183500000008,-6.372617999999909,0],[106.91211586300004,-6.372734465999953,0],[106.9125030000001,-6.3728950000000015,0],[106.91249400000007,-6.373009999999924,0],[106.91251947900004,-6.373024208999945,0],[106.9125460000001,-6.373038999999926,0],[106.91291400000009,-6.373106002999963,0],[106.91291426600012,-6.373106055999967,0],[106.91291451900004,-6.373106108999972,0],[106.9132940010001,-6.3731849989999265,0],[106.91334142000002,-6.373195213999972,0],[106.91335900000006,-6.37319899999993,0],[106.9141700000001,-6.373342998999943,0],[106.91429330400008,-6.373364897999979,0],[106.9145360000001,-6.373407999999904,0],[106.91453407600002,-6.3734188690000035,0],[106.91451900000001,-6.373503999999942,0],[106.91453338400005,-6.373662230999978,0],[106.9145360000001,-6.37369099999996,0],[106.9147195730001,-6.373732380000009,0],[106.91478000100003,-6.373745999999892,0],[106.91487974300011,-6.3737683309999635,0],[106.91491400100001,-6.373775999999976,0],[106.91503856700011,-6.37379978599999,0],[106.91511300000005,-6.373813999999923,0],[106.91592000000011,-6.373967999999964,0],[106.91598730100009,-6.3739807409999525,0],[106.9163320000001,-6.374045999999934,0],[106.91659534800004,-6.374096711999956,0],[106.91662800000007,-6.374102999999943,0],[106.91663610400003,-6.374104485999977,0],[106.91668800000006,-6.374113999999965,0],[106.91670378900004,-6.374117826999926,0],[106.91672100000005,-6.374121999999916,0],[106.91713133700007,-6.3741979889999865,0],[106.91715300000008,-6.374201999999963,0],[106.917153162,-6.374202045999967,0],[106.9172110000001,-6.374217000999961,0],[106.91763600000009,-6.374211999999902,0],[106.91812500000013,-6.374179000000014,0],[106.918150273,-6.374190009999948,0],[106.91822600000005,-6.374223000000013,0],[106.91886800000006,-6.374198999999981,0],[106.91990800100004,-6.374020001000003,0],[106.92084000000006,-6.373747000999975,0],[106.92100099900006,-6.373692009999955,0],[106.92103192300004,-6.373681490999973,0],[106.92156300000002,-6.37350099899996,0],[106.92265175200004,-6.373511409999933,0],[106.92281800000003,-6.373512999999976,0],[106.92405300000007,-6.37349299999992,0],[106.92663500000002,-6.37217599999993,0],[106.92687976200001,-6.372055972999947,0],[106.92715500000006,-6.37192099999997,0],[106.92730405300004,-6.371818862999957,0],[106.92751400000009,-6.371674999999955,0],[106.92897500300009,-6.370344000999962,0]]},"properties":{}},{"type":"Feature","geometry":{"bbox":[106.99967600000011,-6.28387499999994,107.00826800100003,-6.2752479999999675],"type":"LineString","coordinates":[[107.00765800000009,-6.28387499999994,0],[107.00765809100001,-6.283874668999912,0],[107.0076720000001,-6.283823999999983,0],[107.00772300100006,-6.283596999999942,0],[107.00774546800005,-6.283510500999979,0],[107.00776300000008,-6.2834429999999895,0],[107.00778742900006,-6.283358261999995,0],[107.00782699900013,-6.283221000000006,0],[107.0078748550001,-6.283059489999966,0],[107.00789900000005,-6.282977999999973,0],[107.00793600000009,-6.28285200099994,0],[107.00794200000006,-6.282749999999938,0],[107.00795700100005,-6.282494000999984,0],[107.00795800000004,-6.2824750000000105,0],[107.00791400000004,-6.282186999999984,0],[107.00788613400005,-6.282008771999893,0],[107.00786599900007,-6.281879999999985,0],[107.00785300000007,-6.281787999999922,0],[107.00786700000006,-6.281640000999934,0],[107.00791000000007,-6.28128499999996,0],[107.00793522900003,-6.2810790649999735,0],[107.00795300000007,-6.280933999999961,0],[107.00795799700005,-6.280897691999977,0],[107.00796800000008,-6.280824999999913,0],[107.00799842000002,-6.280612050999968,0],[107.00800300000013,-6.280579999999892,0],[107.00803300000004,-6.280369999999925,0],[107.00806600000001,-6.280136000000015,0],[107.00807858400007,-6.280045684999914,0],[107.00810000000007,-6.279891999999988,0],[107.00811895400004,-6.279760439999938,0],[107.00813400100013,-6.279655999999912,0],[107.00814520500008,-6.279574955999957,0],[107.00816400000004,-6.279439000999988,0],[107.00817189400007,-6.279386366999985,0],[107.00817900000004,-6.279338999999974,0],[107.00819200000005,-6.279197999999942,0],[107.00820178800005,-6.279089110999992,0],[107.00821600000008,-6.278930999999966,0],[107.00823822600005,-6.2786967719999485,0],[107.0082420000001,-6.278656999999944,0],[107.00824786500004,-6.278592994999977,0],[107.00826500000005,-6.27840600099996,0],[107.00826621200005,-6.278395495999979,0],[107.00826800100003,-6.27837999999994,0],[107.00820300000007,-6.278187999999952,0],[107.00820500000006,-6.278151999999993,0],[107.007191,-6.277623999999916,0],[107.0068690000001,-6.277475000000022,0],[107.00673600000002,-6.277447000999926,0],[107.00672663200004,-6.277445370999969,0],[107.00671299900006,-6.27744300099995,0],[107.00646199900008,-6.277459999999936,0],[107.00634366300005,-6.277468160999989,0],[107.00623000000007,-6.277476000000016,0],[107.0062280980001,-6.27747615799994,0],[107.00621800000005,-6.27747700000001,0],[107.00614265800003,-6.27748832099997,0],[107.00602500100007,-6.2775059999999225,0],[107.0059705210001,-6.277509363000023,0],[107.00594400000003,-6.277510999999981,0],[107.0056840000001,-6.277525000999985,0],[107.00560400000005,-6.27752899999996,0],[107.00543600100009,-6.27753399999993,0],[107.00522956900006,-6.277539825999968,0],[107.00518800100009,-6.2775409999998875,0],[107.00513806500005,-6.277542528000014,0],[107.00499200000004,-6.27754700099994,0],[107.00493500100004,-6.277545000999952,0],[107.004888421,-6.277542610999932,0],[107.00485700000006,-6.2775409999998875,0],[107.00473600100008,-6.277493998999907,0],[107.00468700000003,-6.277453999999972,0],[107.00468400000005,-6.2774519999998954,0],[107.00448200000004,-6.277407999999985,0],[107.00444178700008,-6.277399793000017,0],[107.00443300000006,-6.277397999999957,0],[107.00440174200006,-6.277396888999954,0],[107.00423599900002,-6.277391001,0],[107.00421200000008,-6.2773829999999595,0],[107.00395500000003,-6.2773619999999095,0],[107.0039470390001,-6.2773635929999525,0],[107.00394000000004,-6.27736500099998,0],[107.00382334200008,-6.27730476899997,0],[107.00323500000006,-6.277001000999972,0],[107.0031710000001,-6.277002000999966,0],[107.00315200000003,-6.276999999999889,0],[107.00303412500006,-6.276985899999966,0],[107.00273399900009,-6.2769499999999265,0],[107.00258738900004,-6.276920294999956,0],[107.00258100000003,-6.276918999999937,0],[107.00245876500006,-6.27689458899996,0],[107.00189000000006,-6.276780999999977,0],[107.00187279500007,-6.276783000999965,0],[107.00184700000005,-6.276785999999946,0],[107.00184800000005,-6.276782000999971,0],[107.00184789700005,-6.276781896999962,0],[107.0018464650001,-6.276780463999932,0],[107.00184400000008,-6.276777999999995,0],[107.001821599,-6.276769039999964,0],[107.00181900000005,-6.276768000999967,0],[107.00177528600008,-6.276759189999948,0],[107.00156100000002,-6.276715999999928,0],[107.00136200100007,-6.276674999999999,0],[107.0011905730001,-6.276663924999971,0],[107.0010060000001,-6.276651999999961,0],[107.00073400100007,-6.276546996999977,0],[107.00073356700004,-6.2765468289999635,0],[107.0005109990001,-6.276460998999967,0],[107.0002190000001,-6.276347999999944,0],[107.00005000000006,-6.276282999999983,0],[106.9999990000001,-6.27625600099997,0],[106.99995136600006,-6.276230469999989,0],[106.99984600000005,-6.276173999999935,0],[106.99977148100001,-6.276129726999914,0],[106.99967600000011,-6.276072999999927,0],[106.99970349300007,-6.276000387999959,0],[106.99971499900005,-6.275969999999932,0],[106.99988599900007,-6.2755809989999864,0],[106.99999500000004,-6.275253999999931,0],[106.99999529300005,-6.27525363399999,0],[106.9999990000001,-6.275248999999961,0],[106.9999990000001,-6.2752479999999675,0]]},"properties":{}},{"type":"Feature","geometry":{"bbox":[106.9830030000001,-6.2752479999999675,106.999999001,-6.271184999999969],"type":"LineString","coordinates":[[106.9830030000001,-6.271226000999986,0],[106.983790873,-6.271204493999983,0],[106.98450500000003,-6.271184999999969,0],[106.98461600000006,-6.271414999999903,0],[106.98463841700006,-6.271445868999971,0],[106.98473800000004,-6.271582999999948,0],[106.98474450100004,-6.271595460000002,0],[106.98476200000006,-6.271628999999935,0],[106.98483919700006,-6.271781274000011,0],[106.98494400000003,-6.271988000999974,0],[106.9849813920001,-6.272045572999941,0],[106.98500700000008,-6.272084999999917,0],[106.98517800100002,-6.272351999999982,0],[106.98524771800002,-6.272402609999995,0],[106.98531300000009,-6.272449999999919,0],[106.98531300000009,-6.2724494489999625,0],[106.98531300000009,-6.272443063999967,0],[106.98531300000009,-6.27243199999994,0],[106.98539877700009,-6.272391791999988,0],[106.98540900000005,-6.272386999999947,0],[106.98573300000002,-6.272263999999984,0],[106.98617684000007,-6.27205426699995,0],[106.98642500000008,-6.271937000000017,0],[106.98654613500007,-6.2719558429999775,0],[106.98656000000007,-6.27195799999989,0],[106.98714700000005,-6.272042999999906,0],[106.9871754590001,-6.272046744999949,0],[106.98718500000008,-6.272048000999964,0],[106.98726798900012,-6.272057860999981,0],[106.9873870000001,-6.272071998999907,0],[106.98780800000011,-6.27216400099997,0],[106.98820799800008,-6.272252002999968,0],[106.9882081200001,-6.2722520299999704,0],[106.98860400000008,-6.272338999999972,0],[106.98866900100003,-6.272352996999887,0],[106.98866919500006,-6.272353033999979,0],[106.98901000000009,-6.272411999999973,0],[106.98933900000004,-6.272468999999981,0],[106.98939300100008,-6.272385999999953,0],[106.98939770000003,-6.272385608000009,0],[106.98941700000002,-6.272383999999965,0],[106.98948100000007,-6.272379999999901,0],[106.98951309500006,-6.272380000999901,0],[106.98981000000003,-6.272379999999901,0],[106.99016500000009,-6.272429999999952,0],[106.99030100000006,-6.272497999999894,0],[106.99043800000003,-6.2725459999999575,0],[106.99073900000006,-6.272659999999975,0],[106.99074464100009,-6.2726620779999696,0],[106.99075800100005,-6.272666999999933,0],[106.99081212600008,-6.272690979999963,0],[106.99091599900005,-6.272736999999951,0],[106.99113100000008,-6.27287199999993,0],[106.99115989200007,-6.272889615999967,0],[106.9911720000001,-6.272896999999956,0],[106.9913415970001,-6.272980257000006,0],[106.99144699900003,-6.273031999999935,0],[106.99148900000004,-6.273053999999979,0],[106.99155380100007,-6.273087860999938,0],[106.99186600000006,-6.273250999999936,0],[106.99192874,-6.2732782509999705,0],[106.99196500000008,-6.273294000999941,0],[106.99223447000008,-6.27341016199996,0],[106.99242181600003,-6.273490921999981,0],[106.99242200000005,-6.2734909999999875,0],[106.99244199900002,-6.27345499999994,0],[106.992452482,-6.273435988999966,0],[106.9925010000001,-6.273347999999968,0],[106.99250147000005,-6.273348209999897,0],[106.99313900000004,-6.273646999999928,0],[106.9931880000001,-6.273669999999965,0],[106.99321447800007,-6.273679027000002,0],[106.99323200000002,-6.273684999999963,0],[106.99332879300003,-6.273719218999952,0],[106.9936279990001,-6.2738249989999115,0],[106.99366300000005,-6.2738369999999275,0],[106.99399425500012,-6.273981589999989,0],[106.9940959990001,-6.2740259999999335,0],[106.99467600000013,-6.27421000099997,0],[106.99496000000008,-6.274315998999947,0],[106.99502336700009,-6.274344460999904,0],[106.99507800000008,-6.2743689999999805,0],[106.99508730700005,-6.274362019999936,0],[106.99509800000004,-6.274353999999983,0],[106.99519583500006,-6.27428418999998,0],[106.99529000000003,-6.274216999999927,0],[106.9953744680001,-6.274172959999925,0],[106.99540699900002,-6.274155999999943,0],[106.99567200000011,-6.274040998999931,0],[106.99605800100007,-6.273669999999965,0],[106.99619553400008,-6.273567460000008,0],[106.99622700000002,-6.273543999999932,0],[106.99626300000007,-6.273516000000013,0],[106.99648200000007,-6.2735479999999075,0],[106.99657307700005,-6.273593538999945,0],[106.99661600000006,-6.273614999999944,0],[106.99661625900008,-6.273615263999966,0],[106.9966358120001,-6.27363522599993,0],[106.99671200000009,-6.273712999999971,0],[106.9968410000001,-6.273964999999949,0],[106.99689500000005,-6.274017999999982,0],[106.99692080900004,-6.274043807999897,0],[106.99692100000007,-6.274043999999913,0],[106.99744600000007,-6.273967999999931,0],[106.99747468700005,-6.274124342999899,0],[106.99750600000006,-6.274294999999897,0],[106.99767757400005,-6.274265417999937,0],[106.99785400000007,-6.274234999999996,0],[106.9978713730001,-6.274451791999992,0],[106.99787700000012,-6.274522000999939,0],[106.99788347000003,-6.274599363999945,0],[106.99790000000007,-6.274797000999955,0],[106.99790200000005,-6.274810999999959,0],[106.99792772500005,-6.274997508999936,0],[106.99794600000006,-6.275130000999974,0],[106.99813100000009,-6.27512599999991,0],[106.99826191500009,-6.275125280999939,0],[106.99831300000004,-6.275124999999916,0],[106.99867300000008,-6.275123999999922,0],[106.9991359630001,-6.275123482999968,0],[106.99956800100006,-6.275122999999928,0],[106.99960200000002,-6.275122999999928,0],[106.99993100000007,-6.275121999999934,0],[106.99993120600008,-6.275122017999935,0],[106.999999001,-6.2751279999998975,0],[106.9999990000001,-6.275175091999886,0],[106.9999990000001,-6.275187316000009,0],[106.9999990000001,-6.275241999999915,0],[106.9999990000001,-6.2752479999999675,0]]},"properties":{}},{"type":"Feature","geometry":{"bbox":[106.95106500000004,-6.249702999999963,106.96643300000008,-6.2334069999999695],"type":"LineString","coordinates":[[106.95106500000004,-6.249702999999963,0],[106.95106500400004,-6.249702901999955,0],[106.95110400000007,-6.248728999999932,0],[106.95108345700007,-6.248681287999981,0],[106.95107299900009,-6.248657000000014,0],[106.951123453,-6.2484998359999775,0],[106.9511860000001,-6.248305000999933,0],[106.95123900000006,-6.247912999999917,0],[106.95127000000004,-6.247716999999954,0],[106.95137299900004,-6.247466999999963,0],[106.95143894200008,-6.247238209999951,0],[106.95143900100008,-6.247238000999934,0],[106.95160800000012,-6.246644999999985,0],[106.9517290000001,-6.246408000000004,0],[106.95177053300007,-6.246399813999949,0],[106.95186585300004,-6.246381028999993,0],[106.95186600000007,-6.246380999999902,0],[106.95188009000007,-6.24632827299998,0],[106.95189700000005,-6.246264999999896,0],[106.95191830400003,-6.2462315219999685,0],[106.95194600100011,-6.24618800099992,0],[106.95204800100002,-6.246047999999972,0],[106.9520639660001,-6.245829451999919,0],[106.9520640000001,-6.24582899999997,0],[106.95218400000009,-6.245689999999927,0],[106.95219709300001,-6.245564890999967,0],[106.95220200100006,-6.245517999999906,0],[106.95220200100006,-6.245441197999947,0],[106.95220200000006,-6.245147999999935,0],[106.95221944700009,-6.244918380999943,0],[106.95223300000005,-6.244740000999927,0],[106.95230800000004,-6.244549000999934,0],[106.9524256870001,-6.244270156999955,0],[106.95253000100011,-6.244023000999933,0],[106.95267000000005,-6.243469999999919,0],[106.95267010500007,-6.243470000999919,0],[106.95315808100013,-6.24347228199993,0],[106.95459600000008,-6.243479000999953,0],[106.95513900000006,-6.243411000000011,0],[106.95597500000005,-6.242749999999942,0],[106.95727000100008,-6.241444999999969,0],[106.95894000100006,-6.23915200099996,0],[106.95954700000001,-6.238458001000003,0],[106.96122000000005,-6.236182999999885,0],[106.96162700000006,-6.23551300099996,0],[106.96165677600004,-6.235480034999986,0],[106.96168299900009,-6.235450999999982,0],[106.96176098600006,-6.235449321999932,0],[106.96177600000006,-6.235448999999994,0],[106.96181268100007,-6.235463727999969,0],[106.96190800000005,-6.235501999999938,0],[106.96210353000006,-6.235402335999952,0],[106.96211372600001,-6.235397138999966,0],[106.96211399900004,-6.235396999999955,0],[106.962318581,-6.235332674999961,0],[106.96253700000004,-6.2352639999999635,0],[106.96312999999999,-6.235091000999949,0],[106.96329100000008,-6.234955000999976,0],[106.96340963100003,-6.23488025499992,0],[106.9634639990001,-6.234845999999928,0],[106.96369400000003,-6.23477899999998,0],[106.96385100000005,-6.234754999999948,0],[106.9639331810001,-6.234692776999951,0],[106.96399100000009,-6.234648999999971,0],[106.9641490000001,-6.234514999999897,0],[106.96429400000002,-6.234442000999897,0],[106.96453400000007,-6.234433999999945,0],[106.96460581600007,-6.234429582999935,0],[106.96490800000002,-6.234410999999996,0],[106.96495655300005,-6.234393955000007,0],[106.96500200000007,-6.23437799999993,0],[106.96516191500007,-6.2340729520000036,0],[106.96524000000005,-6.233923999999936,0],[106.96524040000008,-6.233923610999993,0],[106.96527585100009,-6.233889144999983,0],[106.9652760000001,-6.233888999999971,0],[106.96571700000008,-6.234294999999991,0],[106.96581800000008,-6.234371000999973,0],[106.96585805300003,-6.2343647849999915,0],[106.9658759650001,-6.234362001999939,0],[106.96587599900009,-6.234361999999939,0],[106.965964,-6.234262999999919,0],[106.96597204300005,-6.234195606999938,0],[106.96599299900001,-6.234020000999974,0],[106.96599304200001,-6.23401995199997,0],[106.96604881800009,-6.23395720099993,0],[106.96604899900011,-6.233956997999913,0],[106.96618700000006,-6.233802000999967,0],[106.96619400000012,-6.233793999999927,0],[106.9662690000001,-6.233665,0],[106.96628341900005,-6.2336423159999,0],[106.96643284900007,-6.2334072369999,0],[106.96643300000008,-6.2334069999999695,0]]},"properties":{}},{"type":"Feature","geometry":{"bbox":[106.98530700000003,-6.339022987444688,107.0167619188395,-6.305440999999968],"type":"LineString","coordinates":[[106.99308400000002,-6.305440999999968,0],[106.99306725700006,-6.305545047999962,0],[106.99305600000011,-6.305614999999976,0],[106.99306704200005,-6.305744113999912,0],[106.99306900000003,-6.305766999999941,0],[106.99309800100012,-6.3058919999999805,0],[106.99314140200006,-6.305972910000014,0],[106.99317900000007,-6.306042999999951,0],[106.99326365000006,-6.3061393269999275,0],[106.99329500000007,-6.306175000999948,0],[106.99339800000007,-6.306246000999961,0],[106.99364900000006,-6.306366999999936,0],[106.99389400000008,-6.306351000999944,0],[106.99394448599999,-6.306345248999913,0],[106.99397300000004,-6.306341999999999,0],[106.99397940300013,-6.306341599999966,0],[106.99398900000003,-6.306341000000005,0],[106.9943140000001,-6.306229999999969,0],[106.99440146100005,-6.306200013999975,0],[106.99441900000008,-6.3061939999999215,0],[106.99441907300009,-6.306194001999922,0],[106.99450855600013,-6.306191609999901,0],[106.99498100000004,-6.306178998999924,0],[106.99528399900007,-6.306170999999972,0],[106.99529436900004,-6.306170684999946,0],[106.99531700000004,-6.3061699999999785,0],[106.99566900000003,-6.306166000000003,0],[106.99573800000006,-6.306147999999935,0],[106.99756100000009,-6.306133999999931,0],[106.99756082000007,-6.306134328999958,0],[106.99722100000011,-6.306752999999988,0],[106.99720674000008,-6.306777859000002,0],[106.99703800100006,-6.3070719999999145,0],[106.99700142200005,-6.307133691999956,0],[106.99690400000009,-6.307297999999962,0],[106.99683617900007,-6.307477757999914,0],[106.99680100000009,-6.307570999999902,0],[106.99674913100006,-6.307721419999913,0],[106.99673100000007,-6.307773999999911,0],[106.99672189100002,-6.307799692999906,0],[106.99669200000004,-6.307883999999953,0],[106.99662532900003,-6.30806178999992,0],[106.99658700000005,-6.308163999999939,0],[106.996536,-6.30843500099998,0],[106.99642700000005,-6.308701999999956,0],[106.99641984900008,-6.308714911999958,0],[106.99624700000008,-6.309026999999935,0],[106.99606593300011,-6.309293331999944,0],[106.99605799600008,-6.3093049979999325,0],[106.99586599999999,-6.30961399999992,0],[106.99581105700007,-6.309713895999925,0],[106.99565700000002,-6.30999399999992,0],[106.99538800000006,-6.310268000999942,0],[106.99512117000009,-6.310516838999925,0],[106.99512100100009,-6.310516999999939,0],[106.99467200000005,-6.310891000999975,0],[106.9942119990001,-6.311268999999898,0],[106.99375600000012,-6.3115980009999415,0],[106.99311400000002,-6.312214001000017,0],[106.99271600000013,-6.312649000999949,0],[106.99260700000008,-6.312801000000002,0],[106.99247500000008,-6.31298499899995,0],[106.99244952100011,-6.313031654999991,0],[106.99239799900002,-6.313125999999981,0],[106.99233400000006,-6.313302999999971,0],[106.99230768700001,-6.313437334999984,0],[106.99229600000011,-6.313496999999947,0],[106.9921810000001,-6.31369299999991,0],[106.99197900000009,-6.314076998999974,0],[106.9915520000001,-6.314598999999911,0],[106.99129179400006,-6.314887109999946,0],[106.99117900000006,-6.315011998999976,0],[106.99091599900005,-6.315317999999893,0],[106.9905440000001,-6.31568199999999,0],[106.99011000000007,-6.316089000000003,0],[106.98923300100007,-6.316747000000001,0],[106.98870000100003,-6.317170002999918,0],[106.98869995300002,-6.317170050999922,0],[106.98834700000003,-6.317566999999903,0],[106.98808629800006,-6.317998329999975,0],[106.98799100000006,-6.318155999999965,0],[106.98799088500006,-6.318156422999911,0],[106.98783399900005,-6.31874299999995,0],[106.98773200000005,-6.319131999999984,0],[106.9875459990001,-6.319569999999986,0],[106.98721299900009,-6.320163000000024,0],[106.98692500000007,-6.3210269999999245,0],[106.98680729700001,-6.321524737999896,0],[106.98661900000006,-6.322321000999965,0],[106.98660400300007,-6.32295200599995,0],[106.98683100000001,-6.323784999999949,0],[106.98679300000006,-6.3241399999999235,0],[106.98673600000006,-6.324451998999981,0],[106.98652800000008,-6.325037999999973,0],[106.98644210900008,-6.325183680999947,0],[106.98624500000003,-6.3255180009999865,0],[106.98607415000001,-6.325800989999953,0],[106.985985999,-6.325946999999955,0],[106.9856330000001,-6.326394999999897,0],[106.98543424100009,-6.326738255999965,0],[106.98530700000003,-6.326957999999939,0],[106.98530716300006,-6.326958031999942,0],[106.9855880000001,-6.32701299999996,0],[106.98561300000004,-6.327020999999911,0],[106.98657600000006,-6.327328,0],[106.98682363300011,-6.32740742999991,0],[106.98700000000005,-6.327463999999972,0],[106.987313998,-6.327592003999905,0],[106.98731413800002,-6.327592060999999,0],[106.98818599900004,-6.327947999999962,0],[106.98888300100006,-6.328145999999913,0],[106.9890476570001,-6.328163015999989,0],[106.98921200000011,-6.328179999999973,0],[106.98949100000002,-6.328178999999979,0],[106.99056100000008,-6.328544000999981,0],[106.99073169500008,-6.32852513399993,0],[106.99075100000009,-6.328522999999931,0],[106.99122000000007,-6.3285309999999715,0],[106.99178900100009,-6.3285790039999466,0],[106.99178904600008,-6.3285790159999475,0],[106.99184335500004,-6.328597196999942,0],[106.99247600000008,-6.3288089999999695,0],[106.99262800000004,-6.328455999999983,0],[106.99262828900007,-6.328455999999983,0],[106.99262873000002,-6.328455999999983,0],[106.99263099900011,-6.328455999999983,0],[106.99283031200008,-6.328501297999912,0],[106.99291700000006,-6.328520999999943,0],[106.99304028800005,-6.328537867000007,0],[106.99322400000007,-6.328562999999955,0],[106.99336493500009,-6.3285498989999365,0],[106.99357900000004,-6.328529999999978,0],[106.99359299900004,-6.328506000999946,0],[106.99367700000006,-6.328358999999951,0],[106.993744,-6.328227999999948,0],[106.99380000000012,-6.32824700100001,0],[106.99383698100007,-6.328259447999885,0],[106.99400500000012,-6.328315999999946,0],[106.99441306000004,-6.328454612999957,0],[106.99489700000002,-6.32861899999997,0],[106.99514000100005,-6.328701000999915,0],[106.99524800000002,-6.328737999999957,0],[106.99545800100007,-6.3288089999999695,0],[106.99552400000003,-6.328826999999949,0],[106.99579500000007,-6.328901999999937,0],[106.99582665000011,-6.3289103150000035,0],[106.99591300000006,-6.328932999999926,0],[106.99615200000004,-6.328995999999988,0],[106.99636100000001,-6.329082999999992,0],[106.99667400000006,-6.329208000999943,0],[106.99674200100009,-6.3292309999999805,0],[106.99683372700004,-6.329262031999972,0],[106.99694300000002,-6.3292989999999225,0],[106.99720000000006,-6.329447,0],[106.99720949200004,-6.329451380999918,0],[106.99721300000007,-6.329452999999964,0],[106.99745900000008,-6.329582999999973,0],[106.99755000000006,-6.329621000000008,0],[106.99774279300003,-6.329702259999982,0],[106.99791300000008,-6.329773999999967,0],[106.99795699900008,-6.329792001999946,0],[106.9979571790001,-6.3297920769999525,0],[106.99895400000005,-6.3302099999999815,0],[106.99911400000006,-6.3302769999999295,0],[106.99972400000009,-6.33044099999991,0],[106.9997981600001,-6.330453000999926,0],[106.99996499900004,-6.330479999999939,0],[106.9999990000001,-6.330489999999967,0],[107.00002112500006,-6.330511663999983,0],[107.00004700000008,-6.330536998999948,0],[107.00009000000009,-6.330666999999957,0],[107.00014800000008,-6.331041999999988,0],[107.00016900000004,-6.331077000999953,0],[107.00016922200007,-6.331077349999893,0],[107.00019900000004,-6.331124999999927,0],[107.00023300000001,-6.331168999999926,0],[107.00026293600008,-6.3311996489998865,0],[107.00027500000002,-6.3312120009999315,0],[107.00044600100004,-6.331322999999967,0],[107.00058903200006,-6.33139112799992,0],[107.00082599900004,-6.331503999999933,0],[107.0011830000001,-6.331724998999922,0],[107.00134106700003,-6.331827295999949,0],[107.00169600100008,-6.332056999999947,0],[107.00213967200003,-6.332347337999989,0],[107.00232100000002,-6.332465999999949,0],[107.00232135200005,-6.332465979999947,0],[107.00342300000007,-6.332406000999958,0],[107.00403100000003,-6.332256999999975,0],[107.00407900000009,-6.331851000999956,0],[107.00410400000003,-6.3317879999999835,0],[107.00415500100007,-6.331660999999956,0],[107.0042960000001,-6.331358999999926,0],[107.00437700000005,-6.331162999999963,0],[107.00472195200008,-6.331131972999971,0],[107.00475500000006,-6.331129000999992,0],[107.00481458600011,-6.331118403999914,0],[107.00514300000002,-6.331060000999967,0],[107.00521322000004,-6.331007492999975,0],[107.00525400000005,-6.330976999999939,0],[107.00527052800008,-6.330918664999997,0],[107.0053050010001,-6.330796999999967,0],[107.0053910000001,-6.330495999999931,0],[107.00539146400006,-6.330496014999932,0],[107.00541718400005,-6.330496845000001,0],[107.00545300000009,-6.3304980000000075,0],[107.00551300000008,-6.330499000000001,0],[107.0056690000001,-6.330550000999958,0],[107.00608200000008,-6.330793999999985,0],[107.00610435400006,-6.330807202999923,0],[107.00623100000006,-6.330881999999983,0],[107.00660800100007,-6.331175999999973,0],[107.00709500000005,-6.331572999999958,0],[107.00713500000008,-6.331606000999935,0],[107.00713492800007,-6.331606172999949,0],[107.00712911400004,-6.3316199129999315,0],[107.00712400000005,-6.331631999999955,0],[107.00696400000005,-6.331838000999946,0],[107.00688000000011,-6.331971999999931,0],[107.00689552900006,-6.332103129999945,0],[107.006898,-6.332123999999984,0],[107.0068980840001,-6.332124107999993,0],[107.00690282000005,-6.332130376999979,0],[107.00702800000002,-6.332295999999916,0],[107.007279,-6.332454999999927,0],[107.0075389980001,-6.332659003999931,0],[107.00753903300001,-6.332659039999934,0],[107.00775099900007,-6.332905000999945,0],[107.00777116200004,-6.332928089999902,0],[107.00781300000004,-6.332975999999958,0],[107.00791232300008,-6.333113245999945,0],[107.00792290200008,-6.333127863999911,0],[107.00792300000008,-6.333128001000011,0],[107.00795900000013,-6.3332569999999375,0],[107.0083440000001,-6.333777999999969,0],[107.00864254300011,-6.334032509999888,0],[107.00868300000008,-6.334066999999989,0],[107.00871345400012,-6.334101396999904,0],[107.00890700000005,-6.334319999999961,0],[107.00906800000006,-6.334515999999924,0],[107.00925700000006,-6.3346469999999275,0],[107.00945200000002,-6.334677999999917,0],[107.00956695900004,-6.334658905999936,0],[107.0097470000001,-6.334629000999948,0],[107.00982132600004,-6.334589243999945,0],[107.00983300000011,-6.334582999999961,0],[107.00983306000002,-6.334583006999962,0],[107.01007700000005,-6.334594999999977,0],[107.0102644090001,-6.3345941369999945,0],[107.01051100100007,-6.3345929999999,0],[107.01078045300008,-6.334617188999948,0],[107.01099000000009,-6.334635999999906,0],[107.011692,-6.334777999999931,0],[107.01201481000007,-6.334898927999989,0],[107.01201500000008,-6.334899000999906,0],[107.012086014,-6.334969557999971,0],[107.01217100000011,-6.335053999999941,0],[107.01249600000008,-6.33567599999998,0],[107.01253566400008,-6.335886967999938,0],[107.01256499900002,-6.33604299999997,0],[107.012700001,-6.33640999799996,0],[107.01297900000009,-6.336697999999986,0],[107.01347000000003,-6.337051999999966,0],[107.01355070200005,-6.337122508999938,0],[107.01366000000003,-6.337217999999934,0],[107.0136877030001,-6.337258090999965,0],[107.01378300000009,-6.337396000999918,0],[107.01382140600006,-6.337533807999952,0],[107.01385100000003,-6.337639999999945,0],[107.01393000000007,-6.337828999999951,0],[107.01415300000005,-6.337972999999964,0],[107.01438700000006,-6.3380939999999395,0],[107.01453973800008,-6.338148339999995,0],[107.01469900000002,-6.338204999999975,0],[107.0148147300001,-6.338279300999906,0],[107.01495600000005,-6.33836999999995,0],[107.015180683,-6.338502796999924,0],[107.01531299900002,-6.338581,0],[107.01543237400004,-6.338653446999954,0],[107.01560300000004,-6.338756999999907,0],[107.016059999,-6.338910999999948,0],[107.01676191600009,-6.339022986999977,0],[107.0167619188395,-6.339022987444688,0]]},"properties":{}},{"type":"Feature","geometry":{"bbox":[106.9042397451321,-6.36554600199999,106.97172200734187,-6.172236510994745],"type":"MultiLineString","coordinates":[[[106.97162900728851,-6.172236510994745,0],[106.97162900000004,-6.172236999999937,0],[106.97172200734187,-6.1742992562092045,0]],[[106.96974213030363,-6.191255124762952,0],[106.969741469,-6.191260675999933,0],[106.96941873550283,-6.193969859843952,0]],[[106.96729832673657,-6.194729973756386,0],[106.96729465800006,-6.194730667999982,0],[106.96685100933843,-6.194814619863754,0]],[[106.96684853983018,-6.194823573687037,0],[106.96670682213953,-6.197462493976259,0]],[[106.96658986529764,-6.199640353160541,0],[106.96641256501277,-6.20294197481679,0]],[[106.96639213578078,-6.203322396038869,0],[106.96623541400008,-6.206240895999949,0],[106.9662353860921,-6.206241415702186,0]],[[106.95630133552967,-6.217916413639669,0],[106.95630122300012,-6.217916747999942,0],[106.95585661567672,-6.219237812098145,0]],[[106.95091113989965,-6.219094430518824,0],[106.95090425900007,-6.21909383699999,0],[106.95083934100002,-6.219088236999971,0],[106.95082838917853,-6.219087291990123,0]],[[106.95082404246247,-6.2190945358900915,0],[106.94954300000006,-6.229182999999972,0],[106.94629715087325,-6.23315859015945,0]],[[106.95463831844279,-6.219415911829108,0],[106.95150914356917,-6.2191460119193085,0]],[[106.95576402659898,-6.2195129209668085,0],[106.95576400000009,-6.219512999999944,0],[106.95575851000008,-6.219512525999994,0],[106.9556138990001,-6.219500053999939,0],[106.95559593456562,-6.2194985045980875,0]],[[106.94463629828144,-6.2366404337372625,0],[106.94463618800005,-6.236640664999916,0],[106.94421400000003,-6.237525999999983,0],[106.94218299900011,-6.2380889999999365,0],[106.94225932893563,-6.238753588393498,0]],[[106.94379670201594,-6.250036562267903,0],[106.94375628600017,-6.251173951373557,0]],[[106.92200336526054,-6.25390449750285,0],[106.921974,-6.253905000000005,0],[106.92181000000002,-6.253615999999985,0],[106.92155500000007,-6.253001999999986,0],[106.92162600000007,-6.252549999999891,0],[106.92146100000011,-6.2520990009999675,0],[106.92135100000006,-6.251701999999982,0],[106.92158600000006,-6.251537999999913,0],[106.92147600000001,-6.251303999999914,0],[106.92112900000008,-6.250960999999956,0],[106.9208760000001,-6.2508180000000255,0],[106.92091100000007,-6.2505639999999705,0],[106.91993500000005,-6.25040499999996,0],[106.91926699900003,-6.250661000000003,0],[106.91923300000006,-6.251256999999933,0],[106.91824100000005,-6.25160499999995,0],[106.91807900000005,-6.251839999999943,0],[106.91786300000004,-6.2518770009999844,0],[106.91770200000003,-6.2523110009999225,0],[106.91746700000004,-6.252384999999917,0],[106.9172520000001,-6.252710999999978,0],[106.91631200000005,-6.2526780009999126,0],[106.91635300000006,-6.2540339999999315,0],[106.91673300000006,-6.254013999999964,0],[106.91661500000006,-6.256419000999914,0],[106.91639800000006,-6.256527999999962,0],[106.9162020000001,-6.257161000999934,0],[106.91618600000001,-6.257739999999968,0],[106.91575500000006,-6.258500999999962,0],[106.9136580000001,-6.2580919999999605,0],[106.91300799900006,-6.257931999999956,0],[106.91143199900004,-6.256925999999941,0],[106.91076100000004,-6.2560789999999376,0],[106.91038000000013,-6.255754999999953,0],[106.90987400000009,-6.255665999999961,0],[106.91017100000006,-6.257743999999944,0],[106.91008100000008,-6.257851999999998,0],[106.90999100000009,-6.258070000000005,0],[106.90560900000008,-6.2601819999999595,0],[106.90532438398034,-6.260183497643213,0]],[[106.94375708967712,-6.251187098562761,0],[106.94402700000009,-6.252449999999966,0],[106.94314200000005,-6.252488999999995,0],[106.94276400100004,-6.252706999999914,0],[106.94160800000006,-6.252729999999952,0],[106.9413380000001,-6.253129000999925,0],[106.94110400100001,-6.2533099999999795,0],[106.94079800000009,-6.253545999999966,0],[106.93584400000009,-6.25316699999996,0],[106.93450900000003,-6.253713999999922,0],[106.93348100000006,-6.254096999999904,0],[106.93190899900011,-6.253868000999963,0],[106.93102300100009,-6.253673000999994,0],[106.92957600000008,-6.253135998999971,0],[106.92889180015548,-6.25374622084316,0]],[[106.92791543685264,-6.254616979880391,0],[106.92791477500003,-6.254617569999899,0],[106.92784700000001,-6.254677999999926,0],[106.92715900000012,-6.254120999999936,0],[106.92471900000002,-6.253858000000024,0],[106.92207821500001,-6.253903215999946,0],[106.92207779260225,-6.253903223231939,0]],[[106.90459458800017,-6.26613072033131,0],[106.90487900000008,-6.266299999999903,0],[106.90489697342389,-6.266339049987236,0]],[[106.90502608072892,-6.266619551867359,0],[106.90502636800001,-6.266620175999927,0],[106.90504700000012,-6.266664999999906,0],[106.90501195400006,-6.266782880999889,0],[106.90500882419786,-6.2667934085651975,0]],[[106.90489677995846,-6.267754744735244,0],[106.90489954900009,-6.26775914699993,0],[106.90491570100009,-6.267784826000012,0],[106.90491746743704,-6.267787634343881,0]],[[106.9042397451321,-6.270211921730274,0],[106.90424006000005,-6.270212429999967,0],[106.90430866700005,-6.270323177999982,0],[106.90430912367128,-6.270323915205479,0]],[[106.90846162515386,-6.272590213027597,0],[106.90846288700004,-6.272590711999927,0],[106.90883816031611,-6.272739107246684,0]],[[106.90884548457589,-6.277560550066342,0],[106.90881066102101,-6.277786162204647,0]],[[106.90902253207743,-6.2855272673372,0],[106.90902318700005,-6.285527548999982,0],[106.90960701926141,-6.28577863463955,0]],[[106.91009068476463,-6.287384294290655,0],[106.91008922000005,-6.287388916999893,0],[106.91004754500007,-6.287520439999939,0],[106.91004630503433,-6.287524353251529,0]],[[106.90962067615553,-6.2908311230047484,0],[106.90962079300002,-6.2908309439999375,0],[106.91034400000008,-6.289723000000015,0],[106.91090900000002,-6.289686999999967,0],[106.91076409086058,-6.289872226429006,0]],[[106.91075534300364,-6.290764459793175,0],[106.91075626200008,-6.290763632999964,0],[106.91147500000004,-6.290116999999929,0],[106.91157409095051,-6.290215431793312,0]],[[106.91175906647075,-6.29039917392984,0],[106.9117610850001,-6.2904011789999945,0],[106.91177499999999,-6.290415000999895,0],[106.91173845600008,-6.290435954999941,0],[106.9117329906989,-6.29043908873277,0]],[[106.91045853325407,-6.29171057899598,0],[106.91045888600009,-6.291710818999908,0],[106.91105000000005,-6.292113000999967,0],[106.91116188700008,-6.291917890999988,0],[106.91116213194192,-6.291917463870279,0]],[[106.9115965749181,-6.29177522725224,0],[106.91160149700004,-6.291783142999941,0],[106.91168100000003,-6.291910999999951,0],[106.9116667910001,-6.291941462999985,0],[106.9116654770301,-6.291944280073759,0]],[[106.91144177095404,-6.292423892616151,0],[106.91141700000013,-6.292476999999975,0],[106.91140176812411,-6.292485703808316,0]],[[106.91052792932607,-6.292985040955857,0],[106.91052713300004,-6.2929854959999485,0],[106.91042300000004,-6.293045000999898,0],[106.91025047797751,-6.29341269837529,0]],[[106.91024336491661,-6.294193181461628,0],[106.91024466800012,-6.2941936349999015,0],[106.91034028413068,-6.294226914950874,0]],[[106.9109252772132,-6.294397868630353,0],[106.91162448863574,-6.294503074211045,0]],[[106.91173316113189,-6.295227887946121,0],[106.91173095600008,-6.2952297699999225,0],[106.91172600000003,-6.295234000999917,0],[106.91169484900011,-6.295265368999937,0],[106.91169117884375,-6.295269064755905,0]],[[106.91179201283568,-6.296914192556647,0],[106.9117922600001,-6.296914680999977,0],[106.91179899900003,-6.296928000000014,0],[106.91177557200004,-6.296972644999888,0],[106.91177366805984,-6.296976273413547,0]],[[106.91687814861443,-6.298063351484574,0],[106.91724668000002,-6.29816134299992,0],[106.91724698230318,-6.298161423378291,0]],[[106.91183267192625,-6.2982610304694,0],[106.91190110339794,-6.298308603921599,0]],[[106.91289521499978,-6.298740980999474,0],[106.91293400000006,-6.298750999999948,0],[106.91367781400005,-6.298723193999956,0],[106.91367948661623,-6.298723131471219,0]],[[106.92069959596535,-6.300267222946788,0],[106.92074400000011,-6.3002670009999715,0],[106.92084663807921,-6.300492420120941,0]],[[106.92142190321847,-6.304556290681896,0],[106.92142199100007,-6.304556520999972,0],[106.92145800000013,-6.304651000999973,0],[106.92146238075881,-6.304670042806061,0]],[[106.92159459210264,-6.3052669918895585,0],[106.9215950000001,-6.305268999999948,0],[106.92159495100009,-6.3052690829999545,0],[106.92159443300004,-6.305269951999938,0],[106.92141611828158,-6.305568929605277,0]],[[106.92101298047116,-6.307261427133804,0],[106.9209414350001,-6.307425269999923,0],[106.92094025786527,-6.307427965759805,0]],[[106.92013886291186,-6.311349053532323,0],[106.92045500000009,-6.31183199999994,0],[106.92078799900011,-6.312163000999972,0],[106.92109869886906,-6.312317016294179,0]],[[106.9223640656477,-6.313728311657242,0],[106.92236450100008,-6.3137287439999366,0],[106.92268800000002,-6.314049999999961,0],[106.92263971009079,-6.314131790004241,0]],[[106.9219679309487,-6.316895627118791,0],[106.92196793800004,-6.3168971899999935,0],[106.92196800000005,-6.3169109999999815,0],[106.92194990200005,-6.316976992999935,0],[106.92194826094654,-6.316982976824393,0]],[[106.92048413407649,-6.320740334531051,0],[106.92048533700003,-6.320869224999926,0],[106.92048975100003,-6.32134219399998,0],[106.92048978530433,-6.321345887013875,0]],[[106.92051194035564,-6.321380099004715,0],[106.92051537600011,-6.321381836999974,0],[106.92098957856204,-6.321621739376605,0]],[[106.9190100275997,-6.325366003648126,0],[106.91901006600008,-6.3253730359999825,0],[106.91901100100007,-6.325544000000006,0],[106.91898050031232,-6.32574670753654,0]],[[106.91821454001801,-6.328217773094403,0],[106.91821982300007,-6.328229994999935,0],[106.91832400000007,-6.328470999999981,0],[106.918407958,-6.328568180999939,0],[106.91840912605144,-6.328569533024654,0]],[[106.91912133906133,-6.337766442508853,0],[106.91925600000009,-6.3380039989999535,0],[106.9192431340001,-6.338102569999938,0],[106.91924271633535,-6.338105769981462,0]],[[106.918216852282,-6.339324741731579,0],[106.91821516800005,-6.339328613999951,0],[106.91821500000012,-6.339328999999983,0],[106.91821313101354,-6.339330827459412,0]],[[106.91892737589279,-6.341570679013776,0],[106.91892660200001,-6.341571125999957,0],[106.9187944350001,-6.341647463999967,0],[106.91879251708778,-6.341648571781567,0]],[[106.9185405185946,-6.342379958732836,0],[106.91854092800008,-6.342381468999948,0],[106.91862029527559,-6.342674247035363,0]],[[106.91863641683727,-6.342733717320682,0],[106.918642999,-6.342758000999927,0],[106.91875385300003,-6.342835557999949,0],[106.91875484219754,-6.342836250088469,0]],[[106.91698639900736,-6.345604444207199,0],[106.91710160695098,-6.345917088947251,0]],[[106.91628622225487,-6.348538082243694,0],[106.91628479800002,-6.348540737999931,0],[106.9161085658133,-6.3488693509731196,0]],[[106.91610999274175,-6.348880083270659,0],[106.91621982300006,-6.3489699070000025,0],[106.91622031696271,-6.348970310985292,0]],[[106.91434505200436,-6.365545567125276,0],[106.9143450060001,-6.36554600199999,0],[106.91434491332899,-6.365545921694183,0]]]},"properties":{}},{"type":"Feature","geometry":{"bbox":[106.94382290659783,-6.256643999999968,106.95747900000005,-6.24964499999996],"type":"LineString","coordinates":[[106.94382290659783,-6.2496893722981515,0],[106.94444428500007,-6.249708789999909,0],[106.9444510000001,-6.2497089999999265,0],[106.94479800000003,-6.249736999999934,0],[106.94514000000008,-6.249764999999941,0],[106.94564200000005,-6.249778999999945,0],[106.94611259500009,-6.249792328999982,0],[106.94656000000006,-6.249804999999965,0],[106.94672315200006,-6.249809292999965,0],[106.94682600000004,-6.249811999999922,0],[106.9468512970001,-6.249811443999965,0],[106.94691700000003,-6.249809999999934,0],[106.9478700530001,-6.249783142999933,0],[106.94823000000004,-6.249772999999982,0],[106.94838900000005,-6.24977,0],[106.94841166400006,-6.249769566999964,0],[106.94912200000005,-6.249755999999907,0],[106.95029069200011,-6.2497255369999625,0],[106.95081000000009,-6.249711999999908,0],[106.95091900000004,-6.2497089999999265,0],[106.95103574100003,-6.249704202999974,0],[106.95106500000004,-6.249702999999963,0],[106.95193000000003,-6.249664999999927,0],[106.95243827400007,-6.249649962999927,0],[106.95260600000009,-6.24964499999996,0],[106.95269658200004,-6.2496528089999845,0],[106.9527800000001,-6.249659999999958,0],[106.95296000600007,-6.249674991999955,0],[106.95297191900008,-6.2496764759999,0],[106.9530730000001,-6.249688999999959,0],[106.95391100000006,-6.249793999999943,0],[106.95428851300004,-6.249797873999997,0],[106.95478800000006,-6.249802999999888,0],[106.95490803600005,-6.249785748999971,0],[106.95495499900002,-6.249778999999945,0],[106.95498300000013,-6.249999999999934,0],[106.95498300000013,-6.250001999999922,0],[106.95498975000007,-6.25005994199992,0],[106.95499500000005,-6.250105000999918,0],[106.95499508800006,-6.2501049959999175,0],[106.95605400000001,-6.2500419999999455,0],[106.95634100000004,-6.250038999999964,0],[106.95650200000004,-6.250050000999986,0],[106.95650215000005,-6.250050439999933,0],[106.95657300400005,-6.250257999999965,0],[106.95665900000006,-6.250503998999891,0],[106.95684500000009,-6.2510649999999455,0],[106.9568600680001,-6.251106418999909,0],[106.95705200000008,-6.251633999999951,0],[106.95716352600006,-6.251948053000001,0],[106.95721500000006,-6.252093000999915,0],[106.95731799900005,-6.2523320009999725,0],[106.95732187900002,-6.25234807299997,0],[106.95734600000006,-6.252447999999978,0],[106.95747900000005,-6.253365999999994,0],[106.95747300000009,-6.253436000999924,0],[106.95746266900004,-6.253548821000022,0],[106.95744800000007,-6.253708999999953,0],[106.957397955,-6.253918932000003,0],[106.9573710000001,-6.2540319989999436,0],[106.95699300000008,-6.2548550000000045,0],[106.95685751400006,-6.255072429999965,0],[106.95670200000006,-6.2553220000000085,0],[106.95666525100005,-6.2553762139999645,0],[106.95660100000006,-6.255471000999902,0],[106.95658600000006,-6.25549899999991,0],[106.95651100000008,-6.2556129999999275,0],[106.95646900000007,-6.2556759999999,0],[106.9563180000001,-6.255888999999938,0],[106.95618336700005,-6.256028946999971,0],[106.95609000000006,-6.2561260009999184,0],[106.95601645,-6.256172913999892,0],[106.95590500000012,-6.256244000000001,0],[106.9558640000001,-6.256256999999922,0],[106.95584018500008,-6.256264604999929,0],[106.95562600000004,-6.256332999999904,0],[106.95534827600007,-6.25637637599994,0],[106.95516500000008,-6.256405000999999,0],[106.95504600000001,-6.256440999999958,0],[106.95450232200005,-6.256643878999958,0],[106.95450200000003,-6.256643999999968,0],[106.95461464900002,-6.256639117999919,0],[106.95512500000007,-6.256617000999954,0],[106.95556091000007,-6.256579912999905,0],[106.95598300000009,-6.256544000999954,0],[106.95637799900008,-6.256500999999949,0],[106.95644059500002,-6.2564938699998915,0],[106.9565360000001,-6.256483000999969,0]]},"properties":{}},{"type":"Feature","geometry":{"bbox":[107.02796900000003,-6.197064000999953,107.02796930091523,-6.197063385297975],"type":"LineString","coordinates":[[107.02796900000003,-6.197064000999953,0],[107.02796906900002,-6.197063858999941,0],[107.02796930091523,-6.197063385297975,0]]},"properties":{}},{"type":"Feature","geometry":{"bbox":[106.99756100000009,-6.306133999999931,107.01984700000008,-6.300537000999929],"type":"LineString","coordinates":[[107.01984700000008,-6.301873999999975,0],[107.01878600000005,-6.3014789989998885,0],[107.01821900000003,-6.301447999999899,0],[107.01795336100008,-6.301469104999958,0],[107.01764000000009,-6.301493999999975,0],[107.01699500000011,-6.301508000999979,0],[107.01631500000006,-6.301465999999968,0],[107.01585113600005,-6.301364891999951,0],[107.01571400000007,-6.3013350009999645,0],[107.01569297400002,-6.30132886499999,0],[107.01522400000003,-6.301191999999945,0],[107.01490890400007,-6.301071789999947,0],[107.0148780000001,-6.301059999999948,0],[107.01392000000006,-6.30088600099994,0],[107.01330699900005,-6.3006769999999666,0],[107.01259400000002,-6.300545999999963,0],[107.01199334300007,-6.300537009000019,0],[107.01199300000003,-6.300537000999929,0],[107.01183327500006,-6.300561479999912,0],[107.0114710000001,-6.300616999999976,0],[107.01126722200011,-6.300669751999989,0],[107.01099200000009,-6.300740999999933,0],[107.01073480000012,-6.300791727999956,0],[107.01041400100004,-6.300854999999951,0],[107.01004452400011,-6.300936989999984,0],[107.0097020000001,-6.301012999999967,0],[107.00916900000006,-6.301204000999961,0],[107.00885800000009,-6.301427999999932,0],[107.00883146900011,-6.301496942999952,0],[107.00871600000006,-6.301796999999999,0],[107.00867895000002,-6.301829559999939,0],[107.00865000000002,-6.301854999999913,0],[107.00843676000005,-6.301992129999979,0],[107.00832500000004,-6.302063999999975,0],[107.00811600000006,-6.302358998999958,0],[107.00803979800007,-6.302411966999989,0],[107.00772900000001,-6.302628000000011,0],[107.00765425600005,-6.302717996999908,0],[107.00763114000009,-6.302745830999902,0],[107.00763100000007,-6.302745999999916,0],[107.00759100000006,-6.30321599999999,0],[107.00756252000009,-6.303335164999991,0],[107.00755299900003,-6.303375000000001,0],[107.00753936800005,-6.30340898099997,0],[107.00748200000001,-6.303551999999991,0],[107.00746400000011,-6.303789000999972,0],[107.00710700000006,-6.304197999999973,0],[107.0070150000001,-6.304293000000017,0],[107.00689986100006,-6.304511366999966,0],[107.00663799900008,-6.305007999999935,0],[107.00660858500004,-6.30510371999995,0],[107.00657900000007,-6.305199999999923,0],[107.00627808500005,-6.305348860999983,0],[107.00610800000001,-6.305432999999928,0],[107.00335300000006,-6.305806998999964,0],[107.00283204100003,-6.30584427899994,0],[106.9999990000001,-6.3060470000000155,0],[106.99756100000009,-6.306133999999931,0]]},"properties":{}},{"type":"Feature","geometry":{"bbox":[107.04341700000002,-6.307193999999972,107.04342039765125,-6.307192860315359],"type":"LineString","coordinates":[[107.04342039765125,-6.307192860315359,0],[107.04341700000002,-6.307193999999972,0]]},"properties":{}},{"type":"Feature","geometry":{"bbox":[107.00089500100007,-6.238703999999929,107.03094100000008,-6.222407999999936],"type":"LineString","coordinates":[[107.03094100000008,-6.223578000000019,0],[107.03060500000008,-6.223515999999952,0],[107.0303584200001,-6.2233322029999325,0],[107.03033400000004,-6.223313999999936,0],[107.02996100000009,-6.222994000000016,0],[107.02957099900006,-6.222724999999963,0],[107.0290800000001,-6.222523999999941,0],[107.02886756800002,-6.222465745000006,0],[107.02865700000011,-6.222407999999936,0],[107.02829908800007,-6.222424561999974,0],[107.02826800000007,-6.222425999999915,0],[107.0276940000001,-6.222562999999971,0],[107.02730408400008,-6.222775277999949,0],[107.0272550000001,-6.222801999999939,0],[107.02679999900002,-6.223073999999974,0],[107.026799806,-6.22307407499998,0],[107.02612499900003,-6.223346997000002,0],[107.0256180000001,-6.223568999999985,0],[107.0251960000001,-6.223671999999981,0],[107.02509883400005,-6.223676700999926,0],[107.02482400000004,-6.22368999999996,0],[107.02451685700002,-6.223665273999957,0],[107.02402900000007,-6.223626000999994,0],[107.02375765000009,-6.2235973459999325,0],[107.02340400000006,-6.223559999999951,0],[107.02294700000007,-6.223545000999954,0],[107.02272200000003,-6.223545999999947,0],[107.02272152900008,-6.223546001999948,0],[107.02242300000006,-6.223546999999941,0],[107.0219500000001,-6.223548998999929,0],[107.02147600000005,-6.2234999999999605,0],[107.02134048400002,-6.223471697000017,0],[107.02100200000008,-6.2234009999999405,0],[107.02071572800011,-6.2233253389998975,0],[107.02049500100006,-6.2232669999999555,0],[107.0202410000001,-6.223149999999956,0],[107.02005400000007,-6.222930999999955,0],[107.01995837700007,-6.222836179999925,0],[107.0198160020001,-6.222694995999968,0],[107.01959600000002,-6.222577998999968,0],[107.01935900000004,-6.222561999999888,0],[107.01913999900003,-6.222646999999904,0],[107.01876900000006,-6.222884999999968,0],[107.018515999,-6.223105999999957,0],[107.01830412900006,-6.223306758999959,0],[107.01823000000006,-6.2233769999999975,0],[107.0179600000001,-6.223631998999958,0],[107.01767299900007,-6.223818999999976,0],[107.01728499900011,-6.223904999999986,0],[107.01724031400006,-6.223911614,0],[107.01681200100006,-6.223974999999916,0],[107.0166213320001,-6.224006987999898,0],[107.01650800000004,-6.224025999999961,0],[107.01620400000012,-6.224094999999986,0],[107.016203735,-6.224095141999998,0],[107.0161779640001,-6.2241089959999005,0],[107.01595100000006,-6.224230999999959,0],[107.01595061200003,-6.224231362999989,0],[107.01569800000009,-6.224468998999933,0],[107.01537800000007,-6.224723999999982,0],[107.01524785400005,-6.224771580000011,0],[107.01500600000011,-6.224859998999955,0],[107.0146698120001,-6.22488867899993,0],[107.0145840000001,-6.224895999999914,0],[107.01389100000004,-6.224881999999999,0],[107.01362074900007,-6.224853507999951,0],[107.01326500000003,-6.224816000999956,0],[107.01304267400012,-6.224774566999903,0],[107.01282500000005,-6.224733999999922,0],[107.01258726,-6.224698830999943,0],[107.01248700000005,-6.224683999999959,0],[107.01208100000012,-6.224618000999916,0],[107.01193152900001,-6.224613093999954,0],[107.01162400000005,-6.224602999999918,0],[107.01143064600005,-6.224614074999947,0],[107.01120500000012,-6.22462699999995,0],[107.01120449400008,-6.224627028999953,0],[107.01099900100004,-6.224638999999966,0],[107.0109987480001,-6.224639071999972,0],[107.01096572000004,-6.224648441999948,0],[107.01057600000003,-6.224758999999947,0],[107.01037981600005,-6.2248282709999945,0],[107.01018800000008,-6.224895999999914,0],[107.00986800000007,-6.225099999999918,0],[107.00979885400004,-6.225309084999898,0],[107.00978400000005,-6.225353999999884,0],[107.00973499999999,-6.225792998999969,0],[107.00974621500004,-6.225945963999925,0],[107.00977100000004,-6.226284000000005,0],[107.0099080000001,-6.226755999999979,0],[107.01001413100009,-6.226995505999989,0],[107.01009500000002,-6.22717799999999,0],[107.01018100000003,-6.227532999999964,0],[107.01014900000006,-6.227973000999954,0],[107.01013108500008,-6.22803127699998,0],[107.01006599900002,-6.228243000999912,0],[107.00991500000005,-6.228598999999969,0],[107.00971300000003,-6.228836999999944,0],[107.00946000000006,-6.229006999999976,0],[107.00906526200001,-6.229048890999978,0],[107.00897000100011,-6.229059000999927,0],[107.00889915300012,-6.229069875999938,0],[107.00851400000005,-6.229128999999945,0],[107.00810800000002,-6.229146999999925,0],[107.00802170300008,-6.229147268999947,0],[107.00746600000011,-6.229148999999913,0],[107.00697500000007,-6.229167998999975,0],[107.00686841800004,-6.229219291999955,0],[107.00665500000007,-6.229321999999927,0],[107.00645300000005,-6.229593000999968,0],[107.00635300000003,-6.229930999999956,0],[107.00637230900011,-6.230046287999903,0],[107.00638700000009,-6.230133999999966,0],[107.00641481000008,-6.230233474999936,0],[107.00643900000004,-6.23031999899999,0],[107.00646626700008,-6.230349611999953,0],[107.00662500000007,-6.230521999999917,0],[107.00708300000012,-6.230773999999984,0],[107.00736867700004,-6.23090310899992,0],[107.00767600000007,-6.231041999999954,0],[107.00780500600008,-6.231138277999927,0],[107.00808200000009,-6.231345000999978,0],[107.00820194600007,-6.231631870999911,0],[107.00820200000007,-6.231631999999921,0],[107.00820400000006,-6.232071000000007,0],[107.00805532300011,-6.232320510999957,0],[107.00800200000005,-6.232409999999989,0],[107.00766500100005,-6.232782999999943,0],[107.00748854700002,-6.232944456999979,0],[107.00731200000007,-6.233105998999934,0],[107.00702499900004,-6.233343999999908,0],[107.00672860900002,-6.233657988999953,0],[107.00670500000011,-6.233682999999891,0],[107.00666567700006,-6.233735898000004,0],[107.00645300000005,-6.234021999999962,0],[107.00621700000006,-6.234225999999966,0],[107.00592037900012,-6.234368958999982,0],[107.0058290000001,-6.234412999999984,0],[107.00545700000006,-6.234499000999994,0],[107.00484900000002,-6.234534999999953,0],[107.00440900000004,-6.2345200009999555,0],[107.00398699900002,-6.23458899999998,0],[107.0035810000001,-6.234691999999976,0],[107.00321000000012,-6.234777999999986,0],[107.00287200000005,-6.234829999999937,0],[107.00258400000011,-6.234814000999945,0],[107.00244158300005,-6.234753909999947,0],[107.00234700000004,-6.234713999999931,0],[107.00209231800002,-6.2344273579999285,0],[107.00209200000008,-6.234426999999899,0],[107.00200030200004,-6.234374149999967,0],[107.00188900000008,-6.234309999999899,0],[107.00176043400009,-6.234303913999929,0],[107.00155100000008,-6.234294000999997,0],[107.001466339,-6.234331627000001,0],[107.00128100000003,-6.234413999999978,0],[107.00110855100007,-6.234555687999977,0],[107.00109600000009,-6.234565999999942,0],[107.00109596600001,-6.234566064999948,0],[107.00105106500011,-6.23465113999997,0],[107.00094400000005,-6.234853999999968,0],[107.00090740700003,-6.235081776999985,0],[107.00089500100007,-6.23515899999998,0],[107.00093000000004,-6.235463000999998,0],[107.00100549200006,-6.235612999999974,0],[107.00108299900009,-6.235766999999926,0],[107.001287001,-6.2360869999999355,0],[107.0012871260001,-6.236087079999942,0],[107.00152399900007,-6.236237999999995,0],[107.00210000000003,-6.236387999999971,0],[107.0023605370001,-6.236501946999985,0],[107.00252300000004,-6.236573000000002,0],[107.00282900100004,-6.236943999999967,0],[107.00287646500006,-6.237063586000003,0],[107.00298300000009,-6.237332000000007,0],[107.00298400100007,-6.237669999999996,0],[107.00281600000004,-6.237940998999948,0],[107.00244500000007,-6.238195998999997,0],[107.00215900000003,-6.238484999999928,0],[107.00191068300009,-6.238690211999943,0],[107.00189400000004,-6.238703999999929,0]]},"properties":{}},{"type":"Feature","geometry":{"bbox":[106.99132198521927,-6.172347999999973,106.99132200000008,-6.172347604212925],"type":"LineString","coordinates":[[106.99132198521927,-6.172347604212925,0],[106.99132200000008,-6.172347999999973,0]]},"properties":{}},{"type":"Feature","geometry":{"bbox":[106.93567100000007,-6.341151000000012,106.94230800000007,-6.293741999999925],"type":"LineString","coordinates":[[106.93822400000002,-6.341151000000012,0],[106.93827900100004,-6.341065000000002,0],[106.93851200000005,-6.340671999999904,0],[106.93852743800008,-6.3406472619999885,0],[106.93859499900007,-6.340538998999913,0],[106.93866600000008,-6.340448000000022,0],[106.93867529700005,-6.340387568999995,0],[106.93868600000005,-6.340318000999924,0],[106.93887465000003,-6.3398272389999075,0],[106.93896200100006,-6.339599999999935,0],[106.93908500000002,-6.339261999999946,0],[106.93903792900004,-6.339108639999958,0],[106.93899200000006,-6.338958999999923,0],[106.9390430000001,-6.338828000000008,0],[106.93907304300009,-6.338712186999929,0],[106.93910500000008,-6.338588998999951,0],[106.93913000000002,-6.338518999999932,0],[106.93913782400004,-6.338514691999931,0],[106.93919900000013,-6.338480999999986,0],[106.9395421360001,-6.338550364999952,0],[106.93966400000005,-6.338574999999947,0],[106.93983500000009,-6.338603999999949,0],[106.93992500000007,-6.338582999999987,0],[106.93994694800001,-6.338559539,0],[106.93998300000007,-6.33852100099992,0],[106.94001000000009,-6.3384930000000015,0],[106.94006216100004,-6.33830773999995,0],[106.94015500000009,-6.337978000999934,0],[106.94019175300011,-6.337747079999923,0],[106.94020800100013,-6.337644999999915,0],[106.94020800000004,-6.337581774999924,0],[106.94020800000004,-6.337514999999906,0],[106.94020000000009,-6.337481999000017,0],[106.94022442100007,-6.3374444279999285,0],[106.94023884100001,-6.337422242999958,0],[106.94023900000012,-6.337421999999938,0],[106.94022200000003,-6.337284999999971,0],[106.94014400000007,-6.336885999999909,0],[106.94015699900008,-6.3367479999999485,0],[106.94016133500008,-6.3366254329999325,0],[106.9401680000001,-6.3364369999999735,0],[106.94016565100009,-6.336362293000009,0],[106.94016300000004,-6.336277999999963,0],[106.94009400000002,-6.336194999999934,0],[106.94007383400013,-6.336142567999948,0],[106.94006900000008,-6.336129999999974,0],[106.94009300000002,-6.3360239999999965,0],[106.94018015300013,-6.335918876999914,0],[106.94019000000006,-6.335906999999997,0],[106.94019001800005,-6.3359069209999905,0],[106.94023900000012,-6.335694000999959,0],[106.94025047500008,-6.335650840999941,0],[106.94030600000006,-6.335441999999981,0],[106.94032842200005,-6.335289046999938,0],[106.94033400000006,-6.335250999999987,0],[106.94038068900002,-6.33514558999997,0],[106.94043100000002,-6.335031999999986,0],[106.94045652900009,-6.334973330999928,0],[106.94048800000012,-6.334901000999894,0],[106.94050200100011,-6.334762999999933,0],[106.94051600000003,-6.3346239999999785,0],[106.94081751200011,-6.334200170999994,0],[106.94100900000005,-6.333930998999927,0],[106.94103806700006,-6.333898892000024,0],[106.9411620000001,-6.333761999999977,0],[106.94136192300003,-6.33358980399994,0],[106.94143600000004,-6.33352599999999,0],[106.94178600000004,-6.3328559999999765,0],[106.94181466900001,-6.3327903619999635,0],[106.94190000000006,-6.332594999999964,0],[106.94193400000003,-6.332476999999971,0],[106.94191111400009,-6.332408336999974,0],[106.94191099900007,-6.332407999999946,0],[106.94188300000008,-6.332387999999979,0],[106.9415870000001,-6.332180999999904,0],[106.94103400000007,-6.331792999999953,0],[106.94093706100006,-6.331720735999925,0],[106.9408690000001,-6.33166999999999,0],[106.94086168500003,-6.331665428999967,0],[106.94085300000002,-6.331659999999962,0],[106.94078757800011,-6.331620350999968,0],[106.94078700000007,-6.331620000999939,0],[106.94095199900005,-6.331553999999896,0],[106.94103900000005,-6.331521999999913,0],[106.94105866200007,-6.331449400999945,0],[106.94107800000008,-6.331377999999988,0],[106.94107792900007,-6.3313775659999525,0],[106.94093400000007,-6.3304869999999855,0],[106.94093387800005,-6.3304670849999365,0],[106.94093299900007,-6.330323000000005,0],[106.94110700100008,-6.329667999999989,0],[106.94115800000013,-6.3294989999999505,0],[106.94117200000004,-6.32945199999997,0],[106.94120100000004,-6.329422000999974,0],[106.94116400000009,-6.329205999999955,0],[106.94114821600003,-6.32911266799996,0],[106.94114100000004,-6.329070000999893,0],[106.94162072000005,-6.327900926999975,0],[106.94175199900006,-6.327580999999972,0],[106.941763,-6.327210000000006,0],[106.94176666000004,-6.327015370999979,0],[106.94176900000005,-6.326890999999902,0],[106.94171566100007,-6.326664112999959,0],[106.94163100000009,-6.326303999999917,0],[106.94151000000002,-6.3260850010000045,0],[106.94148319800003,-6.326041983999998,0],[106.94142900000007,-6.325954999999995,0],[106.94143600000004,-6.325897999999897,0],[106.94146900000001,-6.325843999999959,0],[106.94143800000002,-6.325541999999929,0],[106.9414260170001,-6.325452123999954,0],[106.941426,-6.3254519999999435,0],[106.94149200000005,-6.325357999999982,0],[106.941808198,-6.325196323999927,0],[106.94193400000003,-6.325131999999934,0],[106.94193407300013,-6.3251318840000135,0],[106.94196899600009,-6.325076683999976,0],[106.94218200000003,-6.324740000000007,0],[106.94223100000009,-6.324622000999925,0],[106.94222500000004,-6.324540999999973,0],[106.94212100000004,-6.324458999999939,0],[106.94195479300006,-6.324358887000004,0],[106.9419499990001,-6.324355999999943,0],[106.9419499670001,-6.32435596499994,0],[106.94193540100005,-6.324340043999955,0],[106.9418640010001,-6.324261999999981,0],[106.94185136200012,-6.324198016999928,0],[106.94183200000002,-6.3240999999999,0],[106.94186899200007,-6.323893041999918,0],[106.94186899900006,-6.323892999999915,0],[106.94194800000012,-6.323754999999954,0],[106.94203700000011,-6.323686999999923,0],[106.94205911000007,-6.323677524999939,0],[106.94213500000005,-6.323645000999912,0],[106.9421850620001,-6.323442366999933,0],[106.94221900000007,-6.323304999999936,0],[106.94229500100005,-6.323013999999928,0],[106.94230800000007,-6.32283499999995,0],[106.94228080500004,-6.322727547999941,0],[106.94226700000004,-6.322673000999957,0],[106.9422010000001,-6.322417001000003,0],[106.94216282300005,-6.322346518999945,0],[106.94212300000004,-6.322272999999901,0],[106.942058225,-6.322215200000004,0],[106.94205800000007,-6.3222149999999875,0],[106.94186000000012,-6.322202999999972,0],[106.94151700100008,-6.322267999999932,0],[106.94141999900005,-6.322270999999914,0],[106.94133399900004,-6.322228000999909,0],[106.94132596300008,-6.322211679999979,0],[106.94126900000008,-6.322095999999911,0],[106.94120700000009,-6.321916999999933,0],[106.94106600100007,-6.321315999999944,0],[106.94102000000008,-6.321033000999977,0],[106.94100491200007,-6.320937443999975,0],[106.94099900000002,-6.320899999999897,0],[106.94090800000005,-6.320787998999956,0],[106.94086433000007,-6.320740430999928,0],[106.94074000000009,-6.3206050009999135,0],[106.9406070000001,-6.32038299999993,0],[106.9405736670001,-6.320240869999983,0],[106.9405350000001,-6.320076000999931,0],[106.94052487700006,-6.319934278999929,0],[106.94052100800009,-6.319880103999976,0],[106.94052100000009,-6.3198799999999675,0],[106.94048249900001,-6.319815372999949,0],[106.94046500000007,-6.319786000000006,0],[106.94046487500006,-6.319785748999985,0],[106.94038305200004,-6.319621105999952,0],[106.94038300000004,-6.319620999999943,0],[106.94038300000004,-6.319620879999933,0],[106.94038300000004,-6.319618999999955,0],[106.94035199900004,-6.319483999999976,0],[106.94034700100008,-6.3192589999999225,0],[106.94033143200004,-6.318924588999964,0],[106.94032200000005,-6.318721999999989,0],[106.9404900000001,-6.318023999999967,0],[106.94055484200004,-6.317763809999933,0],[106.94056900000007,-6.31770699999994,0],[106.94057440500006,-6.317585716999941,0],[106.94058500000006,-6.31734800099999,0],[106.94058859900008,-6.317085306999926,0],[106.94059200000001,-6.316836999999987,0],[106.94069600000009,-6.315830000999979,0],[106.940725,-6.315549999999993,0],[106.94069900000007,-6.315413000999937,0],[106.94067800000002,-6.315301000999996,0],[106.94067200000006,-6.3152879999999865,0],[106.9406069990001,-6.315138999999915,0],[106.94033400000006,-6.314821999999976,0],[106.94024555100003,-6.314706251999992,0],[106.94017200000008,-6.3146099999999326,0],[106.94009699900009,-6.314472999999966,0],[106.94011031000012,-6.3144023779999845,0],[106.94013299900004,-6.314281999999972,0],[106.94017848099999,-6.314190100999918,0],[106.94023000100007,-6.314086001000009,0],[106.94033350700003,-6.313877484999987,0],[106.94036800000003,-6.313807999999922,0],[106.94047900000008,-6.313567000999965,0],[106.94055600000006,-6.313079000999911,0],[106.940407308,-6.312444017999953,0],[106.94039700000005,-6.312399998999952,0],[106.94039698100003,-6.312399819999937,0],[106.94036902600004,-6.312133215999994,0],[106.94036900000003,-6.312132999999976,0],[106.94032600000011,-6.31185799999996,0],[106.94028899900007,-6.31149600099994,0],[106.94029200000006,-6.311289999999948,0],[106.94041099900005,-6.310894999999951,0],[106.9405350000001,-6.310377999999984,0],[106.94055804400004,-6.310168130999939,0],[106.9405630000001,-6.310122999999935,0],[106.94056900000007,-6.309843000999949,0],[106.94057846200005,-6.309805967999994,0],[106.94062700000006,-6.309616001999908,0],[106.94084600000006,-6.309323999999906,0],[106.94091899900006,-6.309029999999916,0],[106.94097467700006,-6.308887467999936,0],[106.94114400000004,-6.308454000999953,0],[106.94117028300008,-6.308370770999906,0],[106.9411920000001,-6.308302000999989,0],[106.941187686,-6.308243759999966,0],[106.94118400100005,-6.308193999999935,0],[106.94113884200004,-6.308135064999943,0],[106.94112500100006,-6.3081169999999585,0],[106.94089600000002,-6.308030999999948,0],[106.94070400000004,-6.307963000000006,0],[106.9407380000001,-6.307935999999904,0],[106.94073760700007,-6.3079281459999645,0],[106.94073700000011,-6.307915999999937,0],[106.940736885,-6.307915970999934,0],[106.94063800100008,-6.307890999999911,0],[106.94048700000012,-6.307853000999964,0],[106.94047800000008,-6.307851000999976,0],[106.94015600000009,-6.307709999999945,0],[106.94008845000009,-6.307680312999976,0],[106.93999900000006,-6.30764099999992,0],[106.93996900000006,-6.307627999999999,0],[106.93987301700012,-6.307560282999903,0],[106.93980599900009,-6.307512999999988,0],[106.93941600000005,-6.307388999999942,0],[106.9389120000001,-6.3072379999999715,0],[106.93825600000008,-6.307010001000025,0],[106.93819400000011,-6.307043000000002,0],[106.93812700000007,-6.307142999999927,0],[106.93804800000002,-6.307327999999957,0],[106.93784551900005,-6.307890844999987,0],[106.93782112000008,-6.307958664999914,0],[106.93782100000007,-6.307958999999942,0],[106.93751200000008,-6.307890999999911,0],[106.9366900000001,-6.307749999999968,0],[106.93662466000002,-6.307747462999936,0],[106.93658701000001,-6.307746000999904,0],[106.93659500000005,-6.307702999999988,0],[106.93667300000003,-6.307398000999976,0],[106.93683300000004,-6.306843998999968,0],[106.93696616700004,-6.306384923999909,0],[106.93698500000008,-6.306319999999955,0],[106.93722999900011,-6.304784999999958,0],[106.93723800000005,-6.30457199999992,0],[106.93724063900001,-6.3044963549999675,0],[106.9372440000001,-6.304400000999989,0],[106.93723901300005,-6.3042563829999185,0],[106.93723900000005,-6.304255999999976,0],[106.9368810000001,-6.304332999999952,0],[106.93682700000006,-6.304336000000022,0],[106.9366910000001,-6.304343999999974,0],[106.93661359200009,-6.3043267979999715,0],[106.93655600000002,-6.304313999999978,0],[106.93638100000003,-6.3042469999999415,0],[106.93625399900009,-6.304183999999969,0],[106.93607100000004,-6.304062001,0],[106.93603815500008,-6.3040321759999305,0],[106.93589700000004,-6.3039039999998945,0],[106.93580614500007,-6.3037547919999835,0],[106.93577400000007,-6.3037019999999675,0],[106.93571600000007,-6.303548000000015,0],[106.93571364400005,-6.303541558999926,0],[106.93567100000007,-6.303424999999963,0],[106.93568048500006,-6.303307564999928,0],[106.93569200000003,-6.303164999999945,0],[106.93573914500003,-6.302972625999926,0],[106.93577900100004,-6.302809999999971,0],[106.935843,-6.302679830999947,0],[106.93601500000003,-6.302329999999957,0],[106.93607141300008,-6.302209708999952,0],[106.93608300000005,-6.30218499999995,0],[106.93621100100007,-6.302004999999978,0],[106.93624892100011,-6.301946411999927,0],[106.93642200000004,-6.301679000000005,0],[106.9365730000001,-6.301460000000004,0],[106.93662857599999,-6.301396072999955,0],[106.93676599900009,-6.301237999999932,0],[106.93690995800009,-6.30094408499995,0],[106.9369100010001,-6.300943999999943,0],[106.93707600000006,-6.300716000999996,0],[106.93714999900006,-6.300509000000011,0],[106.93722000000008,-6.300321999999904,0],[106.93724200000013,-6.300119999999977,0],[106.93723904600006,-6.300051561999998,0],[106.93723600000007,-6.299980999999933,0],[106.93722899700002,-6.299894000999929,0],[106.93722899900011,-6.29982399999991,0],[106.93722831800005,-6.299809357999942,0],[106.93722700800004,-6.299781188999921,0],[106.93722699900003,-6.299780998999994,0],[106.93722388800005,-6.29968492899995,0],[106.93721900000008,-6.2995339999998965,0],[106.93722210700007,-6.299353804999997,0],[106.93722400100005,-6.299243999999971,0],[106.93723300000009,-6.299012999999954,0],[106.93730998200006,-6.29874207699992,0],[106.93731000300006,-6.298742000999914,0],[106.93742500000008,-6.298425999999969,0],[106.93744225000007,-6.298372150999954,0],[106.93749900100006,-6.298195000999952,0],[106.93755600100008,-6.297991999999942,0],[106.937701051,-6.297543307999943,0],[106.93770600200006,-6.29752800099992,0],[106.93770500000007,-6.297090000000006,0],[106.93770086700007,-6.297041991999942,0],[106.93769200000006,-6.296938999999947,0],[106.9376690000001,-6.296716999999964,0],[106.93764600000006,-6.296446999999917,0],[106.93763845800007,-6.296309621000008,0],[106.93763200100005,-6.296191999999957,0],[106.93756686600008,-6.295383252999921,0],[106.93753600000011,-6.294999999999918,0],[106.9375370000001,-6.294885998999989,0],[106.93751088700007,-6.294344397999941,0],[106.9375100180001,-6.294326303999954,0],[106.93751000300009,-6.294325999999929,0],[106.93750799900002,-6.29428999999997,0],[106.93774800000007,-6.294092000000019,0],[106.93806900000007,-6.293741999999925,0]]},"properties":{}},{"type":"Feature","geometry":{"bbox":[107.01984700000008,-6.304207000000007,107.02628900100011,-6.301873999999975],"type":"LineString","coordinates":[[107.02628900100011,-6.304207000000007,0],[107.02628878000009,-6.304206973000005,0],[107.02622400000006,-6.304198999999967,0],[107.02621000100005,-6.30419699999989,0],[107.02615762300007,-6.304192790999897,0],[107.02609818400003,-6.304188014999946,0],[107.02609799900003,-6.304187999999945,0],[107.02609799900003,-6.304185663999929,0],[107.02609800000002,-6.304182999999975,0],[107.02606800000002,-6.304070998999945,0],[107.02504600000012,-6.3038589999999015,0],[107.02482500000012,-6.3038019999999815,0],[107.02481379400008,-6.303796877000002,0],[107.02478999900006,-6.30378599999999,0],[107.02478353300006,-6.303774143999897,0],[107.02477800000005,-6.303763999999946,0],[107.02341700000007,-6.303156999999905,0],[107.0230116650001,-6.303059185999894,0],[107.0228700000001,-6.3030249999999075,0],[107.0228226900001,-6.303013305000006,0],[107.02278100000011,-6.303002999999952,0],[107.02253456000005,-6.302943351999902,0],[107.02246700100007,-6.30292699999997,0],[107.02194600000003,-6.302697999999941,0],[107.02190200100003,-6.302673000000004,0],[107.0219016990001,-6.302672697999979,0],[107.02190100000004,-6.302671998999921,0],[107.0217010000001,-6.302588999999982,0],[107.02143300000004,-6.3024910009999555,0],[107.02142152300007,-6.302485122999913,0],[107.02139200000002,-6.302470000999994,0],[107.02134398600005,-6.302436161999948,0],[107.02128700000013,-6.302395999999911,0],[107.02122895900004,-6.302354630999952,0],[107.02119300000008,-6.302329000999963,0],[107.02117212900004,-6.30231346800001,0],[107.02115000000008,-6.30229699999998,0],[107.02091353000004,-6.302225683999941,0],[107.02051999999999,-6.30210699999998,0],[107.02048200000004,-6.30209399999997,0],[107.02036299900006,-6.3020440000000075,0],[107.01984700000008,-6.301873999999975,0]]},"properties":{}},{"type":"Feature","geometry":{"bbox":[106.9565360000001,-6.256483000999969,106.98388200000008,-6.22937999999993],"type":"LineString","coordinates":[[106.98388200000008,-6.22937999999993,0],[106.98371400000003,-6.2297030000000095,0],[106.98352400000005,-6.23003099999997,0],[106.98328600000006,-6.230468999999973,0],[106.98322600000007,-6.230579000000015,0],[106.98321262200004,-6.230603594999918,0],[106.98309600000006,-6.230817999999983,0],[106.98255600000006,-6.231692999999995,0],[106.98240800000008,-6.231993999999942,0],[106.98231649300006,-6.232157627999891,0],[106.98229000000008,-6.232204999999992,0],[106.98221999900007,-6.232330999999936,0],[106.98218989700005,-6.232398731999945,0],[106.98208800000006,-6.2326279999999965,0],[106.98192900000005,-6.232890999999908,0],[106.9817889990001,-6.2331629999999425,0],[106.98171000100005,-6.233309999999937,0],[106.98166900000004,-6.2333859999999195,0],[106.98165300300005,-6.233470000999942,0],[106.98149577300009,-6.233432788999972,0],[106.98135300000008,-6.233398999000018,0],[106.98118500000004,-6.233372000000005,0],[106.980997712,-6.23334211099993,0],[106.98050199900011,-6.2332629999999565,0],[106.9795970000001,-6.2331189999999435,0],[106.97954245800013,-6.233103326999979,0],[106.97951042500004,-6.233094121999928,0],[106.9795100000001,-6.233093999999918,0],[106.97948300000009,-6.233236000999943,0],[106.97936999900006,-6.2339629999999655,0],[106.9793221090001,-6.2342302409999615,0],[106.97928900000002,-6.234414999999972,0],[106.97926200000009,-6.234608999999947,0],[106.97931000100007,-6.234806999999899,0],[106.97933799900008,-6.234890999999921,0],[106.97940400000003,-6.235086999999973,0],[106.97951400000008,-6.235368999999947,0],[106.97955794000006,-6.2354868429999275,0],[106.97955800000007,-6.2354869999999405,0],[106.97955468300006,-6.235555865999954,0],[106.979541,-6.235839999999927,0],[106.97948328200002,-6.236088190999945,0],[106.97946100000004,-6.236184000999968,0],[106.97944900700011,-6.236261800999921,0],[106.9794220000001,-6.23643699999994,0],[106.97942700000007,-6.236579999999959,0],[106.97944400000006,-6.236723999999972,0],[106.97945166200007,-6.236783904999955,0],[106.97945500000007,-6.236809998999982,0],[106.9794370000001,-6.23698099999992,0],[106.97926200000009,-6.23792599999995,0],[106.97924382900001,-6.23802226000001,0],[106.97922500000006,-6.238122000000002,0],[106.97919828700006,-6.23829562799998,0],[106.97918099900005,-6.238408000999952,0],[106.97918620000004,-6.2384332039999055,0],[106.97919400000006,-6.238470999999924,0],[106.9792760000001,-6.23850399999999,0],[106.97939000000012,-6.23850899999996,0],[106.97948100000009,-6.238580999999966,0],[106.97942000400012,-6.238680001999986,0],[106.97941999100003,-6.2386800399999895,0],[106.97939144700005,-6.238794752999977,0],[106.97936700000008,-6.238893000999935,0],[106.97936503700001,-6.238929902999969,0],[106.97936200000002,-6.238986999999986,0],[106.9793607860001,-6.23900398699997,0],[106.97935900000004,-6.239028999999997,0],[106.97933340600005,-6.2392242729999,0],[106.9793050000001,-6.239441000999891,0],[106.97926600000007,-6.239736999999957,0],[106.97919400100007,-6.240168999999996,0],[106.979168584,-6.2402960779999415,0],[106.97915900000001,-6.24034399999991,0],[106.97917245500005,-6.240397822000011,0],[106.97919499900006,-6.240488000000012,0],[106.97920094200002,-6.240513752999922,0],[106.97920700000007,-6.240539999999962,0],[106.97923400000009,-6.240704999999936,0],[106.9791020000001,-6.240858999999977,0],[106.97881623800008,-6.241191721999973,0],[106.97881600000005,-6.241191999999996,0],[106.97876785800007,-6.2412381349999055,0],[106.978575999,-6.241421999999931,0],[106.97844528800002,-6.241563040999965,0],[106.97824700000005,-6.241776999999994,0],[106.97820924200003,-6.2418265919999225,0],[106.97811300000006,-6.24195299999999,0],[106.9780661790001,-6.242031825999939,0],[106.97803400000001,-6.242085999999981,0],[106.97795746400007,-6.242143401999934,0],[106.97788600100002,-6.242197000000017,0],[106.97771700000007,-6.242273649999964,0],[106.97770300000006,-6.2422799999999565,0],[106.97770266500004,-6.242280117999966,0],[106.97749704600008,-6.242352982999956,0],[106.97749700000007,-6.242352998999957,0],[106.97687600000003,-6.243052998999966,0],[106.9768758750001,-6.243053268999988,0],[106.97671100000005,-6.243409999999928,0],[106.97671099900006,-6.243490839999955,0],[106.97671100000005,-6.244118999999971,0],[106.97671404400005,-6.244195095999961,0],[106.97672099900008,-6.244369000999962,0],[106.976749,-6.244501999999953,0],[106.97676763100013,-6.244525001999902,0],[106.97683000000005,-6.244601999999967,0],[106.97685008400002,-6.244601260999994,0],[106.97699300000004,-6.244595999999914,0],[106.97700755700008,-6.244604343999983,0],[106.97707500000007,-6.244642999999984,0],[106.9771860000001,-6.24472000099996,0],[106.97721303900003,-6.244738166999953,0],[106.97725000000007,-6.244762999999965,0],[106.97726400000008,-6.244870999999931,0],[106.97725545200008,-6.244893356000004,0],[106.97725100000007,-6.24490499999999,0],[106.97723810400007,-6.244941340999977,0],[106.97722900000011,-6.244966999999969,0],[106.97714799900007,-6.24519099999994,0],[106.97688900100005,-6.245619000000003,0],[106.97649300000005,-6.246145999999998,0],[106.97631700000005,-6.246451000000009,0],[106.97629129300006,-6.246495334999947,0],[106.97624800100003,-6.246569999999997,0],[106.97622827,-6.246589113999979,0],[106.97621600000005,-6.246600999999986,0],[106.97616100000002,-6.246684999999919,0],[106.97603900000006,-6.247191999999947,0],[106.97602405300006,-6.2473436069999675,0],[106.97601100000004,-6.247476000999908,0],[106.97600700000007,-6.247591999999914,0],[106.9760180000001,-6.247802999999964,0],[106.97602200000007,-6.247909999999935,0],[106.97604081300003,-6.248118662999969,0],[106.97605499900004,-6.24827600000002,0],[106.97608200000006,-6.248607999999956,0],[106.9760858110001,-6.248689544999953,0],[106.97608700000004,-6.248714999999928,0],[106.97592100000006,-6.24873399999999,0],[106.97559529200002,-6.24877096499994,0],[106.97545400000006,-6.248786999999934,0],[106.97481100000006,-6.2489299999999535,0],[106.97412200000007,-6.249099999999986,0],[106.97352800000004,-6.24929099999998,0],[106.97286500000007,-6.249524000999985,0],[106.97263000000008,-6.249653,0],[106.97256603900011,-6.249682118999923,0],[106.97237300000005,-6.24977,0],[106.97210300000009,-6.24986099999998,0],[106.972084792,-6.2499198559999645,0],[106.97205999900008,-6.249999999999934,0],[106.97200775300011,-6.250029666999991,0],[106.97186100100005,-6.250112998999958,0],[106.971700587,-6.2502071090000175,0],[106.9715610000001,-6.250288999999954,0],[106.97132239400007,-6.250429732999963,0],[106.97118800000005,-6.2505089999999495,0],[106.97102300000007,-6.250603,0],[106.96973799900007,-6.251383999999961,0],[106.9692541100001,-6.251686728999962,0],[106.96892600000002,-6.251891999999982,0],[106.96877800000004,-6.251999999999947,0],[106.9687143080001,-6.252044094999954,0],[106.96860900000009,-6.252116999999947,0],[106.96830835700008,-6.252327211999932,0],[106.96823000000009,-6.252381999999935,0],[106.967046,-6.253122999999961,0],[106.96671958400007,-6.253302390999972,0],[106.9666930000001,-6.253317000000026,0],[106.96649579500004,-6.2534384039999455,0],[106.966373,-6.253513999999983,0],[106.96601200000006,-6.253732999999984,0],[106.96585500000005,-6.25380700099989,0],[106.96581482000009,-6.253828866999923,0],[106.96570800000005,-6.253886999999937,0],[106.96528500000004,-6.254110999999996,0],[106.96496399900003,-6.25426799999993,0],[106.96490069400004,-6.254299150999932,0],[106.964838001,-6.254329999999909,0],[106.96483237400007,-6.254332462000024,0],[106.96480600000011,-6.254343999999913,0],[106.96460900000007,-6.254454999999949,0],[106.96446999900012,-6.2545319979999245,0],[106.964469851,-6.254532071999931,0],[106.9641790000001,-6.254669999999974,0],[106.96370729400006,-6.25486495699994,0],[106.96333700000007,-6.255017999999991,0],[106.96294200000007,-6.255150999999982,0],[106.96261100000004,-6.255271999999957,0],[106.96210000000004,-6.255396999999997,0],[106.96206489800007,-6.255407578999984,0],[106.96202700000003,-6.255418999999952,0],[106.9619354340001,-6.255447341999988,0],[106.96181700100007,-6.255484000000001,0],[106.96167005200007,-6.255538976999931,0],[106.96139200000007,-6.255643000999923,0],[106.96131800000008,-6.2556679999999485,0],[106.961257,-6.255688000000005,0],[106.96109800000009,-6.255740999999949,0],[106.96082000000008,-6.255824998999971,0],[106.95952300700007,-6.25610920199995,0],[106.95906300100002,-6.256210000999941,0],[106.95874100000012,-6.256239999999936,0],[106.95862031800007,-6.256257878999994,0],[106.95860599900004,-6.256259999999903,0],[106.95854000000008,-6.2562679999999435,0],[106.95837788000009,-6.256289465999943,0],[106.95825300000006,-6.256305999999979,0],[106.95809117700009,-6.25632736099997,0],[106.95800299900007,-6.256338999999956,0],[106.95777300000013,-6.256369998999945,0],[106.95772100100001,-6.256374999999915,0],[106.95729833900003,-6.256413848999932,0],[106.95681800000007,-6.2564579999999435,0],[106.95672299400012,-6.25646642199993,0],[106.9565360000001,-6.256483000999969,0]]},"properties":{}},{"type":"Feature","geometry":{"bbox":[106.95955300000006,-6.312358999999935,106.96947200000008,-6.280723001],"type":"LineString","coordinates":[[106.96904800000009,-6.280723001,0],[106.96905800000012,-6.280775999999944,0],[106.96917010700007,-6.2810533629999785,0],[106.96919300000009,-6.281109999999957,0],[106.9694700000001,-6.281770999999937,0],[106.969471045,-6.281774655999884,0],[106.96947200000008,-6.281777999999983,0],[106.9694507030001,-6.281866890999966,0],[106.9694259990001,-6.281969999999971,0],[106.96933636200005,-6.2822031629999895,0],[106.969253,-6.282420000999901,0],[106.96924700000004,-6.282568999999972,0],[106.96921900000002,-6.282805999999953,0],[106.96915400000006,-6.2829199999999705,0],[106.96913433300004,-6.282945486999948,0],[106.96905599900003,-6.283047000999909,0],[106.96874499900007,-6.283295999999995,0],[106.96861200000008,-6.283401999999972,0],[106.96824000000002,-6.283645999999999,0],[106.96817069700006,-6.2837444829999765,0],[106.96810700000012,-6.283834999999916,0],[106.96777699600008,-6.284732997999965,0],[106.96777683900007,-6.284733419,0],[106.96776358500004,-6.284768655999896,0],[106.96773900000005,-6.2848340009999735,0],[106.96764600000009,-6.285053999999969,0],[106.96757899900004,-6.285211999999985,0],[106.96741872200002,-6.285849162999947,0],[106.96737600000003,-6.286018999999966,0],[106.9672330000001,-6.286428999999961,0],[106.96717500000001,-6.286626999999912,0],[106.96713260200006,-6.28688138599991,0],[106.96707000000004,-6.287257000999903,0],[106.96687000000009,-6.288009999999945,0],[106.96686056200011,-6.2880460359999955,0],[106.96685900000007,-6.288051999999956,0],[106.96680903000002,-6.288178012999902,0],[106.96674400000006,-6.28834199999997,0],[106.9666350000001,-6.288607999999952,0],[106.96648427700006,-6.2889771169999396,0],[106.96638999900007,-6.289207999999947,0],[106.96600500000002,-6.290272999999958,0],[106.96577899900007,-6.290897999999979,0],[106.96577110600003,-6.290917168999966,0],[106.96576500000006,-6.29093199999995,0],[106.96568098100003,-6.291148364,0],[106.96561200000009,-6.291325999999954,0],[106.96527700000009,-6.292464999999959,0],[106.96527682600008,-6.292465474999998,0],[106.96507400000009,-6.293016999999979,0],[106.96506843600007,-6.293031836999964,0],[106.96506800000012,-6.293032999999971,0],[106.96500600000005,-6.293210999999955,0],[106.96500611800006,-6.2932226689999435,0],[106.96500700000004,-6.293309999999975,0],[106.96503400000006,-6.293564999999935,0],[106.96503334700009,-6.294067275000016,0],[106.96503300000006,-6.294333999999969,0],[106.96505200000004,-6.294719999999932,0],[106.96505401500012,-6.294742156999989,0],[106.96505500100002,-6.294752999999998,0],[106.96507900000005,-6.295053999999945,0],[106.96504700000007,-6.295393999999922,0],[106.96484400000006,-6.296611999999891,0],[106.96465700000005,-6.297262999999932,0],[106.96459423099999,-6.297435978999944,0],[106.96457099900003,-6.297499999000001,0],[106.96444500000008,-6.297702999999922,0],[106.96443344700002,-6.297721439999938,0],[106.96439299900004,-6.297786000999951,0],[106.96430818300004,-6.297922925,0],[106.96424000000009,-6.298032999999959,0],[106.96411000000008,-6.298275999999904,0],[106.96384200000001,-6.298627000999902,0],[106.96371900000005,-6.298787998999989,0],[106.96359700000009,-6.2988549999999375,0],[106.96327092800001,-6.2990325059999694,0],[106.96325900000001,-6.299038999999974,0],[106.96324161800008,-6.299048049999923,0],[106.96309000000007,-6.299126999999972,0],[106.96296999900008,-6.299207999999924,0],[106.96279926800007,-6.299494865999945,0],[106.96277300100003,-6.299538999999955,0],[106.96273335200004,-6.299593213,0],[106.96262599900004,-6.299739999999888,0],[106.9626256560001,-6.299740309999914,0],[106.96259637400007,-6.2997667839999725,0],[106.96240700000004,-6.299937999999928,0],[106.96240665400009,-6.299938107999937,0],[106.96237960800008,-6.29994648699992,0],[106.9622650000001,-6.299981999999927,0],[106.96226474300008,-6.299982063999932,0],[106.96226307700003,-6.299982505999969,0],[106.9621470000001,-6.300013001000005,0],[106.96210409200002,-6.300588629999938,0],[106.96208200000005,-6.300884999999946,0],[106.96207979700006,-6.3009774929999605,0],[106.96207899900007,-6.3010109999999795,0],[106.96195455000009,-6.301141535999944,0],[106.96171100000001,-6.301396999999943,0],[106.96153745200003,-6.301616390999888,0],[106.96144600000011,-6.30173199999995,0],[106.96132362300001,-6.302008565999918,0],[106.96111900000005,-6.302470999999988,0],[106.9610650000001,-6.302547999999964,0],[106.96084100100005,-6.302641000999932,0],[106.96073740100009,-6.302698776999916,0],[106.96073700000007,-6.302698999999935,0],[106.96072234800009,-6.302718447999945,0],[106.96068200000003,-6.302771999999935,0],[106.96066900000002,-6.303141999999996,0],[106.96067099900002,-6.303350999999969,0],[106.9606268940001,-6.303599021999974,0],[106.96059399900004,-6.303783999999913,0],[106.96052200000013,-6.304295999999999,0],[106.9604550660001,-6.304471014999914,0],[106.96040000000006,-6.3046149999999255,0],[106.96033262800009,-6.304766585999944,0],[106.96028000000008,-6.304884999999972,0],[106.96017885700006,-6.305111052999935,0],[106.96009700000005,-6.305294000999973,0],[106.96009680600011,-6.30529430799991,0],[106.96009393000006,-6.305298930999937,0],[106.95987900000003,-6.305643999999978,0],[106.959797,-6.305780000999951,0],[106.959751999,-6.306101999999948,0],[106.95967600000003,-6.3062379999999205,0],[106.959631738,-6.30631720699999,0],[106.95958100000007,-6.306407999999953,0],[106.95956872300012,-6.306475089999909,0],[106.95955300000006,-6.3065609999999115,0],[106.95956703600007,-6.306687986999938,0],[106.95963800000008,-6.307329999999945,0],[106.95968500000006,-6.307956999999954,0],[106.95971276400005,-6.308094033000012,0],[106.95971599900005,-6.308109998999912,0],[106.95971609400006,-6.308110147000013,0],[106.95973320400005,-6.3081369729999235,0],[106.95983400000004,-6.3082949999999425,0],[106.95993827700005,-6.308457932999923,0],[106.96009,-6.30869499999991,0],[106.96035362300005,-6.309151558999938,0],[106.96040700000012,-6.309243999999948,0],[106.96054000000001,-6.309493999999939,0],[106.96074899900007,-6.309843000999949,0],[106.96087200000004,-6.310048999999941,0],[106.96094802700011,-6.310266423999989,0],[106.9609790010001,-6.310354999999946,0],[106.9610230000001,-6.31056699899999,0],[106.96091000000007,-6.311117999999928,0],[106.96061099900002,-6.311723999999975,0],[106.96057374900005,-6.311786288999977,0],[106.96048900000005,-6.311927999999979,0],[106.96042800000008,-6.312032999999962,0],[106.96039699900008,-6.312088999999977,0],[106.96035596300007,-6.312203903999981,0],[106.96034700000003,-6.312228999999926,0],[106.96035178800007,-6.312267908999948,0],[106.96036300000011,-6.312358999999935,0]]},"properties":{}},{"type":"Feature","geometry":{"bbox":[106.90876040187678,-6.294003999999932,106.93806900000007,-6.284305999999985],"type":"LineString","coordinates":[[106.90876040187678,-6.284357893990512,0],[106.90880034700008,-6.284354859999942,0],[106.90883800000009,-6.284351999999972,0],[106.90900300000006,-6.284339999999956,0],[106.90907600000006,-6.28433299999991,0],[106.90963600000003,-6.284305999999985,0],[106.90980300000008,-6.284306999999979,0],[106.90980344200003,-6.284306997999979,0],[106.90980452000012,-6.284306999999979,0],[106.90981500000001,-6.284307000999979,0],[106.9098150620001,-6.284307051999983,0],[106.91006900000006,-6.28451799999994,0],[106.910401,-6.284779999999946,0],[106.91058600000012,-6.284936000999975,0],[106.91068828200005,-6.285028876999933,0],[106.91076000100013,-6.285093999999992,0],[106.91078480900005,-6.285116423999982,0],[106.91086400000003,-6.285188000999954,0],[106.91115100000006,-6.285453999999936,0],[106.91124591600001,-6.285527593999985,0],[106.91128900100001,-6.285560999999996,0],[106.91143500000003,-6.285601999999924,0],[106.91143535000005,-6.285601937000008,0],[106.91202400000009,-6.285496999999941,0],[106.91255600000005,-6.285271999999976,0],[106.91281450200003,-6.285162359999964,0],[106.91284600100006,-6.285148999999924,0],[106.91285049300008,-6.285147136999948,0],[106.91288700100007,-6.285132000999939,0],[106.9135120010001,-6.284758999999985,0],[106.91373200000001,-6.284618999999948,0],[106.91383093600011,-6.284571338000001,0],[106.91386900000006,-6.284552999999994,0],[106.91400303700004,-6.284489577999986,0],[106.91407400000006,-6.284455999999961,0],[106.91408900000006,-6.284449000999915,0],[106.9141410610001,-6.284435356999941,0],[106.91423400100007,-6.284410999999968,0],[106.91433758700002,-6.284438461999931,0],[106.91466399900011,-6.284524999999986,0],[106.91485132400007,-6.284588380999901,0],[106.9149300000001,-6.284614999999972,0],[106.915326001,-6.2847240009999314,0],[106.91546613900005,-6.284746559999933,0],[106.91553100000009,-6.2847570009999085,0],[106.91554674000005,-6.284759459999934,0],[106.91562700000013,-6.284771999999995,0],[106.91565700000002,-6.2847769999999645,0],[106.91605300000002,-6.284812999999923,0],[106.91639400000008,-6.284860000999993,0],[106.91639700100006,-6.284860000999993,0],[106.91689621200007,-6.284928631999987,0],[106.91700800000008,-6.284943999999927,0],[106.91704609600004,-6.284949968999976,0],[106.91722500000009,-6.284977999999986,0],[106.91725496900008,-6.284989620999971,0],[106.91727400000006,-6.28499700099996,0],[106.91809900000003,-6.2852999999999835,0],[106.918137533,-6.285322429999974,0],[106.918233,-6.2853779999999535,0],[106.91827500800011,-6.285403301000004,0],[106.91832100000009,-6.285430999999987,0],[106.91879152200003,-6.285744680999917,0],[106.91889700000006,-6.285814999999962,0],[106.91906795200008,-6.2859293559999205,0],[106.91933800000004,-6.286109999999946,0],[106.91977900000002,-6.286404999999929,0],[106.91981041500004,-6.286425377999928,0],[106.91981600000007,-6.286428999999961,0],[106.91987809000005,-6.286458287999986,0],[106.92002800000002,-6.286528999999975,0],[106.92019185800008,-6.286605467999907,0],[106.92020785200008,-6.286612930999992,0],[106.92020800000009,-6.2866129999999085,0],[106.92038892200013,-6.28663914099994,0],[106.92073400000008,-6.2866889999999795,0],[106.92085047200004,-6.286695954000022,0],[106.92100200000006,-6.286704999999971,0],[106.92101062000006,-6.286701957999986,0],[106.9211550000001,-6.286650999999944,0],[106.9212063900001,-6.286686123000008,0],[106.92129400000006,-6.2867460009999,0],[106.92144503500003,-6.286862587999954,0],[106.92146500000008,-6.2868779999999855,0],[106.92174200100008,-6.287053999999982,0],[106.92181948800001,-6.287094782999892,0],[106.92189400000005,-6.28713399999994,0],[106.92215716700007,-6.287270291999937,0],[106.92242500100011,-6.287408999999956,0],[106.92245122400006,-6.287420325000005,0],[106.92246900000002,-6.287428000000018,0],[106.92264100000004,-6.287498999999942,0],[106.92310400000007,-6.287689999999936,0],[106.92327079800002,-6.287718963999934,0],[106.92327100000003,-6.287719000000026,0],[106.92328210800007,-6.287727521999932,0],[106.92334400000003,-6.287774999999952,0],[106.92316100000008,-6.28841499999997,0],[106.92316600000005,-6.288447000999954,0],[106.92319100000007,-6.288452999999917,0],[106.92341726400005,-6.2884487990000135,0],[106.92356800000009,-6.28844599999996,0],[106.92364365100005,-6.288451754999903,0],[106.92365963000012,-6.2884529710000034,0],[106.92365999900007,-6.288452998999917,0],[106.92372350400008,-6.2885346479999225,0],[106.92374400000008,-6.288560999999971,0],[106.923744146,-6.288561042999975,0],[106.9239910000001,-6.288633999999972,0],[106.9239910950001,-6.288634229999991,0],[106.9239974660001,-6.28864947999992,0],[106.92402400000007,-6.288712999999936,0],[106.92405500000007,-6.288770999999938,0],[106.92431600100008,-6.288867999999971,0],[106.92444026400005,-6.288904149999942,0],[106.92448100000004,-6.288915999999945,0],[106.92451000000005,-6.288930999999943,0],[106.92492100000004,-6.289238999999936,0],[106.924941,-6.289412999999945,0],[106.9249410350001,-6.2894130219999465,0],[106.92500047700004,-6.289449511999946,0],[106.9250419990001,-6.289474999999923,0],[106.92504210500002,-6.289475049000016,0],[106.92563500000006,-6.289755999999992,0],[106.92580472100006,-6.289878320999987,0],[106.92585700000004,-6.2899159999999075,0],[106.92585694700003,-6.289916110000005,0],[106.92582400000006,-6.289984999999932,0],[106.92581300100004,-6.28999999999993,0],[106.92592885900002,-6.2900643659999265,0],[106.92598400000006,-6.290094999999974,0],[106.92601319900008,-6.290119663999972,0],[106.92608700000005,-6.290181999999978,0],[106.9260800000001,-6.290190999999924,0],[106.92616200100005,-6.290232997999935,0],[106.92616203300005,-6.290233011999936,0],[106.92617275900005,-6.290236741999978,0],[106.92627700000006,-6.290272999999958,0],[106.9265330000001,-6.290482999999925,0],[106.9265770260001,-6.290518384999922,0],[106.92685400000002,-6.290740999999956,0],[106.92718197800006,-6.291100162000008,0],[106.92774800100008,-6.291719999999957,0],[106.92774835800012,-6.291720086999964,0],[106.92826199900007,-6.291845999999991,0],[106.92873300000005,-6.291940999999946,0],[106.92883017900002,-6.291958318999958,0],[106.92903600000008,-6.291995000999973,0],[106.92907100100004,-6.291999998999943,0],[106.92963766000013,-6.292080487999941,0],[106.93012000000006,-6.292148999999926,0],[106.93013469700013,-6.292151844999983,0],[106.93015100000005,-6.292154999999978,0],[106.93026200000008,-6.29217100099997,0],[106.93052572700006,-6.2921953019999375,0],[106.93055500000008,-6.292197999999894,0],[106.93055499800008,-6.292198048999987,0],[106.93054390600005,-6.292397092999936,0],[106.9305370010001,-6.292521000999974,0],[106.93053300000012,-6.292595999999962,0],[106.93051700100004,-6.292798999999972,0],[106.93063509800005,-6.292824306999934,0],[106.93083900000005,-6.292867999999908,0],[106.93121300000008,-6.2929509999999365,0],[106.93121328300002,-6.292950862999925,0],[106.9312754620001,-6.2929204869999875,0],[106.93138700000009,-6.29286599999992,0],[106.93152400000005,-6.2928159999999576,0],[106.93168282200006,-6.29287446699991,0],[106.93170600100011,-6.2928830009999945,0],[106.93179600000009,-6.2928820000000005,0],[106.93179608400001,-6.292881921999905,0],[106.93183721500013,-6.292843409999916,0],[106.93195292300001,-6.292735072000012,0],[106.9319530000001,-6.292734999999917,0],[106.93195100000013,-6.292781999999898,0],[106.93198000100004,-6.29279299999992,0],[106.93203426900008,-6.292802690999922,0],[106.93214800000008,-6.292822999999915,0],[106.9324970000001,-6.292912999999901,0],[106.93276000100009,-6.293070000999924,0],[106.93276000000009,-6.293075999999887,0],[106.93276002600001,-6.293075985999975,0],[106.93276930700006,-6.2930709739999156,0],[106.9328600000001,-6.293021999999949,0],[106.93393000100009,-6.293337999999983,0],[106.93398300000003,-6.293350999999992,0],[106.93414025200008,-6.293390312999959,0],[106.93423100000004,-6.293412999999971,0],[106.93454400000009,-6.293496999999904,0],[106.9345441830001,-6.293497415999939,0],[106.93455138900008,-6.293513845999966,0],[106.9345688290001,-6.29355360899997,0],[106.93456900000011,-6.293554000000002,0],[106.93476573800005,-6.2935989689999925,0],[106.93481400000005,-6.293609999999928,0],[106.93498000100001,-6.293725999999934,0],[106.93513600000004,-6.2938520009999674,0],[106.93538000000007,-6.293948000999917,0],[106.93573900000011,-6.293975999999924,0],[106.93594506400011,-6.293990459999966,0],[106.93613799900008,-6.294003999999932,0],[106.93647900000005,-6.294003000999938,0],[106.93673576900007,-6.293956314999983,0],[106.936809,-6.293942999999947,0],[106.93705310300004,-6.293883272999979,0],[106.93709100000007,-6.2938739999999225,0],[106.93709108900006,-6.293873956999919,0],[106.93710622700007,-6.2938666189999335,0],[106.93735300000007,-6.293746999999984,0],[106.93744436900008,-6.293736628000014,0],[106.93753800100009,-6.293725999999934,0],[106.93765084800002,-6.293725999999934,0],[106.93778100000013,-6.293725999999934,0],[106.93806900000007,-6.293741999999925,0]]},"properties":{}},{"type":"Feature","geometry":{"bbox":[106.89818189132258,-6.397195209198459,106.89818443500012,-6.39719303999995],"type":"LineString","coordinates":[[106.89818443500012,-6.39719303999995,0],[106.89818189132258,-6.397195209198459,0]]},"properties":{}}],"fileName":"ADMINISTRASI_LN_25K"}