{"type":"FeatureCollection","features":[{"type":"Feature","geometry":{"type":"Point","coordinates":[107.00304713400004,-6.278720161999956,0]},"properties":{}},{"type":"Feature","geometry":{"type":"Point","coordinates":[107.00240950700004,-6.25543186799996,0]},"properties":{}},{"type":"Feature","geometry":{"type":"Point","coordinates":[107.00063307600004,-6.255239376999953,0]},"properties":{}},{"type":"Feature","geometry":{"type":"Point","coordinates":[107.00005972000008,-6.255047182999931,0]},"properties":{}},{"type":"Feature","geometry":{"type":"Point","coordinates":[107.00410956200005,-6.2561614859999395,0]},"properties":{}},{"type":"Feature","geometry":{"type":"Point","coordinates":[107.00480018900004,-6.256471570999963,0]},"properties":{}},{"type":"Feature","geometry":{"type":"Point","coordinates":[107.00221665600009,-6.25957103199994,0]},"properties":{}},{"type":"Feature","geometry":{"type":"Point","coordinates":[107.00235077200006,-6.259628742999951,0]},"properties":{}},{"type":"Feature","geometry":{"type":"Point","coordinates":[107.00189349100003,-6.259930189999977,0]},"properties":{}},{"type":"Feature","geometry":{"type":"Point","coordinates":[107.00175677400006,-6.260114872999964,0]},"properties":{}},{"type":"Feature","geometry":{"type":"Point","coordinates":[107.00273317100005,-6.25933183099994,0]},"properties":{}},{"type":"Feature","geometry":{"type":"Point","coordinates":[107.00308752900008,-6.258267822999926,0]},"properties":{}},{"type":"Feature","geometry":{"type":"Point","coordinates":[107.00434515200004,-6.26082003199997,0]},"properties":{}},{"type":"Feature","geometry":{"type":"Point","coordinates":[107.00464949600007,-6.260666983999954,0]},"properties":{}},{"type":"Feature","geometry":{"type":"Point","coordinates":[107.00209372300009,-6.269202127999961,0]},"properties":{}},{"type":"Feature","geometry":{"type":"Point","coordinates":[107.00190693500008,-6.269098510999925,0]},"properties":{}},{"type":"Feature","geometry":{"type":"Point","coordinates":[107.00269485400008,-6.2689024799999515,0]},"properties":{}},{"type":"Feature","geometry":{"type":"Point","coordinates":[107.00328735200009,-6.269157787999973,0]},"properties":{}},{"type":"Feature","geometry":{"type":"Point","coordinates":[107.00138263900004,-6.2663277879999555,0]},"properties":{}},{"type":"Feature","geometry":{"type":"Point","coordinates":[107.00208541400008,-6.266004879999969,0]},"properties":{}},{"type":"Feature","geometry":{"type":"Point","coordinates":[107.00229837100005,-6.266005512999925,0]},"properties":{}},{"type":"Feature","geometry":{"type":"Point","coordinates":[107.00229037000008,-6.266300454999964,0]},"properties":{}},{"type":"Feature","geometry":{"type":"Point","coordinates":[107.00297447800006,-6.2664846249999755,0]},"properties":{}},{"type":"Feature","geometry":{"type":"Point","coordinates":[107.00325641300009,-6.2668037729999355,0]},"properties":{}},{"type":"Feature","geometry":{"type":"Point","coordinates":[107.00166295800005,-6.2671948159999715,0]},"properties":{}},{"type":"Feature","geometry":{"type":"Point","coordinates":[107.00367234200007,-6.267053336999936,0]},"properties":{}},{"type":"Feature","geometry":{"type":"Point","coordinates":[107.00356545600005,-6.267052840999952,0]},"properties":{}},{"type":"Feature","geometry":{"type":"Point","coordinates":[107.00474544000008,-6.269304097999964,0]},"properties":{}},{"type":"Feature","geometry":{"type":"Point","coordinates":[107.00079972600008,-6.321219077999956,0]},"properties":{}},{"type":"Feature","geometry":{"type":"Point","coordinates":[107.00061698500008,-6.32153937399994,0]},"properties":{}},{"type":"Feature","geometry":{"type":"Point","coordinates":[107.00048600000008,-6.321478038999942,0]},"properties":{}},{"type":"Feature","geometry":{"type":"Point","coordinates":[107.00058513100004,-6.321762080999974,0]},"properties":{}},{"type":"Feature","geometry":{"type":"Point","coordinates":[107.00509969400008,-6.316349696999964,0]},"properties":{}},{"type":"Feature","geometry":{"type":"Point","coordinates":[107.00511840300004,-6.316773455999964,0]},"properties":{}},{"type":"Feature","geometry":{"type":"Point","coordinates":[107.00223233700007,-6.320716499999946,0]},"properties":{}},{"type":"Feature","geometry":{"type":"Point","coordinates":[107.00265408700005,-6.32096259399998,0]},"properties":{}},{"type":"Feature","geometry":{"type":"Point","coordinates":[107.00270358300008,-6.320722369999942,0]},"properties":{}},{"type":"Feature","geometry":{"type":"Point","coordinates":[107.00293197000008,-6.320641298999931,0]},"properties":{}},{"type":"Feature","geometry":{"type":"Point","coordinates":[107.00128744100004,-6.311989172999972,0]},"properties":{}},{"type":"Feature","geometry":{"type":"Point","coordinates":[107.00142325600007,-6.312085296999953,0]},"properties":{}},{"type":"Feature","geometry":{"type":"Point","coordinates":[107.00157042900008,-6.311233087999938,0]},"properties":{}},{"type":"Feature","geometry":{"type":"Point","coordinates":[107.00035083400007,-6.310210558999927,0]},"properties":{}},{"type":"Feature","geometry":{"type":"Point","coordinates":[107.00347576700005,-6.305556465999928,0]},"properties":{}},{"type":"Feature","geometry":{"type":"Point","coordinates":[107.00345512100006,-6.305662321999932,0]},"properties":{}},{"type":"Feature","geometry":{"type":"Point","coordinates":[107.00315622600004,-6.3059459049999305,0]},"properties":{}},{"type":"Feature","geometry":{"type":"Point","coordinates":[107.00366355000006,-6.305962216999944,0]},"properties":{}},{"type":"Feature","geometry":{"type":"Point","coordinates":[107.00439899100007,-6.3053816829999505,0]},"properties":{}},{"type":"Feature","geometry":{"type":"Point","coordinates":[107.00463785500006,-6.3049718499999585,0]},"properties":{}},{"type":"Feature","geometry":{"type":"Point","coordinates":[107.00395917900005,-6.30452233099993,0]},"properties":{}},{"type":"Feature","geometry":{"type":"Point","coordinates":[107.00619855900004,-6.301534420999928,0]},"properties":{}},{"type":"Feature","geometry":{"type":"Point","coordinates":[107.00636652500003,-6.301110033999976,0]},"properties":{}},{"type":"Feature","geometry":{"type":"Point","coordinates":[107.00111844400004,-6.303598063999971,0]},"properties":{}},{"type":"Feature","geometry":{"type":"Point","coordinates":[107.00283353600008,-6.298921095999958,0]},"properties":{}},{"type":"Feature","geometry":{"type":"Point","coordinates":[107.00148471700004,-6.308112082999969,0]},"properties":{}},{"type":"Feature","geometry":{"type":"Point","coordinates":[107.00127598000006,-6.308579932999976,0]},"properties":{}},{"type":"Feature","geometry":{"type":"Point","coordinates":[107.00155531700005,-6.307531663999953,0]},"properties":{}},{"type":"Feature","geometry":{"type":"Point","coordinates":[107.00125058400005,-6.307448031999968,0]},"properties":{}},{"type":"Feature","geometry":{"type":"Point","coordinates":[107.00126600700008,-6.307158034999929,0]},"properties":{}},{"type":"Feature","geometry":{"type":"Point","coordinates":[107.00083754700006,-6.30697289699998,0]},"properties":{}},{"type":"Feature","geometry":{"type":"Point","coordinates":[107.00122102200004,-6.306596140999943,0]},"properties":{}},{"type":"Feature","geometry":{"type":"Point","coordinates":[107.00264638100003,-6.315035302999945,0]},"properties":{}},{"type":"Feature","geometry":{"type":"Point","coordinates":[107.00273346400007,-6.3150529589999564,0]},"properties":{}},{"type":"Feature","geometry":{"type":"Point","coordinates":[107.00059419100006,-6.293971711999973,0]},"properties":{}},{"type":"Feature","geometry":{"type":"Point","coordinates":[107.00051651500007,-6.293837572999962,0]},"properties":{}},{"type":"Feature","geometry":{"type":"Point","coordinates":[107.00016398000008,-6.294222976999947,0]},"properties":{}},{"type":"Feature","geometry":{"type":"Point","coordinates":[107.00030262700005,-6.294281300999955,0]},"properties":{}},{"type":"Feature","geometry":{"type":"Point","coordinates":[107.00073880300005,-6.292684921999978,0]},"properties":{}},{"type":"Feature","geometry":{"type":"Point","coordinates":[107.00146601200004,-6.292600044999972,0]},"properties":{}},{"type":"Feature","geometry":{"type":"Point","coordinates":[107.00194593900005,-6.292189742999938,0]},"properties":{}},{"type":"Feature","geometry":{"type":"Point","coordinates":[107.00219670600006,-6.290924244999928,0]},"properties":{}},{"type":"Feature","geometry":{"type":"Point","coordinates":[107.00274092700005,-6.290693064999971,0]},"properties":{}},{"type":"Feature","geometry":{"type":"Point","coordinates":[107.00402626500005,-6.289150658999972,0]},"properties":{}},{"type":"Feature","geometry":{"type":"Point","coordinates":[107.00374461700005,-6.289052109999943,0]},"properties":{}},{"type":"Feature","geometry":{"type":"Point","coordinates":[107.00061687600004,-6.2963337159999355,0]},"properties":{}},{"type":"Feature","geometry":{"type":"Point","coordinates":[107.00093310700004,-6.3623594829999774,0]},"properties":{}},{"type":"Feature","geometry":{"type":"Point","coordinates":[107.00113015500006,-6.362091745999976,0]},"properties":{}},{"type":"Feature","geometry":{"type":"Point","coordinates":[107.00027711800004,-6.362728355999934,0]},"properties":{}},{"type":"Feature","geometry":{"type":"Point","coordinates":[107.00052751300007,-6.362795824999978,0]},"properties":{}},{"type":"Feature","geometry":{"type":"Point","coordinates":[107.00204601200005,-6.361296405999951,0]},"properties":{}},{"type":"Feature","geometry":{"type":"Point","coordinates":[107.00215025700004,-6.361566682999978,0]},"properties":{}},{"type":"Feature","geometry":{"type":"Point","coordinates":[107.00241345800004,-6.36169747699995,0]},"properties":{}},{"type":"Feature","geometry":{"type":"Point","coordinates":[107.00363052800009,-6.358972481999956,0]},"properties":{}},{"type":"Feature","geometry":{"type":"Point","coordinates":[107.00227063300008,-6.3599114839999515,0]},"properties":{}},{"type":"Feature","geometry":{"type":"Point","coordinates":[107.00613528900004,-6.360604205999948,0]},"properties":{}},{"type":"Feature","geometry":{"type":"Point","coordinates":[107.00617578100008,-6.356434904999958,0]},"properties":{}},{"type":"Feature","geometry":{"type":"Point","coordinates":[107.00477687800009,-6.356375598999932,0]},"properties":{}},{"type":"Feature","geometry":{"type":"Point","coordinates":[107.00444116000006,-6.357002701999932,0]},"properties":{}},{"type":"Feature","geometry":{"type":"Point","coordinates":[107.00433299900004,-6.357307704999926,0]},"properties":{}},{"type":"Feature","geometry":{"type":"Point","coordinates":[107.00043685400004,-6.356153730999949,0]},"properties":{}},{"type":"Feature","geometry":{"type":"Point","coordinates":[107.00077940000006,-6.359955139999954,0]},"properties":{}},{"type":"Feature","geometry":{"type":"Point","coordinates":[107.00144090100008,-6.348553599999946,0]},"properties":{}},{"type":"Feature","geometry":{"type":"Point","coordinates":[107.00112180900004,-6.348900281999931,0]},"properties":{}},{"type":"Feature","geometry":{"type":"Point","coordinates":[107.00108080900009,-6.349047352999946,0]},"properties":{}},{"type":"Feature","geometry":{"type":"Point","coordinates":[107.00119149000005,-6.349300790999962,0]},"properties":{}},{"type":"Feature","geometry":{"type":"Point","coordinates":[107.00119082800006,-6.347748851999938,0]},"properties":{}},{"type":"Feature","geometry":{"type":"Point","coordinates":[107.00101129100005,-6.347542511999961,0]},"properties":{}},{"type":"Feature","geometry":{"type":"Point","coordinates":[107.00101174500008,-6.347379233999959,0]},"properties":{}},{"type":"Feature","geometry":{"type":"Point","coordinates":[107.00484947500007,-6.351577203999966,0]},"properties":{}},{"type":"Feature","geometry":{"type":"Point","coordinates":[107.00467006800005,-6.351591820999943,0]},"properties":{}},{"type":"Feature","geometry":{"type":"Point","coordinates":[107.00427346200007,-6.351849572999981,0]},"properties":{}},{"type":"Feature","geometry":{"type":"Point","coordinates":[107.00453557500003,-6.352961384999958,0]},"properties":{}},{"type":"Feature","geometry":{"type":"Point","coordinates":[107.00467402300006,-6.3527769599999715,0]},"properties":{}},{"type":"Feature","geometry":{"type":"Point","coordinates":[107.00443771800008,-6.352753284999949,0]},"properties":{}},{"type":"Feature","geometry":{"type":"Point","coordinates":[107.00494053200003,-6.352969850999955,0]},"properties":{}},{"type":"Feature","geometry":{"type":"Point","coordinates":[107.00497757700003,-6.353342005999934,0]},"properties":{}},{"type":"Feature","geometry":{"type":"Point","coordinates":[107.00211902000007,-6.35505907299995,0]},"properties":{}},{"type":"Feature","geometry":{"type":"Point","coordinates":[107.00339054300008,-6.35613180799993,0]},"properties":{}},{"type":"Feature","geometry":{"type":"Point","coordinates":[107.00415458500004,-6.350646254999958,0]},"properties":{}},{"type":"Feature","geometry":{"type":"Point","coordinates":[107.00434891500004,-6.350448051999933,0]},"properties":{}},{"type":"Feature","geometry":{"type":"Point","coordinates":[107.00563242800007,-6.3504193929999815,0]},"properties":{}},{"type":"Feature","geometry":{"type":"Point","coordinates":[107.00588558600003,-6.34980165099995,0]},"properties":{}},{"type":"Feature","geometry":{"type":"Point","coordinates":[107.00566401700007,-6.349429035999947,0]},"properties":{}},{"type":"Feature","geometry":{"type":"Point","coordinates":[107.00173493700004,-6.352316501999951,0]},"properties":{}},{"type":"Feature","geometry":{"type":"Point","coordinates":[107.00210093300007,-6.352508196999963,0]},"properties":{}},{"type":"Feature","geometry":{"type":"Point","coordinates":[107.00171412900005,-6.354414042999963,0]},"properties":{}},{"type":"Feature","geometry":{"type":"Point","coordinates":[107.00192914600007,-6.354680998999925,0]},"properties":{}},{"type":"Feature","geometry":{"type":"Point","coordinates":[107.00460550500009,-6.348825054999963,0]},"properties":{}},{"type":"Feature","geometry":{"type":"Point","coordinates":[107.00385150600005,-6.344734131999928,0]},"properties":{}},{"type":"Feature","geometry":{"type":"Point","coordinates":[107.00403033000003,-6.3447563139999374,0]},"properties":{}},{"type":"Feature","geometry":{"type":"Point","coordinates":[107.00457208000006,-6.339149844999952,0]},"properties":{}},{"type":"Feature","geometry":{"type":"Point","coordinates":[107.00450784200007,-6.338754559999927,0]},"properties":{}},{"type":"Feature","geometry":{"type":"Point","coordinates":[107.00438332500005,-6.3381468689999565,0]},"properties":{}},{"type":"Feature","geometry":{"type":"Point","coordinates":[107.00423775000007,-6.337608239999952,0]},"properties":{}},{"type":"Feature","geometry":{"type":"Point","coordinates":[107.00215581800006,-6.3414986649999605,0]},"properties":{}},{"type":"Feature","geometry":{"type":"Point","coordinates":[107.00190929900003,-6.341004543999929,0]},"properties":{}},{"type":"Feature","geometry":{"type":"Point","coordinates":[107.00208549200005,-6.340953958999933,0]},"properties":{}},{"type":"Feature","geometry":{"type":"Point","coordinates":[107.00216030000007,-6.340997607999952,0]},"properties":{}},{"type":"Feature","geometry":{"type":"Point","coordinates":[107.00239906800005,-6.340654039999947,0]},"properties":{}},{"type":"Feature","geometry":{"type":"Point","coordinates":[107.00222219600005,-6.340505188999941,0]},"properties":{}},{"type":"Feature","geometry":{"type":"Point","coordinates":[107.00241020800007,-6.340145543999938,0]},"properties":{}},{"type":"Feature","geometry":{"type":"Point","coordinates":[107.00181310900007,-6.340431096999964,0]},"properties":{}},{"type":"Feature","geometry":{"type":"Point","coordinates":[107.00143294900005,-6.339750708999929,0]},"properties":{}},{"type":"Feature","geometry":{"type":"Point","coordinates":[107.00020243300008,-6.340230371999951,0]},"properties":{}},{"type":"Feature","geometry":{"type":"Point","coordinates":[107.00050731600004,-6.340323761999969,0]},"properties":{}},{"type":"Feature","geometry":{"type":"Point","coordinates":[107.00075229700008,-6.339927371999977,0]},"properties":{}},{"type":"Feature","geometry":{"type":"Point","coordinates":[107.00054622100004,-6.339797527999963,0]},"properties":{}},{"type":"Feature","geometry":{"type":"Point","coordinates":[107.00064203000005,-6.339592926999956,0]},"properties":{}},{"type":"Feature","geometry":{"type":"Point","coordinates":[107.00073452600009,-6.3397479809999595,0]},"properties":{}},{"type":"Feature","geometry":{"type":"Point","coordinates":[107.00077589500006,-6.340095077999933,0]},"properties":{}},{"type":"Feature","geometry":{"type":"Point","coordinates":[107.00038359500007,-6.341327856999953,0]},"properties":{}},{"type":"Feature","geometry":{"type":"Point","coordinates":[107.00145048200005,-6.332273187999931,0]},"properties":{}},{"type":"Feature","geometry":{"type":"Point","coordinates":[107.00652252300006,-6.335309108999979,0]},"properties":{}},{"type":"Feature","geometry":{"type":"Point","coordinates":[107.00405120400006,-6.328064887999972,0]},"properties":{}},{"type":"Feature","geometry":{"type":"Point","coordinates":[107.00441472100005,-6.328204701999937,0]},"properties":{}},{"type":"Feature","geometry":{"type":"Point","coordinates":[107.00381576300003,-6.328824768999937,0]},"properties":{}},{"type":"Feature","geometry":{"type":"Point","coordinates":[107.00373961900004,-6.32920766899997,0]},"properties":{}},{"type":"Feature","geometry":{"type":"Point","coordinates":[107.00388218400008,-6.329482680999945,0]},"properties":{}},{"type":"Feature","geometry":{"type":"Point","coordinates":[107.00109098000007,-6.33057228399997,0]},"properties":{}},{"type":"Feature","geometry":{"type":"Point","coordinates":[107.00206660900005,-6.331135740999969,0]},"properties":{}},{"type":"Feature","geometry":{"type":"Point","coordinates":[107.00200990100006,-6.331450668999935,0]},"properties":{}},{"type":"Feature","geometry":{"type":"Point","coordinates":[107.00150476800007,-6.327175962999945,0]},"properties":{}},{"type":"Feature","geometry":{"type":"Point","coordinates":[107.00169593900006,-6.326909697999952,0]},"properties":{}},{"type":"Feature","geometry":{"type":"Point","coordinates":[107.00194476300004,-6.326738048999971,0]},"properties":{}},{"type":"Feature","geometry":{"type":"Point","coordinates":[107.00485038500005,-6.346534170999973,0]},"properties":{}},{"type":"Feature","geometry":{"type":"Point","coordinates":[107.00205739800003,-6.250534357999925,0]},"properties":{}},{"type":"Feature","geometry":{"type":"Point","coordinates":[107.00348317600009,-6.25281552499996,0]},"properties":{}},{"type":"Feature","geometry":{"type":"Point","coordinates":[107.00331724100005,-6.252705588999959,0]},"properties":{}},{"type":"Feature","geometry":{"type":"Point","coordinates":[107.00290684000004,-6.252077098999962,0]},"properties":{}},{"type":"Feature","geometry":{"type":"Point","coordinates":[107.00280596200008,-6.252087699999947,0]},"properties":{}},{"type":"Feature","geometry":{"type":"Point","coordinates":[107.00283539500003,-6.252224917999968,0]},"properties":{}},{"type":"Feature","geometry":{"type":"Point","coordinates":[107.02543411600004,-6.253804142999968,0]},"properties":{}},{"type":"Feature","geometry":{"type":"Point","coordinates":[107.02560717300008,-6.253768759999957,0]},"properties":{}},{"type":"Feature","geometry":{"type":"Point","coordinates":[107.02575001000008,-6.25367463799995,0]},"properties":{}},{"type":"Feature","geometry":{"type":"Point","coordinates":[107.01962694900004,-6.253790153999944,0]},"properties":{}},{"type":"Feature","geometry":{"type":"Point","coordinates":[107.02581442300004,-6.250434842999937,0]},"properties":{}},{"type":"Feature","geometry":{"type":"Point","coordinates":[107.02558168500008,-6.250503453999954,0]},"properties":{}},{"type":"Feature","geometry":{"type":"Point","coordinates":[107.02553683600007,-6.250587614999972,0]},"properties":{}},{"type":"Feature","geometry":{"type":"Point","coordinates":[107.02563117900007,-6.2506872419999695,0]},"properties":{}},{"type":"Feature","geometry":{"type":"Point","coordinates":[107.02557586100005,-6.250985525999965,0]},"properties":{}},{"type":"Feature","geometry":{"type":"Point","coordinates":[107.02513831700008,-6.251220641999964,0]},"properties":{}},{"type":"Feature","geometry":{"type":"Point","coordinates":[107.02270090200005,-6.251487054999927,0]},"properties":{}},{"type":"Feature","geometry":{"type":"Point","coordinates":[107.01120315300005,-6.2525768319999315,0]},"properties":{}},{"type":"Feature","geometry":{"type":"Point","coordinates":[107.01005550200006,-6.252915007999945,0]},"properties":{}},{"type":"Feature","geometry":{"type":"Point","coordinates":[107.00904775400005,-6.254140811999946,0]},"properties":{}},{"type":"Feature","geometry":{"type":"Point","coordinates":[107.00838761300008,-6.254313483999965,0]},"properties":{}},{"type":"Feature","geometry":{"type":"Point","coordinates":[107.00836680000003,-6.254186539999978,0]},"properties":{}},{"type":"Feature","geometry":{"type":"Point","coordinates":[107.00565317500008,-6.250999992999937,0]},"properties":{}},{"type":"Feature","geometry":{"type":"Point","coordinates":[107.00562338300006,-6.251385244999938,0]},"properties":{}},{"type":"Feature","geometry":{"type":"Point","coordinates":[107.00491347400003,-6.252580885999976,0]},"properties":{}},{"type":"Feature","geometry":{"type":"Point","coordinates":[107.00986618400009,-6.266867348999938,0]},"properties":{}},{"type":"Feature","geometry":{"type":"Point","coordinates":[107.01003547500005,-6.266696009999976,0]},"properties":{}},{"type":"Feature","geometry":{"type":"Point","coordinates":[107.01005466400005,-6.266445416999943,0]},"properties":{}},{"type":"Feature","geometry":{"type":"Point","coordinates":[107.01001405900007,-6.26624667599998,0]},"properties":{}},{"type":"Feature","geometry":{"type":"Point","coordinates":[107.01029179500006,-6.266058647999955,0]},"properties":{}},{"type":"Feature","geometry":{"type":"Point","coordinates":[107.00758811800006,-6.268499437999935,0]},"properties":{}},{"type":"Feature","geometry":{"type":"Point","coordinates":[107.00758782400004,-6.26750115599998,0]},"properties":{}},{"type":"Feature","geometry":{"type":"Point","coordinates":[107.00770381500007,-6.267354793999971,0]},"properties":{}},{"type":"Feature","geometry":{"type":"Point","coordinates":[107.00825231200008,-6.266618491999964,0]},"properties":{}},{"type":"Feature","geometry":{"type":"Point","coordinates":[107.00801378300008,-6.266663976999951,0]},"properties":{}},{"type":"Feature","geometry":{"type":"Point","coordinates":[107.00814006500008,-6.266775146999976,0]},"properties":{}},{"type":"Feature","geometry":{"type":"Point","coordinates":[107.00829776100005,-6.266477643999963,0]},"properties":{}},{"type":"Feature","geometry":{"type":"Point","coordinates":[107.00920427500006,-6.2666999189999615,0]},"properties":{}},{"type":"Feature","geometry":{"type":"Point","coordinates":[107.00802234600008,-6.267107664999969,0]},"properties":{}},{"type":"Feature","geometry":{"type":"Point","coordinates":[107.00716865300006,-6.263874787999953,0]},"properties":{}},{"type":"Feature","geometry":{"type":"Point","coordinates":[107.00648922600004,-6.2640633559999515,0]},"properties":{}},{"type":"Feature","geometry":{"type":"Point","coordinates":[107.00621740900004,-6.263719941999966,0]},"properties":{}},{"type":"Feature","geometry":{"type":"Point","coordinates":[107.00520149000005,-6.2635693189999415,0]},"properties":{}},{"type":"Feature","geometry":{"type":"Point","coordinates":[107.00655189200006,-6.259606191999978,0]},"properties":{}},{"type":"Feature","geometry":{"type":"Point","coordinates":[107.00652562600004,-6.259731235999936,0]},"properties":{}},{"type":"Feature","geometry":{"type":"Point","coordinates":[107.00685360200004,-6.259710453999958,0]},"properties":{}},{"type":"Feature","geometry":{"type":"Point","coordinates":[107.00612222600006,-6.259898494999959,0]},"properties":{}},{"type":"Feature","geometry":{"type":"Point","coordinates":[107.00622585000008,-6.25982595399995,0]},"properties":{}},{"type":"Feature","geometry":{"type":"Point","coordinates":[107.00608574000006,-6.260257372999945,0]},"properties":{}},{"type":"Feature","geometry":{"type":"Point","coordinates":[107.00919976000006,-6.265142121999929,0]},"properties":{}},{"type":"Feature","geometry":{"type":"Point","coordinates":[107.00925695900008,-6.2649553919999335,0]},"properties":{}},{"type":"Feature","geometry":{"type":"Point","coordinates":[107.00927283800007,-6.264855158999978,0]},"properties":{}},{"type":"Feature","geometry":{"type":"Point","coordinates":[107.00934788900008,-6.264540343999954,0]},"properties":{}},{"type":"Feature","geometry":{"type":"Point","coordinates":[107.00947994200004,-6.264365260999966,0]},"properties":{}},{"type":"Feature","geometry":{"type":"Point","coordinates":[107.01309633000005,-6.262523896999937,0]},"properties":{}},{"type":"Feature","geometry":{"type":"Point","coordinates":[107.01325344700007,-6.262005440999928,0]},"properties":{}},{"type":"Feature","geometry":{"type":"Point","coordinates":[107.01335974500006,-6.262041556999975,0]},"properties":{}},{"type":"Feature","geometry":{"type":"Point","coordinates":[107.01633058000004,-6.263265836999949,0]},"properties":{}},{"type":"Feature","geometry":{"type":"Point","coordinates":[107.01589667500008,-6.26322880999993,0]},"properties":{}},{"type":"Feature","geometry":{"type":"Point","coordinates":[107.01585077300007,-6.2661696639999604,0]},"properties":{}},{"type":"Feature","geometry":{"type":"Point","coordinates":[107.01453337400005,-6.267130061999978,0]},"properties":{}},{"type":"Feature","geometry":{"type":"Point","coordinates":[107.01465830700005,-6.272537568999951,0]},"properties":{}},{"type":"Feature","geometry":{"type":"Point","coordinates":[107.01489571700006,-6.272035708999965,0]},"properties":{}},{"type":"Feature","geometry":{"type":"Point","coordinates":[107.01531792100008,-6.271917549999955,0]},"properties":{}},{"type":"Feature","geometry":{"type":"Point","coordinates":[107.01534020100007,-6.271672821999971,0]},"properties":{}},{"type":"Feature","geometry":{"type":"Point","coordinates":[107.01512065900005,-6.271769226999936,0]},"properties":{}},{"type":"Feature","geometry":{"type":"Point","coordinates":[107.01526289400005,-6.271634333999941,0]},"properties":{}},{"type":"Feature","geometry":{"type":"Point","coordinates":[107.01687912100004,-6.271858201999976,0]},"properties":{}},{"type":"Feature","geometry":{"type":"Point","coordinates":[107.01681218400006,-6.272119916999941,0]},"properties":{}},{"type":"Feature","geometry":{"type":"Point","coordinates":[107.01660696900007,-6.272041419999937,0]},"properties":{}},{"type":"Feature","geometry":{"type":"Point","coordinates":[107.01571351900009,-6.271082833999969,0]},"properties":{}},{"type":"Feature","geometry":{"type":"Point","coordinates":[107.01592081200005,-6.272007716999951,0]},"properties":{}},{"type":"Feature","geometry":{"type":"Point","coordinates":[107.01447360600008,-6.2761057529999675,0]},"properties":{}},{"type":"Feature","geometry":{"type":"Point","coordinates":[107.01456284300008,-6.275510167999926,0]},"properties":{}},{"type":"Feature","geometry":{"type":"Point","coordinates":[107.01622856700004,-6.276337310999963,0]},"properties":{}},{"type":"Feature","geometry":{"type":"Point","coordinates":[107.01203326300003,-6.276067581999939,0]},"properties":{}},{"type":"Feature","geometry":{"type":"Point","coordinates":[107.01250170900005,-6.275990743999955,0]},"properties":{}},{"type":"Feature","geometry":{"type":"Point","coordinates":[107.01266781900006,-6.275955569999951,0]},"properties":{}},{"type":"Feature","geometry":{"type":"Point","coordinates":[107.01271863700003,-6.276248565999936,0]},"properties":{}},{"type":"Feature","geometry":{"type":"Point","coordinates":[107.01496582000004,-6.27950859799995,0]},"properties":{}},{"type":"Feature","geometry":{"type":"Point","coordinates":[107.01459144900008,-6.279449918999944,0]},"properties":{}},{"type":"Feature","geometry":{"type":"Point","coordinates":[107.01450013700008,-6.279646453999931,0]},"properties":{}},{"type":"Feature","geometry":{"type":"Point","coordinates":[107.01464933000005,-6.279699490999974,0]},"properties":{}},{"type":"Feature","geometry":{"type":"Point","coordinates":[107.01491735500008,-6.279687157999945,0]},"properties":{}},{"type":"Feature","geometry":{"type":"Point","coordinates":[107.01447217200007,-6.280550815999959,0]},"properties":{}},{"type":"Feature","geometry":{"type":"Point","coordinates":[107.01455524000005,-6.2803955379999366,0]},"properties":{}},{"type":"Feature","geometry":{"type":"Point","coordinates":[107.01891522400007,-6.293553391999978,0]},"properties":{}},{"type":"Feature","geometry":{"type":"Point","coordinates":[107.02637646700003,-6.298084327999959,0]},"properties":{}},{"type":"Feature","geometry":{"type":"Point","coordinates":[107.03328605400009,-6.306425990999969,0]},"properties":{}},{"type":"Feature","geometry":{"type":"Point","coordinates":[107.03240694200008,-6.304998740999963,0]},"properties":{}},{"type":"Feature","geometry":{"type":"Point","coordinates":[107.03315059700009,-6.305309278999971,0]},"properties":{}},{"type":"Feature","geometry":{"type":"Point","coordinates":[107.03301301100004,-6.305477699999926,0]},"properties":{}},{"type":"Feature","geometry":{"type":"Point","coordinates":[107.03291118000004,-6.305663068999934,0]},"properties":{}},{"type":"Feature","geometry":{"type":"Point","coordinates":[107.03155973300005,-6.297022961999971,0]},"properties":{}},{"type":"Feature","geometry":{"type":"Point","coordinates":[107.03212833200007,-6.2993698659999495,0]},"properties":{}},{"type":"Feature","geometry":{"type":"Point","coordinates":[107.03240207400006,-6.299431812999956,0]},"properties":{}},{"type":"Feature","geometry":{"type":"Point","coordinates":[107.03258978800005,-6.2994909299999335,0]},"properties":{}},{"type":"Feature","geometry":{"type":"Point","coordinates":[107.02937100000008,-6.301508676999958,0]},"properties":{}},{"type":"Feature","geometry":{"type":"Point","coordinates":[107.02982205400008,-6.302346616999955,0]},"properties":{}},{"type":"Feature","geometry":{"type":"Point","coordinates":[107.03047461400007,-6.301770989999966,0]},"properties":{}},{"type":"Feature","geometry":{"type":"Point","coordinates":[107.03079933000004,-6.301928840999949,0]},"properties":{}},{"type":"Feature","geometry":{"type":"Point","coordinates":[107.03142548400007,-6.302021418999971,0]},"properties":{}},{"type":"Feature","geometry":{"type":"Point","coordinates":[107.03191236600009,-6.302336756999978,0]},"properties":{}},{"type":"Feature","geometry":{"type":"Point","coordinates":[107.03221238800006,-6.302301956999941,0]},"properties":{}},{"type":"Feature","geometry":{"type":"Point","coordinates":[107.03238272100003,-6.302305812999975,0]},"properties":{}},{"type":"Feature","geometry":{"type":"Point","coordinates":[107.03255408900009,-6.302343477999955,0]},"properties":{}},{"type":"Feature","geometry":{"type":"Point","coordinates":[107.03205315000008,-6.302687798999955,0]},"properties":{}},{"type":"Feature","geometry":{"type":"Point","coordinates":[107.03245516000004,-6.303018564999945,0]},"properties":{}},{"type":"Feature","geometry":{"type":"Point","coordinates":[107.03212015100007,-6.303141196999945,0]},"properties":{}},{"type":"Feature","geometry":{"type":"Point","coordinates":[107.03240879800006,-6.303433800999926,0]},"properties":{}},{"type":"Feature","geometry":{"type":"Point","coordinates":[107.03118628100003,-6.302987618999964,0]},"properties":{}},{"type":"Feature","geometry":{"type":"Point","coordinates":[107.03006348000008,-6.30283405199998,0]},"properties":{}},{"type":"Feature","geometry":{"type":"Point","coordinates":[107.02929822200008,-6.302287992999936,0]},"properties":{}},{"type":"Feature","geometry":{"type":"Point","coordinates":[107.03207081500005,-6.296220785999935,0]},"properties":{}},{"type":"Feature","geometry":{"type":"Point","coordinates":[107.03114706200006,-6.295412260999967,0]},"properties":{}},{"type":"Feature","geometry":{"type":"Point","coordinates":[107.03142618400005,-6.295975400999964,0]},"properties":{}},{"type":"Feature","geometry":{"type":"Point","coordinates":[107.02132726300005,-6.286482736999972,0]},"properties":{}},{"type":"Feature","geometry":{"type":"Point","coordinates":[107.02201080800006,-6.2868647749999695,0]},"properties":{}},{"type":"Feature","geometry":{"type":"Point","coordinates":[107.02196723300005,-6.286951642999952,0]},"properties":{}},{"type":"Feature","geometry":{"type":"Point","coordinates":[107.02067600600009,-6.293639880999933,0]},"properties":{}},{"type":"Feature","geometry":{"type":"Point","coordinates":[107.02157660000006,-6.290775829999973,0]},"properties":{}},{"type":"Feature","geometry":{"type":"Point","coordinates":[107.01974292400007,-6.291511060999937,0]},"properties":{}},{"type":"Feature","geometry":{"type":"Point","coordinates":[107.01994029600007,-6.291357780999931,0]},"properties":{}},{"type":"Feature","geometry":{"type":"Point","coordinates":[107.02041307100006,-6.291533782999977,0]},"properties":{}},{"type":"Feature","geometry":{"type":"Point","coordinates":[107.02128266700004,-6.291917540999975,0]},"properties":{}},{"type":"Feature","geometry":{"type":"Point","coordinates":[107.02052261700004,-6.296171959999981,0]},"properties":{}},{"type":"Feature","geometry":{"type":"Point","coordinates":[107.02074519700005,-6.296205090999933,0]},"properties":{}},{"type":"Feature","geometry":{"type":"Point","coordinates":[107.02061776600004,-6.296313710999925,0]},"properties":{}},{"type":"Feature","geometry":{"type":"Point","coordinates":[107.02050337100007,-6.298905126999955,0]},"properties":{}},{"type":"Feature","geometry":{"type":"Point","coordinates":[107.02028171700005,-6.299275206999937,0]},"properties":{}},{"type":"Feature","geometry":{"type":"Point","coordinates":[107.01984546700004,-6.29957415399997,0]},"properties":{}},{"type":"Feature","geometry":{"type":"Point","coordinates":[107.02479598800005,-6.304489630999967,0]},"properties":{}},{"type":"Feature","geometry":{"type":"Point","coordinates":[107.02477671000008,-6.304551272999959,0]},"properties":{}},{"type":"Feature","geometry":{"type":"Point","coordinates":[107.02476373300004,-6.304699680999931,0]},"properties":{}},{"type":"Feature","geometry":{"type":"Point","coordinates":[107.02302335000007,-6.304430245999981,0]},"properties":{}},{"type":"Feature","geometry":{"type":"Point","coordinates":[107.02306659100009,-6.302788561999932,0]},"properties":{}},{"type":"Feature","geometry":{"type":"Point","coordinates":[107.02301804600006,-6.302898865999964,0]},"properties":{}},{"type":"Feature","geometry":{"type":"Point","coordinates":[107.02377584100009,-6.302965718999928,0]},"properties":{}},{"type":"Feature","geometry":{"type":"Point","coordinates":[107.02353305000008,-6.303453139999931,0]},"properties":{}},{"type":"Feature","geometry":{"type":"Point","coordinates":[107.02368526300006,-6.303444140999943,0]},"properties":{}},{"type":"Feature","geometry":{"type":"Point","coordinates":[107.02349256300005,-6.303334502999974,0]},"properties":{}},{"type":"Feature","geometry":{"type":"Point","coordinates":[107.02737255000005,-6.311461893999933,0]},"properties":{}},{"type":"Feature","geometry":{"type":"Point","coordinates":[107.02748121400003,-6.311383449999937,0]},"properties":{}},{"type":"Feature","geometry":{"type":"Point","coordinates":[107.02755496100008,-6.31127160099993,0]},"properties":{}},{"type":"Feature","geometry":{"type":"Point","coordinates":[107.02750920600005,-6.309705847999965,0]},"properties":{}},{"type":"Feature","geometry":{"type":"Point","coordinates":[107.02746338400004,-6.30995853099995,0]},"properties":{}},{"type":"Feature","geometry":{"type":"Point","coordinates":[107.02780411100008,-6.310259162999955,0]},"properties":{}},{"type":"Feature","geometry":{"type":"Point","coordinates":[107.02779352000005,-6.3105561889999535,0]},"properties":{}},{"type":"Feature","geometry":{"type":"Point","coordinates":[107.02809201700006,-6.30936147999995,0]},"properties":{}},{"type":"Feature","geometry":{"type":"Point","coordinates":[107.02805169500004,-6.308681599999943,0]},"properties":{}},{"type":"Feature","geometry":{"type":"Point","coordinates":[107.02841681700005,-6.309005550999927,0]},"properties":{}},{"type":"Feature","geometry":{"type":"Point","coordinates":[107.02815029500005,-6.309872049999967,0]},"properties":{}},{"type":"Feature","geometry":{"type":"Point","coordinates":[107.02716404800009,-6.318833187999928,0]},"properties":{}},{"type":"Feature","geometry":{"type":"Point","coordinates":[107.02523990500003,-6.313586792999956,0]},"properties":{}},{"type":"Feature","geometry":{"type":"Point","coordinates":[107.02522495300008,-6.313784841999961,0]},"properties":{}},{"type":"Feature","geometry":{"type":"Point","coordinates":[107.02510888900008,-6.313587212999948,0]},"properties":{}},{"type":"Feature","geometry":{"type":"Point","coordinates":[107.02536721400008,-6.3148876109999605,0]},"properties":{}},{"type":"Feature","geometry":{"type":"Point","coordinates":[107.02523573800005,-6.314978800999938,0]},"properties":{}},{"type":"Feature","geometry":{"type":"Point","coordinates":[107.02537590000009,-6.315030057999934,0]},"properties":{}},{"type":"Feature","geometry":{"type":"Point","coordinates":[107.02538128100008,-6.315251985999964,0]},"properties":{}},{"type":"Feature","geometry":{"type":"Point","coordinates":[107.02141134700008,-6.308424526999943,0]},"properties":{}},{"type":"Feature","geometry":{"type":"Point","coordinates":[107.01894457400005,-6.309508037999933,0]},"properties":{}},{"type":"Feature","geometry":{"type":"Point","coordinates":[107.02259670200004,-6.311818498999969,0]},"properties":{}},{"type":"Feature","geometry":{"type":"Point","coordinates":[107.02221241800004,-6.311795852999978,0]},"properties":{}},{"type":"Feature","geometry":{"type":"Point","coordinates":[107.02218752600004,-6.3119475619999434,0]},"properties":{}},{"type":"Feature","geometry":{"type":"Point","coordinates":[107.02456226000004,-6.309570219999955,0]},"properties":{}},{"type":"Feature","geometry":{"type":"Point","coordinates":[107.02527591700004,-6.309506691999957,0]},"properties":{}},{"type":"Feature","geometry":{"type":"Point","coordinates":[107.02326874100004,-6.307315890999973,0]},"properties":{}},{"type":"Feature","geometry":{"type":"Point","coordinates":[107.02330940400009,-6.307596083999954,0]},"properties":{}},{"type":"Feature","geometry":{"type":"Point","coordinates":[107.02311064400004,-6.307578593999949,0]},"properties":{}},{"type":"Feature","geometry":{"type":"Point","coordinates":[107.02302604800008,-6.307549359999939,0]},"properties":{}},{"type":"Feature","geometry":{"type":"Point","coordinates":[107.02292750000004,-6.3074175679999485,0]},"properties":{}},{"type":"Feature","geometry":{"type":"Point","coordinates":[107.02157046400004,-6.307188951999933,0]},"properties":{}},{"type":"Feature","geometry":{"type":"Point","coordinates":[107.02026065500007,-6.306952826999975,0]},"properties":{}},{"type":"Feature","geometry":{"type":"Point","coordinates":[107.01973221900005,-6.307153951999965,0]},"properties":{}},{"type":"Feature","geometry":{"type":"Point","coordinates":[107.01986997300008,-6.306980559999943,0]},"properties":{}},{"type":"Feature","geometry":{"type":"Point","coordinates":[107.01947154200008,-6.305309755999929,0]},"properties":{}},{"type":"Feature","geometry":{"type":"Point","coordinates":[107.02114530900008,-6.305921559999945,0]},"properties":{}},{"type":"Feature","geometry":{"type":"Point","coordinates":[107.02169459000004,-6.302448890999926,0]},"properties":{}},{"type":"Feature","geometry":{"type":"Point","coordinates":[107.02193875200004,-6.302081524999949,0]},"properties":{}},{"type":"Feature","geometry":{"type":"Point","coordinates":[107.02150738200004,-6.300187274999928,0]},"properties":{}},{"type":"Feature","geometry":{"type":"Point","coordinates":[107.02192495900005,-6.300409774999935,0]},"properties":{}},{"type":"Feature","geometry":{"type":"Point","coordinates":[107.02222459200004,-6.30090413299996,0]},"properties":{}},{"type":"Feature","geometry":{"type":"Point","coordinates":[107.02235722500006,-6.300248801999942,0]},"properties":{}},{"type":"Feature","geometry":{"type":"Point","coordinates":[107.02202072000006,-6.300429292999979,0]},"properties":{}},{"type":"Feature","geometry":{"type":"Point","coordinates":[107.02255086600007,-6.300601722999943,0]},"properties":{}},{"type":"Feature","geometry":{"type":"Point","coordinates":[107.02246306800004,-6.3012382559999764,0]},"properties":{}},{"type":"Feature","geometry":{"type":"Point","coordinates":[107.02279097100006,-6.301053187999969,0]},"properties":{}},{"type":"Feature","geometry":{"type":"Point","coordinates":[107.02297689000005,-6.3005789159999495,0]},"properties":{}},{"type":"Feature","geometry":{"type":"Point","coordinates":[107.02372070100006,-6.300651880999965,0]},"properties":{}},{"type":"Feature","geometry":{"type":"Point","coordinates":[107.02546434300007,-6.290623079999932,0]},"properties":{}},{"type":"Feature","geometry":{"type":"Point","coordinates":[107.02533978100007,-6.2910051699999485,0]},"properties":{}},{"type":"Feature","geometry":{"type":"Point","coordinates":[107.02454842800006,-6.29743235899997,0]},"properties":{}},{"type":"Feature","geometry":{"type":"Point","coordinates":[107.02455425500006,-6.2870365559999755,0]},"properties":{}},{"type":"Feature","geometry":{"type":"Point","coordinates":[107.02559014600007,-6.288181430999941,0]},"properties":{}},{"type":"Feature","geometry":{"type":"Point","coordinates":[107.02580962700006,-6.287998500999947,0]},"properties":{}},{"type":"Feature","geometry":{"type":"Point","coordinates":[107.02581928300003,-6.288229000999934,0]},"properties":{}},{"type":"Feature","geometry":{"type":"Point","coordinates":[107.02595951700005,-6.288114272999962,0]},"properties":{}},{"type":"Feature","geometry":{"type":"Point","coordinates":[107.02560397500008,-6.287739287999955,0]},"properties":{}},{"type":"Feature","geometry":{"type":"Point","coordinates":[107.02965952500006,-6.2874377789999585,0]},"properties":{}},{"type":"Feature","geometry":{"type":"Point","coordinates":[107.03006769800004,-6.287777567999967,0]},"properties":{}},{"type":"Feature","geometry":{"type":"Point","coordinates":[107.02950543100008,-6.28947613899993,0]},"properties":{}},{"type":"Feature","geometry":{"type":"Point","coordinates":[107.03006163500004,-6.289428503999943,0]},"properties":{}},{"type":"Feature","geometry":{"type":"Point","coordinates":[107.02972877700006,-6.289172138999959,0]},"properties":{}},{"type":"Feature","geometry":{"type":"Point","coordinates":[107.03237782200006,-6.289849019999963,0]},"properties":{}},{"type":"Feature","geometry":{"type":"Point","coordinates":[107.03307838500007,-6.29209650599995,0]},"properties":{}},{"type":"Feature","geometry":{"type":"Point","coordinates":[107.02873544700009,-6.293178744999977,0]},"properties":{}},{"type":"Feature","geometry":{"type":"Point","coordinates":[107.02921337800007,-6.296590274999971,0]},"properties":{}},{"type":"Feature","geometry":{"type":"Point","coordinates":[107.03030211100008,-6.295723020999958,0]},"properties":{}},{"type":"Feature","geometry":{"type":"Point","coordinates":[107.03063056300005,-6.295378831999926,0]},"properties":{}},{"type":"Feature","geometry":{"type":"Point","coordinates":[107.02790712900008,-6.298264527999947,0]},"properties":{}},{"type":"Feature","geometry":{"type":"Point","coordinates":[107.02879267700007,-6.288646624999956,0]},"properties":{}},{"type":"Feature","geometry":{"type":"Point","coordinates":[107.02846301400007,-6.2888646089999725,0]},"properties":{}},{"type":"Feature","geometry":{"type":"Point","coordinates":[107.02857772500005,-6.288855303999981,0]},"properties":{}},{"type":"Feature","geometry":{"type":"Point","coordinates":[107.02852631500008,-6.288785528999938,0]},"properties":{}},{"type":"Feature","geometry":{"type":"Point","coordinates":[107.02854641700009,-6.288610423999955,0]},"properties":{}},{"type":"Feature","geometry":{"type":"Point","coordinates":[107.03146842200005,-6.308733287999928,0]},"properties":{}},{"type":"Feature","geometry":{"type":"Point","coordinates":[107.03166640200004,-6.307808291999947,0]},"properties":{}},{"type":"Feature","geometry":{"type":"Point","coordinates":[107.03445463600008,-6.308770994999975,0]},"properties":{}},{"type":"Feature","geometry":{"type":"Point","coordinates":[107.03401247100004,-6.308293207999952,0]},"properties":{}},{"type":"Feature","geometry":{"type":"Point","coordinates":[107.03314108000006,-6.307735728999944,0]},"properties":{}},{"type":"Feature","geometry":{"type":"Point","coordinates":[107.03237585100004,-6.307895478999967,0]},"properties":{}},{"type":"Feature","geometry":{"type":"Point","coordinates":[107.03418206200007,-6.312205323999933,0]},"properties":{}},{"type":"Feature","geometry":{"type":"Point","coordinates":[107.03416097900003,-6.31249859299993,0]},"properties":{}},{"type":"Feature","geometry":{"type":"Point","coordinates":[107.03403537200006,-6.312495557999966,0]},"properties":{}},{"type":"Feature","geometry":{"type":"Point","coordinates":[107.03230222400003,-6.313461537999956,0]},"properties":{}},{"type":"Feature","geometry":{"type":"Point","coordinates":[107.03255712400005,-6.313416423999968,0]},"properties":{}},{"type":"Feature","geometry":{"type":"Point","coordinates":[107.03269230000006,-6.31339401799994,0]},"properties":{}},{"type":"Feature","geometry":{"type":"Point","coordinates":[107.03308782000005,-6.31333226299995,0]},"properties":{}},{"type":"Feature","geometry":{"type":"Point","coordinates":[107.03396319100005,-6.316340994999962,0]},"properties":{}},{"type":"Feature","geometry":{"type":"Point","coordinates":[107.03319627600007,-6.3163958859999525,0]},"properties":{}},{"type":"Feature","geometry":{"type":"Point","coordinates":[107.02946196200008,-6.31513175799995,0]},"properties":{}},{"type":"Feature","geometry":{"type":"Point","coordinates":[107.02951185000006,-6.315366619999963,0]},"properties":{}},{"type":"Feature","geometry":{"type":"Point","coordinates":[107.02841275900005,-6.319359004999967,0]},"properties":{}},{"type":"Feature","geometry":{"type":"Point","coordinates":[107.02826579800006,-6.31937196399997,0]},"properties":{}},{"type":"Feature","geometry":{"type":"Point","coordinates":[107.02642610400005,-6.319391973999927,0]},"properties":{}},{"type":"Feature","geometry":{"type":"Point","coordinates":[107.01721789800007,-6.28639934499995,0]},"properties":{}},{"type":"Feature","geometry":{"type":"Point","coordinates":[107.01699326600004,-6.2854808609999395,0]},"properties":{}},{"type":"Feature","geometry":{"type":"Point","coordinates":[107.01647688500009,-6.284491266999964,0]},"properties":{}},{"type":"Feature","geometry":{"type":"Point","coordinates":[107.01640464400003,-6.284618928999976,0]},"properties":{}},{"type":"Feature","geometry":{"type":"Point","coordinates":[107.01563481100004,-6.287214776999974,0]},"properties":{}},{"type":"Feature","geometry":{"type":"Point","coordinates":[107.01575810900005,-6.2873000079999315,0]},"properties":{}},{"type":"Feature","geometry":{"type":"Point","coordinates":[107.01652536700004,-6.2868268399999465,0]},"properties":{}},{"type":"Feature","geometry":{"type":"Point","coordinates":[107.01623372400007,-6.286666497999931,0]},"properties":{}},{"type":"Feature","geometry":{"type":"Point","coordinates":[107.01570324100004,-6.285675238999943,0]},"properties":{}},{"type":"Feature","geometry":{"type":"Point","coordinates":[107.01556871900004,-6.28584264999995,0]},"properties":{}},{"type":"Feature","geometry":{"type":"Point","coordinates":[107.01580301000007,-6.285891379999953,0]},"properties":{}},{"type":"Feature","geometry":{"type":"Point","coordinates":[107.01520906000007,-6.285804708999933,0]},"properties":{}},{"type":"Feature","geometry":{"type":"Point","coordinates":[107.01499476900005,-6.285693791999961,0]},"properties":{}},{"type":"Feature","geometry":{"type":"Point","coordinates":[107.00585225100008,-6.290407191999975,0]},"properties":{}},{"type":"Feature","geometry":{"type":"Point","coordinates":[107.00597939400006,-6.28508494099998,0]},"properties":{}},{"type":"Feature","geometry":{"type":"Point","coordinates":[107.00598725600008,-6.284755283999971,0]},"properties":{}},{"type":"Feature","geometry":{"type":"Point","coordinates":[107.00617369900004,-6.284578453999927,0]},"properties":{}},{"type":"Feature","geometry":{"type":"Point","coordinates":[107.00453298900004,-6.286160645999928,0]},"properties":{}},{"type":"Feature","geometry":{"type":"Point","coordinates":[107.00455504700005,-6.287673445999928,0]},"properties":{}},{"type":"Feature","geometry":{"type":"Point","coordinates":[107.00465587600007,-6.287176719999934,0]},"properties":{}},{"type":"Feature","geometry":{"type":"Point","coordinates":[107.00469877500007,-6.2873369389999425,0]},"properties":{}},{"type":"Feature","geometry":{"type":"Point","coordinates":[107.01407463800007,-6.284477471999935,0]},"properties":{}},{"type":"Feature","geometry":{"type":"Point","coordinates":[107.01408122400005,-6.284639455999979,0]},"properties":{}},{"type":"Feature","geometry":{"type":"Point","coordinates":[107.01397941500005,-6.2849728179999715,0]},"properties":{}},{"type":"Feature","geometry":{"type":"Point","coordinates":[107.00920874300004,-6.287640296999939,0]},"properties":{}},{"type":"Feature","geometry":{"type":"Point","coordinates":[107.01135879200007,-6.288887966999937,0]},"properties":{}},{"type":"Feature","geometry":{"type":"Point","coordinates":[107.01114763100009,-6.288816182999938,0]},"properties":{}},{"type":"Feature","geometry":{"type":"Point","coordinates":[107.01112964200007,-6.289166399999942,0]},"properties":{}},{"type":"Feature","geometry":{"type":"Point","coordinates":[107.01329576300009,-6.28770882799995,0]},"properties":{}},{"type":"Feature","geometry":{"type":"Point","coordinates":[107.01328535800008,-6.287517384999944,0]},"properties":{}},{"type":"Feature","geometry":{"type":"Point","coordinates":[107.01341515000007,-6.287529180999968,0]},"properties":{}},{"type":"Feature","geometry":{"type":"Point","coordinates":[107.01351063100009,-6.287382442999956,0]},"properties":{}},{"type":"Feature","geometry":{"type":"Point","coordinates":[107.01029725500007,-6.290351681999937,0]},"properties":{}},{"type":"Feature","geometry":{"type":"Point","coordinates":[107.01027083300005,-6.290553211999963,0]},"properties":{}},{"type":"Feature","geometry":{"type":"Point","coordinates":[107.01008732700006,-6.290365507999979,0]},"properties":{}},{"type":"Feature","geometry":{"type":"Point","coordinates":[107.00482200500005,-6.296171389999927,0]},"properties":{}},{"type":"Feature","geometry":{"type":"Point","coordinates":[107.00502354300005,-6.29672508699997,0]},"properties":{}},{"type":"Feature","geometry":{"type":"Point","coordinates":[107.00487135900005,-6.296882980999953,0]},"properties":{}},{"type":"Feature","geometry":{"type":"Point","coordinates":[107.00424257000009,-6.290093415999934,0]},"properties":{}},{"type":"Feature","geometry":{"type":"Point","coordinates":[107.00445310900005,-6.290615979999927,0]},"properties":{}},{"type":"Feature","geometry":{"type":"Point","coordinates":[107.00630645900009,-6.294645660999947,0]},"properties":{}},{"type":"Feature","geometry":{"type":"Point","coordinates":[107.00618076100005,-6.293653014999961,0]},"properties":{}},{"type":"Feature","geometry":{"type":"Point","coordinates":[107.00608045300004,-6.293342939999945,0]},"properties":{}},{"type":"Feature","geometry":{"type":"Point","coordinates":[107.00982266700004,-6.28996213399995,0]},"properties":{}},{"type":"Feature","geometry":{"type":"Point","coordinates":[107.00825066200008,-6.290988338999966,0]},"properties":{}},{"type":"Feature","geometry":{"type":"Point","coordinates":[107.00926015900006,-6.292557367999962,0]},"properties":{}},{"type":"Feature","geometry":{"type":"Point","coordinates":[107.00925406600004,-6.2926883009999415,0]},"properties":{}},{"type":"Feature","geometry":{"type":"Point","coordinates":[107.00898299800008,-6.293391901999939,0]},"properties":{}},{"type":"Feature","geometry":{"type":"Point","coordinates":[107.00908162000007,-6.293638876999978,0]},"properties":{}},{"type":"Feature","geometry":{"type":"Point","coordinates":[107.00907710300004,-6.293850809999981,0]},"properties":{}},{"type":"Feature","geometry":{"type":"Point","coordinates":[107.00875324000003,-6.294029977999969,0]},"properties":{}},{"type":"Feature","geometry":{"type":"Point","coordinates":[107.01031290800006,-6.293953004999935,0]},"properties":{}},{"type":"Feature","geometry":{"type":"Point","coordinates":[107.00988798600008,-6.292123255999968,0]},"properties":{}},{"type":"Feature","geometry":{"type":"Point","coordinates":[107.01058849600008,-6.292051939999965,0]},"properties":{}},{"type":"Feature","geometry":{"type":"Point","coordinates":[107.01079625000006,-6.292130517999965,0]},"properties":{}},{"type":"Feature","geometry":{"type":"Point","coordinates":[107.01105262400006,-6.292469823999966,0]},"properties":{}},{"type":"Feature","geometry":{"type":"Point","coordinates":[107.01110456500004,-6.293053656999973,0]},"properties":{}},{"type":"Feature","geometry":{"type":"Point","coordinates":[107.01141351600006,-6.293460927999945,0]},"properties":{}},{"type":"Feature","geometry":{"type":"Point","coordinates":[107.01182306500004,-6.291153146999932,0]},"properties":{}},{"type":"Feature","geometry":{"type":"Point","coordinates":[107.01211240900005,-6.291255367999952,0]},"properties":{}},{"type":"Feature","geometry":{"type":"Point","coordinates":[107.01144362700006,-6.291658538999968,0]},"properties":{}},{"type":"Feature","geometry":{"type":"Point","coordinates":[107.01154838400004,-6.292020668999953,0]},"properties":{}},{"type":"Feature","geometry":{"type":"Point","coordinates":[107.01173398400005,-6.292047618999959,0]},"properties":{}},{"type":"Feature","geometry":{"type":"Point","coordinates":[107.01186363400006,-6.292139515999963,0]},"properties":{}},{"type":"Feature","geometry":{"type":"Point","coordinates":[107.01270955200005,-6.292545530999973,0]},"properties":{}},{"type":"Feature","geometry":{"type":"Point","coordinates":[107.01303726500004,-6.291278021999972,0]},"properties":{}},{"type":"Feature","geometry":{"type":"Point","coordinates":[107.01262811500004,-6.290354911999941,0]},"properties":{}},{"type":"Feature","geometry":{"type":"Point","coordinates":[107.01268211100006,-6.290251639999951,0]},"properties":{}},{"type":"Feature","geometry":{"type":"Point","coordinates":[107.01255621400009,-6.290148788999943,0]},"properties":{}},{"type":"Feature","geometry":{"type":"Point","coordinates":[107.01310858100004,-6.290346098999976,0]},"properties":{}},{"type":"Feature","geometry":{"type":"Point","coordinates":[107.01415210400006,-6.290894194999964,0]},"properties":{}},{"type":"Feature","geometry":{"type":"Point","coordinates":[107.01398896700005,-6.291092724999942,0]},"properties":{}},{"type":"Feature","geometry":{"type":"Point","coordinates":[107.01618583400005,-6.287791347999928,0]},"properties":{}},{"type":"Feature","geometry":{"type":"Point","coordinates":[107.01668070100004,-6.2879801079999424,0]},"properties":{}},{"type":"Feature","geometry":{"type":"Point","coordinates":[107.01667499200005,-6.28811637299998,0]},"properties":{}},{"type":"Feature","geometry":{"type":"Point","coordinates":[107.01684428800007,-6.289609878999954,0]},"properties":{}},{"type":"Feature","geometry":{"type":"Point","coordinates":[107.01689040600007,-6.289197986999966,0]},"properties":{}},{"type":"Feature","geometry":{"type":"Point","coordinates":[107.01798098500007,-6.290046133999965,0]},"properties":{}},{"type":"Feature","geometry":{"type":"Point","coordinates":[107.01792003400004,-6.290219770999954,0]},"properties":{}},{"type":"Feature","geometry":{"type":"Point","coordinates":[107.01772630600004,-6.290005982999958,0]},"properties":{}},{"type":"Feature","geometry":{"type":"Point","coordinates":[107.01767790100007,-6.289824993999957,0]},"properties":{}},{"type":"Feature","geometry":{"type":"Point","coordinates":[107.01848651700004,-6.292458863999968,0]},"properties":{}},{"type":"Feature","geometry":{"type":"Point","coordinates":[107.01770365600004,-6.291114189999973,0]},"properties":{}},{"type":"Feature","geometry":{"type":"Point","coordinates":[107.01772623000005,-6.2908996569999545,0]},"properties":{}},{"type":"Feature","geometry":{"type":"Point","coordinates":[107.01546153100008,-6.29219055599998,0]},"properties":{}},{"type":"Feature","geometry":{"type":"Point","coordinates":[107.01534012100007,-6.291868722999936,0]},"properties":{}},{"type":"Feature","geometry":{"type":"Point","coordinates":[107.01588076800005,-6.291931638999927,0]},"properties":{}},{"type":"Feature","geometry":{"type":"Point","coordinates":[107.01653326800005,-6.292251330999932,0]},"properties":{}},{"type":"Feature","geometry":{"type":"Point","coordinates":[107.01517021100005,-6.292044496999949,0]},"properties":{}},{"type":"Feature","geometry":{"type":"Point","coordinates":[107.01517176000004,-6.292212105999965,0]},"properties":{}},{"type":"Feature","geometry":{"type":"Point","coordinates":[107.01506362600009,-6.292592052999964,0]},"properties":{}},{"type":"Feature","geometry":{"type":"Point","coordinates":[107.01509443900005,-6.292733511999927,0]},"properties":{}},{"type":"Feature","geometry":{"type":"Point","coordinates":[107.01515739400008,-6.295048236999946,0]},"properties":{}},{"type":"Feature","geometry":{"type":"Point","coordinates":[107.01509956400008,-6.2957268759999465,0]},"properties":{}},{"type":"Feature","geometry":{"type":"Point","coordinates":[107.01588474200008,-6.296710548999954,0]},"properties":{}},{"type":"Feature","geometry":{"type":"Point","coordinates":[107.01527350100008,-6.296548187999974,0]},"properties":{}},{"type":"Feature","geometry":{"type":"Point","coordinates":[107.01540376100007,-6.293283259999953,0]},"properties":{}},{"type":"Feature","geometry":{"type":"Point","coordinates":[107.01569509700005,-6.293362868999964,0]},"properties":{}},{"type":"Feature","geometry":{"type":"Point","coordinates":[107.01590001700004,-6.293784008999978,0]},"properties":{}},{"type":"Feature","geometry":{"type":"Point","coordinates":[107.01617229000004,-6.294285349999939,0]},"properties":{}},{"type":"Feature","geometry":{"type":"Point","coordinates":[107.01779329900006,-6.29640754199994,0]},"properties":{}},{"type":"Feature","geometry":{"type":"Point","coordinates":[107.01690202000009,-6.2970094819999645,0]},"properties":{}},{"type":"Feature","geometry":{"type":"Point","coordinates":[107.01710841800008,-6.297040236999976,0]},"properties":{}},{"type":"Feature","geometry":{"type":"Point","coordinates":[107.01718082700006,-6.296862125999951,0]},"properties":{}},{"type":"Feature","geometry":{"type":"Point","coordinates":[107.01558268200006,-6.303965898999934,0]},"properties":{}},{"type":"Feature","geometry":{"type":"Point","coordinates":[107.01509575200004,-6.304245693999974,0]},"properties":{}},{"type":"Feature","geometry":{"type":"Point","coordinates":[107.01597610600004,-6.305139218999955,0]},"properties":{}},{"type":"Feature","geometry":{"type":"Point","coordinates":[107.01417770700004,-6.3003501569999685,0]},"properties":{}},{"type":"Feature","geometry":{"type":"Point","coordinates":[107.01773868200007,-6.297238593999964,0]},"properties":{}},{"type":"Feature","geometry":{"type":"Point","coordinates":[107.01835975600005,-6.297396754999966,0]},"properties":{}},{"type":"Feature","geometry":{"type":"Point","coordinates":[107.01860119100007,-6.2976093629999355,0]},"properties":{}},{"type":"Feature","geometry":{"type":"Point","coordinates":[107.01733640300006,-6.297396914999979,0]},"properties":{}},{"type":"Feature","geometry":{"type":"Point","coordinates":[107.01363400000008,-6.299777174999974,0]},"properties":{}},{"type":"Feature","geometry":{"type":"Point","coordinates":[107.01374825300007,-6.299624758999926,0]},"properties":{}},{"type":"Feature","geometry":{"type":"Point","coordinates":[107.01381991700003,-6.299510749999968,0]},"properties":{}},{"type":"Feature","geometry":{"type":"Point","coordinates":[107.01392850000008,-6.299434298999927,0]},"properties":{}},{"type":"Feature","geometry":{"type":"Point","coordinates":[107.01420386200004,-6.299611427999935,0]},"properties":{}},{"type":"Feature","geometry":{"type":"Point","coordinates":[107.01434062300007,-6.298266814999977,0]},"properties":{}},{"type":"Feature","geometry":{"type":"Point","coordinates":[107.01435105100006,-6.298440265999943,0]},"properties":{}},{"type":"Feature","geometry":{"type":"Point","coordinates":[107.01471124600005,-6.298052836999943,0]},"properties":{}},{"type":"Feature","geometry":{"type":"Point","coordinates":[107.01480192400004,-6.297878994999962,0]},"properties":{}},{"type":"Feature","geometry":{"type":"Point","coordinates":[107.01593839200007,-6.296939342999963,0]},"properties":{}},{"type":"Feature","geometry":{"type":"Point","coordinates":[107.01517290300006,-6.297921590999977,0]},"properties":{}},{"type":"Feature","geometry":{"type":"Point","coordinates":[107.01517149600005,-6.29811895499995,0]},"properties":{}},{"type":"Feature","geometry":{"type":"Point","coordinates":[107.01479865900006,-6.2988829799999735,0]},"properties":{}},{"type":"Feature","geometry":{"type":"Point","coordinates":[107.01436168200007,-6.2997208449999675,0]},"properties":{}},{"type":"Feature","geometry":{"type":"Point","coordinates":[107.01463863200007,-6.2993259609999654,0]},"properties":{}},{"type":"Feature","geometry":{"type":"Point","coordinates":[107.01502088000007,-6.299572199999943,0]},"properties":{}},{"type":"Feature","geometry":{"type":"Point","coordinates":[107.01557961800006,-6.299310572999957,0]},"properties":{}},{"type":"Feature","geometry":{"type":"Point","coordinates":[107.01545890400007,-6.3013237749999575,0]},"properties":{}},{"type":"Feature","geometry":{"type":"Point","coordinates":[107.01410093700008,-6.301623387999939,0]},"properties":{}},{"type":"Feature","geometry":{"type":"Point","coordinates":[107.01362310300004,-6.302715002999946,0]},"properties":{}},{"type":"Feature","geometry":{"type":"Point","coordinates":[107.01603779700008,-6.3017183349999755,0]},"properties":{}},{"type":"Feature","geometry":{"type":"Point","coordinates":[107.01625077500006,-6.301721308999959,0]},"properties":{}},{"type":"Feature","geometry":{"type":"Point","coordinates":[107.01741378600008,-6.302272090999963,0]},"properties":{}},{"type":"Feature","geometry":{"type":"Point","coordinates":[107.01718204100007,-6.302486618999978,0]},"properties":{}},{"type":"Feature","geometry":{"type":"Point","coordinates":[107.01697461600008,-6.302541394999935,0]},"properties":{}},{"type":"Feature","geometry":{"type":"Point","coordinates":[107.01749965100004,-6.306579565999925,0]},"properties":{}},{"type":"Feature","geometry":{"type":"Point","coordinates":[107.01777100500004,-6.30597604299993,0]},"properties":{}},{"type":"Feature","geometry":{"type":"Point","coordinates":[107.01763496100006,-6.305143015999931,0]},"properties":{}},{"type":"Feature","geometry":{"type":"Point","coordinates":[107.01590328500004,-6.304415700999925,0]},"properties":{}},{"type":"Feature","geometry":{"type":"Point","coordinates":[107.01664960800008,-6.305183715999931,0]},"properties":{}},{"type":"Feature","geometry":{"type":"Point","coordinates":[107.01708695000008,-6.30523554399997,0]},"properties":{}},{"type":"Feature","geometry":{"type":"Point","coordinates":[107.01723265600003,-6.305319329999975,0]},"properties":{}},{"type":"Feature","geometry":{"type":"Point","coordinates":[107.01282876300007,-6.301935232999938,0]},"properties":{}},{"type":"Feature","geometry":{"type":"Point","coordinates":[107.01277656900004,-6.3020607389999554,0]},"properties":{}},{"type":"Feature","geometry":{"type":"Point","coordinates":[107.01244921000006,-6.3026696299999685,0]},"properties":{}},{"type":"Feature","geometry":{"type":"Point","coordinates":[107.01228020500008,-6.303174755999976,0]},"properties":{}},{"type":"Feature","geometry":{"type":"Point","coordinates":[107.01233240600004,-6.300355561999936,0]},"properties":{}},{"type":"Feature","geometry":{"type":"Point","coordinates":[107.01234670300005,-6.3000091559999305,0]},"properties":{}},{"type":"Feature","geometry":{"type":"Point","coordinates":[107.01319928400005,-6.3007803859999285,0]},"properties":{}},{"type":"Feature","geometry":{"type":"Point","coordinates":[107.00971047500008,-6.302631463999944,0]},"properties":{}},{"type":"Feature","geometry":{"type":"Point","coordinates":[107.00846540400005,-6.2999617339999645,0]},"properties":{}},{"type":"Feature","geometry":{"type":"Point","coordinates":[107.01008551900009,-6.298940578999975,0]},"properties":{}},{"type":"Feature","geometry":{"type":"Point","coordinates":[107.01033109600007,-6.299032389999979,0]},"properties":{}},{"type":"Feature","geometry":{"type":"Point","coordinates":[107.01062802700005,-6.299273447999951,0]},"properties":{}},{"type":"Feature","geometry":{"type":"Point","coordinates":[107.01098674400004,-6.298829610999974,0]},"properties":{}},{"type":"Feature","geometry":{"type":"Point","coordinates":[107.01102090600006,-6.299113358999932,0]},"properties":{}},{"type":"Feature","geometry":{"type":"Point","coordinates":[107.00714152600005,-6.302173047999929,0]},"properties":{}},{"type":"Feature","geometry":{"type":"Point","coordinates":[107.00540617200005,-6.312213356999962,0]},"properties":{}},{"type":"Feature","geometry":{"type":"Point","coordinates":[107.00679634500005,-6.309167861999981,0]},"properties":{}},{"type":"Feature","geometry":{"type":"Point","coordinates":[107.00629260600004,-6.310576997999931,0]},"properties":{}},{"type":"Feature","geometry":{"type":"Point","coordinates":[107.00652315900004,-6.3076553089999265,0]},"properties":{}},{"type":"Feature","geometry":{"type":"Point","coordinates":[107.00736826900004,-6.3073979179999355,0]},"properties":{}},{"type":"Feature","geometry":{"type":"Point","coordinates":[107.00695429700005,-6.305811953999978,0]},"properties":{}},{"type":"Feature","geometry":{"type":"Point","coordinates":[107.00721353200004,-6.305906425999979,0]},"properties":{}},{"type":"Feature","geometry":{"type":"Point","coordinates":[107.00755235200006,-6.305996070999981,0]},"properties":{}},{"type":"Feature","geometry":{"type":"Point","coordinates":[107.00791081600005,-6.3058136039999795,0]},"properties":{}},{"type":"Feature","geometry":{"type":"Point","coordinates":[107.00670655200008,-6.305298126999958,0]},"properties":{}},{"type":"Feature","geometry":{"type":"Point","coordinates":[107.00682350200009,-6.305329318999952,0]},"properties":{}},{"type":"Feature","geometry":{"type":"Point","coordinates":[107.00789466000003,-6.306710418999955,0]},"properties":{}},{"type":"Feature","geometry":{"type":"Point","coordinates":[107.00811665200007,-6.306425050999962,0]},"properties":{}},{"type":"Feature","geometry":{"type":"Point","coordinates":[107.00827212000007,-6.305829117999963,0]},"properties":{}},{"type":"Feature","geometry":{"type":"Point","coordinates":[107.00868575200008,-6.306082381999943,0]},"properties":{}},{"type":"Feature","geometry":{"type":"Point","coordinates":[107.00845031100005,-6.306089527999973,0]},"properties":{}},{"type":"Feature","geometry":{"type":"Point","coordinates":[107.00945240000004,-6.306357248999973,0]},"properties":{}},{"type":"Feature","geometry":{"type":"Point","coordinates":[107.01040524100006,-6.304443173999971,0]},"properties":{}},{"type":"Feature","geometry":{"type":"Point","coordinates":[107.01530456700004,-6.3200433619999785,0]},"properties":{}},{"type":"Feature","geometry":{"type":"Point","coordinates":[107.01610388200004,-6.311710510999944,0]},"properties":{}},{"type":"Feature","geometry":{"type":"Point","coordinates":[107.01798190200009,-6.309153847999937,0]},"properties":{}},{"type":"Feature","geometry":{"type":"Point","coordinates":[107.01827642000006,-6.309235970999964,0]},"properties":{}},{"type":"Feature","geometry":{"type":"Point","coordinates":[107.01841744200004,-6.309276378999925,0]},"properties":{}},{"type":"Feature","geometry":{"type":"Point","coordinates":[107.01843362500006,-6.309628993999979,0]},"properties":{}},{"type":"Feature","geometry":{"type":"Point","coordinates":[107.01831165900006,-6.309749527999941,0]},"properties":{}},{"type":"Feature","geometry":{"type":"Point","coordinates":[107.01813517200009,-6.309673997999937,0]},"properties":{}},{"type":"Feature","geometry":{"type":"Point","coordinates":[107.01438769300006,-6.313079409999943,0]},"properties":{}},{"type":"Feature","geometry":{"type":"Point","coordinates":[107.01148904300004,-6.312872013999936,0]},"properties":{}},{"type":"Feature","geometry":{"type":"Point","coordinates":[107.01164126500004,-6.31291084399993,0]},"properties":{}},{"type":"Feature","geometry":{"type":"Point","coordinates":[107.01193963600008,-6.312820186999943,0]},"properties":{}},{"type":"Feature","geometry":{"type":"Point","coordinates":[107.01207177500004,-6.312853126999926,0]},"properties":{}},{"type":"Feature","geometry":{"type":"Point","coordinates":[107.01549648800005,-6.309860329999935,0]},"properties":{}},{"type":"Feature","geometry":{"type":"Point","coordinates":[107.01512440000005,-6.309837087999938,0]},"properties":{}},{"type":"Feature","geometry":{"type":"Point","coordinates":[107.01169262400003,-6.309853157999953,0]},"properties":{}},{"type":"Feature","geometry":{"type":"Point","coordinates":[107.01146103700006,-6.309712021999928,0]},"properties":{}},{"type":"Feature","geometry":{"type":"Point","coordinates":[107.00903972100008,-6.312238132999937,0]},"properties":{}},{"type":"Feature","geometry":{"type":"Point","coordinates":[107.01624056800006,-6.306282569999951,0]},"properties":{}},{"type":"Feature","geometry":{"type":"Point","coordinates":[107.01631072600009,-6.306153287999962,0]},"properties":{}},{"type":"Feature","geometry":{"type":"Point","coordinates":[107.01656027000007,-6.3059612009999455,0]},"properties":{}},{"type":"Feature","geometry":{"type":"Point","coordinates":[107.01666853800003,-6.3058499429999415,0]},"properties":{}},{"type":"Feature","geometry":{"type":"Point","coordinates":[107.01610720400004,-6.310092752999935,0]},"properties":{}},{"type":"Feature","geometry":{"type":"Point","coordinates":[107.01615276000007,-6.310307474999945,0]},"properties":{}},{"type":"Feature","geometry":{"type":"Point","coordinates":[107.01638566200006,-6.310484493999979,0]},"properties":{}},{"type":"Feature","geometry":{"type":"Point","coordinates":[107.01551254600008,-6.310554955999976,0]},"properties":{}},{"type":"Feature","geometry":{"type":"Point","coordinates":[107.01547593600009,-6.310737810999967,0]},"properties":{}},{"type":"Feature","geometry":{"type":"Point","coordinates":[107.01538806100007,-6.310585181999954,0]},"properties":{}},{"type":"Feature","geometry":{"type":"Point","coordinates":[107.01487959800005,-6.310882419999928,0]},"properties":{}},{"type":"Feature","geometry":{"type":"Point","coordinates":[107.01485751700005,-6.3107099179999295,0]},"properties":{}},{"type":"Feature","geometry":{"type":"Point","coordinates":[107.01505719300008,-6.31068328799995,0]},"properties":{}},{"type":"Feature","geometry":{"type":"Point","coordinates":[107.01104237900006,-6.309913710999979,0]},"properties":{}},{"type":"Feature","geometry":{"type":"Point","coordinates":[107.01115634300004,-6.309779557999946,0]},"properties":{}},{"type":"Feature","geometry":{"type":"Point","coordinates":[107.01139369100008,-6.308907746999978,0]},"properties":{}},{"type":"Feature","geometry":{"type":"Point","coordinates":[107.01141338800005,-6.307173836999937,0]},"properties":{}},{"type":"Feature","geometry":{"type":"Point","coordinates":[107.01084796000004,-6.307320128999947,0]},"properties":{}},{"type":"Feature","geometry":{"type":"Point","coordinates":[107.01062206300008,-6.3079515929999275,0]},"properties":{}},{"type":"Feature","geometry":{"type":"Point","coordinates":[107.01034139900008,-6.308158172999981,0]},"properties":{}},{"type":"Feature","geometry":{"type":"Point","coordinates":[107.01016274700004,-6.308106967999947,0]},"properties":{}},{"type":"Feature","geometry":{"type":"Point","coordinates":[107.00986321800008,-6.307263626999941,0]},"properties":{}},{"type":"Feature","geometry":{"type":"Point","coordinates":[107.00779460600006,-6.310058868999931,0]},"properties":{}},{"type":"Feature","geometry":{"type":"Point","coordinates":[107.00766471000009,-6.313258985999937,0]},"properties":{}},{"type":"Feature","geometry":{"type":"Point","coordinates":[107.00785333900006,-6.313390071999947,0]},"properties":{}},{"type":"Feature","geometry":{"type":"Point","coordinates":[107.00776974400009,-6.313503584999978,0]},"properties":{}},{"type":"Feature","geometry":{"type":"Point","coordinates":[107.00758628900007,-6.313660245999927,0]},"properties":{}},{"type":"Feature","geometry":{"type":"Point","coordinates":[107.00750248600008,-6.31374329199997,0]},"properties":{}},{"type":"Feature","geometry":{"type":"Point","coordinates":[107.00654023000004,-6.31382773699994,0]},"properties":{}},{"type":"Feature","geometry":{"type":"Point","coordinates":[107.00973465800007,-6.313713883999981,0]},"properties":{}},{"type":"Feature","geometry":{"type":"Point","coordinates":[107.01590874100003,-6.318209822999961,0]},"properties":{}},{"type":"Feature","geometry":{"type":"Point","coordinates":[107.01361585000006,-6.314830059999963,0]},"properties":{}},{"type":"Feature","geometry":{"type":"Point","coordinates":[107.01341951600006,-6.314716453999949,0]},"properties":{}},{"type":"Feature","geometry":{"type":"Point","coordinates":[107.01319353200006,-6.314856916999929,0]},"properties":{}},{"type":"Feature","geometry":{"type":"Point","coordinates":[107.01589217800006,-6.312037971999928,0]},"properties":{}},{"type":"Feature","geometry":{"type":"Point","coordinates":[107.01584075300008,-6.312385424999945,0]},"properties":{}},{"type":"Feature","geometry":{"type":"Point","coordinates":[107.01499178600005,-6.312953485999969,0]},"properties":{}},{"type":"Feature","geometry":{"type":"Point","coordinates":[107.01529721800006,-6.313053287999935,0]},"properties":{}},{"type":"Feature","geometry":{"type":"Point","coordinates":[107.01544882500008,-6.313026753999964,0]},"properties":{}},{"type":"Feature","geometry":{"type":"Point","coordinates":[107.01584428900009,-6.313579960999959,0]},"properties":{}},{"type":"Feature","geometry":{"type":"Point","coordinates":[107.01615111200005,-6.3139922949999345,0]},"properties":{}},{"type":"Feature","geometry":{"type":"Point","coordinates":[107.01624746300007,-6.313719886999934,0]},"properties":{}},{"type":"Feature","geometry":{"type":"Point","coordinates":[107.01675765000005,-6.312350321999929,0]},"properties":{}},{"type":"Feature","geometry":{"type":"Point","coordinates":[107.01677624100006,-6.311363636999943,0]},"properties":{}},{"type":"Feature","geometry":{"type":"Point","coordinates":[107.01682409200004,-6.311096931999941,0]},"properties":{}},{"type":"Feature","geometry":{"type":"Point","coordinates":[107.01709729800007,-6.310901678999926,0]},"properties":{}},{"type":"Feature","geometry":{"type":"Point","coordinates":[107.01754490300004,-6.310732510999969,0]},"properties":{}},{"type":"Feature","geometry":{"type":"Point","coordinates":[107.03357124000007,-6.321272826999973,0]},"properties":{}},{"type":"Feature","geometry":{"type":"Point","coordinates":[107.03527092300004,-6.320964038999932,0]},"properties":{}},{"type":"Feature","geometry":{"type":"Point","coordinates":[107.03581753900005,-6.321090727999945,0]},"properties":{}},{"type":"Feature","geometry":{"type":"Point","coordinates":[107.03600648300005,-6.321115481999925,0]},"properties":{}},{"type":"Feature","geometry":{"type":"Point","coordinates":[107.00668255700003,-6.345076846999973,0]},"properties":{}},{"type":"Feature","geometry":{"type":"Point","coordinates":[107.00673340600008,-6.3449067739999805,0]},"properties":{}},{"type":"Feature","geometry":{"type":"Point","coordinates":[107.00688843700004,-6.344921904999978,0]},"properties":{}},{"type":"Feature","geometry":{"type":"Point","coordinates":[107.00714102400008,-6.345230932999925,0]},"properties":{}},{"type":"Feature","geometry":{"type":"Point","coordinates":[107.00875695400003,-6.318531406999966,0]},"properties":{}},{"type":"Feature","geometry":{"type":"Point","coordinates":[107.00911670200009,-6.319031146999976,0]},"properties":{}},{"type":"Feature","geometry":{"type":"Point","coordinates":[107.01223625700004,-6.339925593999965,0]},"properties":{}},{"type":"Feature","geometry":{"type":"Point","coordinates":[107.01273817800006,-6.341243138999971,0]},"properties":{}},{"type":"Feature","geometry":{"type":"Point","coordinates":[107.01293602100009,-6.3414165849999335,0]},"properties":{}},{"type":"Feature","geometry":{"type":"Point","coordinates":[107.01308091500005,-6.341730458999962,0]},"properties":{}},{"type":"Feature","geometry":{"type":"Point","coordinates":[107.01315546100005,-6.342102103999935,0]},"properties":{}},{"type":"Feature","geometry":{"type":"Point","coordinates":[107.01347210000006,-6.341988226999945,0]},"properties":{}},{"type":"Feature","geometry":{"type":"Point","coordinates":[107.01349145100005,-6.3416889939999805,0]},"properties":{}},{"type":"Feature","geometry":{"type":"Point","coordinates":[107.01028347600004,-6.3431055649999735,0]},"properties":{}},{"type":"Feature","geometry":{"type":"Point","coordinates":[107.01036551200008,-6.342938986999968,0]},"properties":{}},{"type":"Feature","geometry":{"type":"Point","coordinates":[107.01061438800008,-6.342780441999935,0]},"properties":{}},{"type":"Feature","geometry":{"type":"Point","coordinates":[107.01130612800006,-6.343716093999944,0]},"properties":{}},{"type":"Feature","geometry":{"type":"Point","coordinates":[107.01152689300005,-6.343834845999936,0]},"properties":{}},{"type":"Feature","geometry":{"type":"Point","coordinates":[107.01165536300005,-6.343525244999967,0]},"properties":{}},{"type":"Feature","geometry":{"type":"Point","coordinates":[107.01176423600003,-6.343777961999933,0]},"properties":{}},{"type":"Feature","geometry":{"type":"Point","coordinates":[107.01194423900006,-6.343754932999957,0]},"properties":{}},{"type":"Feature","geometry":{"type":"Point","coordinates":[107.01153932100004,-6.342472721999968,0]},"properties":{}},{"type":"Feature","geometry":{"type":"Point","coordinates":[107.01171926900008,-6.34250547399995,0]},"properties":{}},{"type":"Feature","geometry":{"type":"Point","coordinates":[107.01189498200006,-6.342750879999926,0]},"properties":{}},{"type":"Feature","geometry":{"type":"Point","coordinates":[107.01222701400008,-6.342714512999976,0]},"properties":{}},{"type":"Feature","geometry":{"type":"Point","coordinates":[107.01254581400008,-6.342808111999943,0]},"properties":{}},{"type":"Feature","geometry":{"type":"Point","coordinates":[107.01349584900004,-6.3427986349999514,0]},"properties":{}},{"type":"Feature","geometry":{"type":"Point","coordinates":[107.01208887400009,-6.346865736999973,0]},"properties":{}},{"type":"Feature","geometry":{"type":"Point","coordinates":[107.01748274500005,-6.331410559999938,0]},"properties":{}},{"type":"Feature","geometry":{"type":"Point","coordinates":[107.01288223900008,-6.326186335999978,0]},"properties":{}},{"type":"Feature","geometry":{"type":"Point","coordinates":[107.00815254500009,-6.3316841509999335,0]},"properties":{}},{"type":"Feature","geometry":{"type":"Point","coordinates":[107.00997617500008,-6.330975258999956,0]},"properties":{}},{"type":"Feature","geometry":{"type":"Point","coordinates":[107.01239812000006,-6.331001947999937,0]},"properties":{}},{"type":"Feature","geometry":{"type":"Point","coordinates":[107.01146098700008,-6.332797995999954,0]},"properties":{}},{"type":"Feature","geometry":{"type":"Point","coordinates":[107.01102837500008,-6.332596978999959,0]},"properties":{}},{"type":"Feature","geometry":{"type":"Point","coordinates":[107.00661806700003,-6.337468395999963,0]},"properties":{}},{"type":"Feature","geometry":{"type":"Point","coordinates":[107.00700445100006,-6.3375375989999725,0]},"properties":{}},{"type":"Feature","geometry":{"type":"Point","coordinates":[107.00713739800005,-6.337567280999963,0]},"properties":{}},{"type":"Feature","geometry":{"type":"Point","coordinates":[107.00732870700006,-6.337921208999944,0]},"properties":{}},{"type":"Feature","geometry":{"type":"Point","coordinates":[107.00894481600005,-6.33843135799998,0]},"properties":{}},{"type":"Feature","geometry":{"type":"Point","coordinates":[107.00945504300006,-6.338279303999968,0]},"properties":{}},{"type":"Feature","geometry":{"type":"Point","coordinates":[107.01149747800008,-6.337996094999937,0]},"properties":{}},{"type":"Feature","geometry":{"type":"Point","coordinates":[107.00777797500007,-6.341374663999943,0]},"properties":{}},{"type":"Feature","geometry":{"type":"Point","coordinates":[107.00776713100004,-6.34102437699994,0]},"properties":{}},{"type":"Feature","geometry":{"type":"Point","coordinates":[107.00788947000007,-6.34074101799996,0]},"properties":{}},{"type":"Feature","geometry":{"type":"Point","coordinates":[107.00801177400007,-6.340472304999935,0]},"properties":{}},{"type":"Feature","geometry":{"type":"Point","coordinates":[107.00841120700005,-6.340690447999975,0]},"properties":{}},{"type":"Feature","geometry":{"type":"Point","coordinates":[107.00871365600005,-6.340925419999962,0]},"properties":{}},{"type":"Feature","geometry":{"type":"Point","coordinates":[107.00575794200006,-6.342688965999969,0]},"properties":{}},{"type":"Feature","geometry":{"type":"Point","coordinates":[107.00720147300007,-6.343315595999968,0]},"properties":{}},{"type":"Feature","geometry":{"type":"Point","coordinates":[107.00745849700007,-6.343254027999933,0]},"properties":{}},{"type":"Feature","geometry":{"type":"Point","coordinates":[107.00740218400006,-6.343459741999936,0]},"properties":{}},{"type":"Feature","geometry":{"type":"Point","coordinates":[107.00766700300005,-6.343614216999981,0]},"properties":{}},{"type":"Feature","geometry":{"type":"Point","coordinates":[107.00709677200007,-6.344724008999947,0]},"properties":{}},{"type":"Feature","geometry":{"type":"Point","coordinates":[107.00737421800005,-6.344825455999967,0]},"properties":{}},{"type":"Feature","geometry":{"type":"Point","coordinates":[107.00713153400005,-6.349967058999937,0]},"properties":{}},{"type":"Feature","geometry":{"type":"Point","coordinates":[107.00641959300003,-6.349066647999962,0]},"properties":{}},{"type":"Feature","geometry":{"type":"Point","coordinates":[107.00687234700007,-6.349004590999925,0]},"properties":{}},{"type":"Feature","geometry":{"type":"Point","coordinates":[107.00667977400008,-6.349399423999955,0]},"properties":{}},{"type":"Feature","geometry":{"type":"Point","coordinates":[107.00640811700003,-6.349673507999967,0]},"properties":{}},{"type":"Feature","geometry":{"type":"Point","coordinates":[107.00526695900004,-6.349312682999937,0]},"properties":{}},{"type":"Feature","geometry":{"type":"Point","coordinates":[107.00541588600004,-6.349384703999931,0]},"properties":{}},{"type":"Feature","geometry":{"type":"Point","coordinates":[107.00656355500007,-6.350703188999944,0]},"properties":{}},{"type":"Feature","geometry":{"type":"Point","coordinates":[107.00888214600008,-6.350360861999945,0]},"properties":{}},{"type":"Feature","geometry":{"type":"Point","coordinates":[107.00932742600008,-6.350398550999955,0]},"properties":{}},{"type":"Feature","geometry":{"type":"Point","coordinates":[107.00873984600008,-6.350483373999964,0]},"properties":{}},{"type":"Feature","geometry":{"type":"Point","coordinates":[107.00873134700004,-6.350738446999969,0]},"properties":{}},{"type":"Feature","geometry":{"type":"Point","coordinates":[107.00953092800006,-6.350562211999943,0]},"properties":{}},{"type":"Feature","geometry":{"type":"Point","coordinates":[107.01134908800009,-6.352247120999948,0]},"properties":{}},{"type":"Feature","geometry":{"type":"Point","coordinates":[107.01145277200004,-6.352093839999952,0]},"properties":{}},{"type":"Feature","geometry":{"type":"Point","coordinates":[107.01188076500006,-6.352101035999965,0]},"properties":{}},{"type":"Feature","geometry":{"type":"Point","coordinates":[107.01221735100006,-6.352444720999927,0]},"properties":{}},{"type":"Feature","geometry":{"type":"Point","coordinates":[107.01247882900009,-6.352272652999943,0]},"properties":{}},{"type":"Feature","geometry":{"type":"Point","coordinates":[107.01269243600007,-6.35138528899995,0]},"properties":{}},{"type":"Feature","geometry":{"type":"Point","coordinates":[107.01532896000003,-6.3520294839999565,0]},"properties":{}},{"type":"Feature","geometry":{"type":"Point","coordinates":[107.01491791200004,-6.35266113199998,0]},"properties":{}},{"type":"Feature","geometry":{"type":"Point","coordinates":[107.01531898400003,-6.3503480419999505,0]},"properties":{}},{"type":"Feature","geometry":{"type":"Point","coordinates":[107.01533205500004,-6.349643086999947,0]},"properties":{}},{"type":"Feature","geometry":{"type":"Point","coordinates":[107.01522049700009,-6.34981610899996,0]},"properties":{}},{"type":"Feature","geometry":{"type":"Point","coordinates":[107.01515320400006,-6.35000920899995,0]},"properties":{}},{"type":"Feature","geometry":{"type":"Point","coordinates":[107.01472421000005,-6.350580172999969,0]},"properties":{}},{"type":"Feature","geometry":{"type":"Point","coordinates":[107.01647158000009,-6.345333737999965,0]},"properties":{}},{"type":"Feature","geometry":{"type":"Point","coordinates":[107.01648250400007,-6.345749205999937,0]},"properties":{}},{"type":"Feature","geometry":{"type":"Point","coordinates":[107.01682521100008,-6.347295277999933,0]},"properties":{}},{"type":"Feature","geometry":{"type":"Point","coordinates":[107.01664194800009,-6.347224027999971,0]},"properties":{}},{"type":"Feature","geometry":{"type":"Point","coordinates":[107.01638294400004,-6.34714809999997,0]},"properties":{}},{"type":"Feature","geometry":{"type":"Point","coordinates":[107.01489321900004,-6.336144210999976,0]},"properties":{}},{"type":"Feature","geometry":{"type":"Point","coordinates":[107.01517646000008,-6.336762217999933,0]},"properties":{}},{"type":"Feature","geometry":{"type":"Point","coordinates":[107.01428887200007,-6.335838630999945,0]},"properties":{}},{"type":"Feature","geometry":{"type":"Point","coordinates":[107.01428016600005,-6.335574133999955,0]},"properties":{}},{"type":"Feature","geometry":{"type":"Point","coordinates":[107.01209679200008,-6.332921287999966,0]},"properties":{}},{"type":"Feature","geometry":{"type":"Point","coordinates":[107.01222180400003,-6.333025765999935,0]},"properties":{}},{"type":"Feature","geometry":{"type":"Point","coordinates":[107.01197050100006,-6.333046539999941,0]},"properties":{}},{"type":"Feature","geometry":{"type":"Point","coordinates":[107.01198623800008,-6.333540101999972,0]},"properties":{}},{"type":"Feature","geometry":{"type":"Point","coordinates":[107.01354662100005,-6.333641543999931,0]},"properties":{}},{"type":"Feature","geometry":{"type":"Point","coordinates":[107.01272334500004,-6.333315564999964,0]},"properties":{}},{"type":"Feature","geometry":{"type":"Point","coordinates":[107.01115667000005,-6.3339927329999455,0]},"properties":{}},{"type":"Feature","geometry":{"type":"Point","coordinates":[107.01138467500004,-6.334069056999965,0]},"properties":{}},{"type":"Feature","geometry":{"type":"Point","coordinates":[107.01149444700008,-6.333808167999962,0]},"properties":{}},{"type":"Feature","geometry":{"type":"Point","coordinates":[107.01150812700007,-6.3339105469999595,0]},"properties":{}},{"type":"Feature","geometry":{"type":"Point","coordinates":[107.01266036400006,-6.3328492179999785,0]},"properties":{}},{"type":"Feature","geometry":{"type":"Point","coordinates":[107.01278946400004,-6.332959374999973,0]},"properties":{}},{"type":"Feature","geometry":{"type":"Point","coordinates":[107.01308227200008,-6.332922709999934,0]},"properties":{}},{"type":"Feature","geometry":{"type":"Point","coordinates":[107.01315262500009,-6.332749848999981,0]},"properties":{}},{"type":"Feature","geometry":{"type":"Point","coordinates":[107.01357436900008,-6.332267969999975,0]},"properties":{}},{"type":"Feature","geometry":{"type":"Point","coordinates":[107.01222067900005,-6.3321055149999665,0]},"properties":{}},{"type":"Feature","geometry":{"type":"Point","coordinates":[107.01263685200007,-6.331351711999957,0]},"properties":{}},{"type":"Feature","geometry":{"type":"Point","coordinates":[107.01254086300008,-6.331181666999953,0]},"properties":{}},{"type":"Feature","geometry":{"type":"Point","coordinates":[107.01528546300005,-6.334277949999944,0]},"properties":{}},{"type":"Feature","geometry":{"type":"Point","coordinates":[107.01546277400007,-6.334167506999961,0]},"properties":{}},{"type":"Feature","geometry":{"type":"Point","coordinates":[107.01557911600008,-6.33417971199998,0]},"properties":{}},{"type":"Feature","geometry":{"type":"Point","coordinates":[107.01556940800003,-6.3333311879999314,0]},"properties":{}},{"type":"Feature","geometry":{"type":"Point","coordinates":[107.01533395300004,-6.333290967999972,0]},"properties":{}},{"type":"Feature","geometry":{"type":"Point","coordinates":[107.01390109500005,-6.329862050999964,0]},"properties":{}},{"type":"Feature","geometry":{"type":"Point","coordinates":[107.01352105200004,-6.329911711999955,0]},"properties":{}},{"type":"Feature","geometry":{"type":"Point","coordinates":[107.00579694700008,-6.320256237999956,0]},"properties":{}},{"type":"Feature","geometry":{"type":"Point","coordinates":[107.00556798800005,-6.320305669999925,0]},"properties":{}},{"type":"Feature","geometry":{"type":"Point","coordinates":[107.00563319500009,-6.320156606999944,0]},"properties":{}},{"type":"Feature","geometry":{"type":"Point","coordinates":[107.00564420300009,-6.319542876999947,0]},"properties":{}},{"type":"Feature","geometry":{"type":"Point","coordinates":[107.00645184500007,-6.318679261999932,0]},"properties":{}},{"type":"Feature","geometry":{"type":"Point","coordinates":[107.00755284700006,-6.322446636999928,0]},"properties":{}},{"type":"Feature","geometry":{"type":"Point","coordinates":[107.01516516200007,-6.319978084999946,0]},"properties":{}},{"type":"Feature","geometry":{"type":"Point","coordinates":[107.01531812900004,-6.320162103999962,0]},"properties":{}},{"type":"Feature","geometry":{"type":"Point","coordinates":[107.01551268000009,-6.3202579049999486,0]},"properties":{}},{"type":"Feature","geometry":{"type":"Point","coordinates":[107.01579071400005,-6.320375078999973,0]},"properties":{}},{"type":"Feature","geometry":{"type":"Point","coordinates":[107.01665208400004,-6.321047079999971,0]},"properties":{}},{"type":"Feature","geometry":{"type":"Point","coordinates":[107.01680552300007,-6.321096208999961,0]},"properties":{}},{"type":"Feature","geometry":{"type":"Point","coordinates":[107.01984221600009,-6.320285945999956,0]},"properties":{}},{"type":"Feature","geometry":{"type":"Point","coordinates":[107.01949087100007,-6.320417586999952,0]},"properties":{}},{"type":"Feature","geometry":{"type":"Point","coordinates":[107.01970617700005,-6.3203429789999745,0]},"properties":{}},{"type":"Feature","geometry":{"type":"Point","coordinates":[107.01929377600004,-6.320434715999966,0]},"properties":{}},{"type":"Feature","geometry":{"type":"Point","coordinates":[107.02075623000007,-6.326880105999976,0]},"properties":{}},{"type":"Feature","geometry":{"type":"Point","coordinates":[107.02113411200008,-6.326833522999948,0]},"properties":{}},{"type":"Feature","geometry":{"type":"Point","coordinates":[107.02109797000008,-6.327136164999956,0]},"properties":{}},{"type":"Feature","geometry":{"type":"Point","coordinates":[107.02486493400005,-6.3262492499999325,0]},"properties":{}},{"type":"Feature","geometry":{"type":"Point","coordinates":[107.02393107700004,-6.321302852999963,0]},"properties":{}},{"type":"Feature","geometry":{"type":"Point","coordinates":[107.02430276300004,-6.321244087999958,0]},"properties":{}},{"type":"Feature","geometry":{"type":"Point","coordinates":[107.02375882800004,-6.319878441999947,0]},"properties":{}},{"type":"Feature","geometry":{"type":"Point","coordinates":[107.02396426900003,-6.319777019999947,0]},"properties":{}},{"type":"Feature","geometry":{"type":"Point","coordinates":[107.02412298500008,-6.319765914999948,0]},"properties":{}},{"type":"Feature","geometry":{"type":"Point","coordinates":[107.02427161600008,-6.320158966999941,0]},"properties":{}},{"type":"Feature","geometry":{"type":"Point","coordinates":[107.02901742900008,-6.3197059769999555,0]},"properties":{}},{"type":"Feature","geometry":{"type":"Point","coordinates":[107.02750734100005,-6.322875550999981,0]},"properties":{}},{"type":"Feature","geometry":{"type":"Point","coordinates":[107.02819757100008,-6.323033781999925,0]},"properties":{}},{"type":"Feature","geometry":{"type":"Point","coordinates":[107.02848815200008,-6.32245142499994,0]},"properties":{}},{"type":"Feature","geometry":{"type":"Point","coordinates":[107.02892543300004,-6.322484524999936,0]},"properties":{}},{"type":"Feature","geometry":{"type":"Point","coordinates":[107.02889738800008,-6.322730539999952,0]},"properties":{}},{"type":"Feature","geometry":{"type":"Point","coordinates":[107.02862639900007,-6.323192760999973,0]},"properties":{}},{"type":"Feature","geometry":{"type":"Point","coordinates":[107.02847772200005,-6.3233220799999685,0]},"properties":{}},{"type":"Feature","geometry":{"type":"Point","coordinates":[107.02832030100006,-6.323711802999981,0]},"properties":{}},{"type":"Feature","geometry":{"type":"Point","coordinates":[107.02835514000009,-6.324095713999952,0]},"properties":{}},{"type":"Feature","geometry":{"type":"Point","coordinates":[107.02848049500005,-6.324172340999951,0]},"properties":{}},{"type":"Feature","geometry":{"type":"Point","coordinates":[107.02976855000009,-6.323893741999939,0]},"properties":{}},{"type":"Feature","geometry":{"type":"Point","coordinates":[107.02984621700006,-6.3231883599999605,0]},"properties":{}},{"type":"Feature","geometry":{"type":"Point","coordinates":[107.03005064100006,-6.3234286749999455,0]},"properties":{}},{"type":"Feature","geometry":{"type":"Point","coordinates":[107.00928358500005,-6.257174443999929,0]},"properties":{}},{"type":"Feature","geometry":{"type":"Point","coordinates":[107.03431491400005,-6.286813504999941,0]},"properties":{}},{"type":"Feature","geometry":{"type":"Point","coordinates":[107.03452423200008,-6.286597522999955,0]},"properties":{}},{"type":"Feature","geometry":{"type":"Point","coordinates":[107.03464995700006,-6.2864233639999725,0]},"properties":{}},{"type":"Feature","geometry":{"type":"Point","coordinates":[107.03737319500004,-6.284090676999938,0]},"properties":{}},{"type":"Feature","geometry":{"type":"Point","coordinates":[107.03746439000008,-6.284145197999976,0]},"properties":{}},{"type":"Feature","geometry":{"type":"Point","coordinates":[107.03783676700004,-6.284828662999928,0]},"properties":{}},{"type":"Feature","geometry":{"type":"Point","coordinates":[107.03802888200005,-6.28627486299996,0]},"properties":{}},{"type":"Feature","geometry":{"type":"Point","coordinates":[107.03791098500005,-6.286347375999981,0]},"properties":{}},{"type":"Feature","geometry":{"type":"Point","coordinates":[107.03813453500004,-6.286538254999925,0]},"properties":{}},{"type":"Feature","geometry":{"type":"Point","coordinates":[107.03759259500004,-6.285722735999968,0]},"properties":{}},{"type":"Feature","geometry":{"type":"Point","coordinates":[107.03522842200005,-6.284805824999978,0]},"properties":{}},{"type":"Feature","geometry":{"type":"Point","coordinates":[107.03557570200007,-6.283194519999938,0]},"properties":{}},{"type":"Feature","geometry":{"type":"Point","coordinates":[107.02160936800004,-6.278999929999941,0]},"properties":{}},{"type":"Feature","geometry":{"type":"Point","coordinates":[107.02159018100008,-6.279178918999946,0]},"properties":{}},{"type":"Feature","geometry":{"type":"Point","coordinates":[107.02160851200006,-6.279550963999952,0]},"properties":{}},{"type":"Feature","geometry":{"type":"Point","coordinates":[107.02130463700007,-6.279591373999949,0]},"properties":{}},{"type":"Feature","geometry":{"type":"Point","coordinates":[107.02001261300006,-6.281722464999973,0]},"properties":{}},{"type":"Feature","geometry":{"type":"Point","coordinates":[107.01727894900006,-6.261919552999927,0]},"properties":{}},{"type":"Feature","geometry":{"type":"Point","coordinates":[107.01698363400004,-6.261951968999938,0]},"properties":{}},{"type":"Feature","geometry":{"type":"Point","coordinates":[107.01697214800004,-6.261807632999933,0]},"properties":{}},{"type":"Feature","geometry":{"type":"Point","coordinates":[107.01681920600004,-6.261576687999934,0]},"properties":{}},{"type":"Feature","geometry":{"type":"Point","coordinates":[107.01778762100008,-6.261264043999972,0]},"properties":{}},{"type":"Feature","geometry":{"type":"Point","coordinates":[107.01899524100008,-6.255460593999942,0]},"properties":{}},{"type":"Feature","geometry":{"type":"Point","coordinates":[107.01926201200007,-6.25648975799993,0]},"properties":{}},{"type":"Feature","geometry":{"type":"Point","coordinates":[107.02076325100006,-6.260986887999934,0]},"properties":{}},{"type":"Feature","geometry":{"type":"Point","coordinates":[107.02040916500005,-6.261477081999942,0]},"properties":{}},{"type":"Feature","geometry":{"type":"Point","coordinates":[107.02057394100007,-6.261566130999938,0]},"properties":{}},{"type":"Feature","geometry":{"type":"Point","coordinates":[107.02076291900005,-6.261605543999963,0]},"properties":{}},{"type":"Feature","geometry":{"type":"Point","coordinates":[107.01520724700003,-6.283549867999966,0]},"properties":{}},{"type":"Feature","geometry":{"type":"Point","coordinates":[107.00702946400008,-6.282135878999952,0]},"properties":{}},{"type":"Feature","geometry":{"type":"Point","coordinates":[107.00708359700008,-6.282351293999966,0]},"properties":{}},{"type":"Feature","geometry":{"type":"Point","coordinates":[107.00736777400004,-6.282332573999952,0]},"properties":{}},{"type":"Feature","geometry":{"type":"Point","coordinates":[107.00892007800007,-6.284018501999981,0]},"properties":{}},{"type":"Feature","geometry":{"type":"Point","coordinates":[107.00906138800008,-6.283947350999938,0]},"properties":{}},{"type":"Feature","geometry":{"type":"Point","coordinates":[107.00907865600004,-6.284091393999972,0]},"properties":{}},{"type":"Feature","geometry":{"type":"Point","coordinates":[107.01284219900003,-6.272613891999981,0]},"properties":{}},{"type":"Feature","geometry":{"type":"Point","coordinates":[107.01267372700005,-6.272621952999941,0]},"properties":{}},{"type":"Feature","geometry":{"type":"Point","coordinates":[107.00849536900006,-6.276251403999936,0]},"properties":{}},{"type":"Feature","geometry":{"type":"Point","coordinates":[107.00879834700004,-6.276353667999956,0]},"properties":{}},{"type":"Feature","geometry":{"type":"Point","coordinates":[107.00808184600004,-6.280687757999942,0]},"properties":{}},{"type":"Feature","geometry":{"type":"Point","coordinates":[107.00836062900004,-6.278861718999963,0]},"properties":{}},{"type":"Feature","geometry":{"type":"Point","coordinates":[107.01018253400008,-6.2770152919999305,0]},"properties":{}},{"type":"Feature","geometry":{"type":"Point","coordinates":[107.01025916300006,-6.277300956999966,0]},"properties":{}},{"type":"Feature","geometry":{"type":"Point","coordinates":[107.01000652500005,-6.277791392999973,0]},"properties":{}},{"type":"Feature","geometry":{"type":"Point","coordinates":[107.00972204200008,-6.2776353569999515,0]},"properties":{}},{"type":"Feature","geometry":{"type":"Point","coordinates":[107.00852232700004,-6.2797726789999615,0]},"properties":{}},{"type":"Feature","geometry":{"type":"Point","coordinates":[107.00875524200006,-6.282384745999934,0]},"properties":{}},{"type":"Feature","geometry":{"type":"Point","coordinates":[107.00787640100003,-6.2835902719999694,0]},"properties":{}},{"type":"Feature","geometry":{"type":"Point","coordinates":[107.00831898200005,-6.283599330999948,0]},"properties":{}},{"type":"Feature","geometry":{"type":"Point","coordinates":[107.00852429100007,-6.283559575999959,0]},"properties":{}},{"type":"Feature","geometry":{"type":"Point","coordinates":[107.00888542600006,-6.283535315999927,0]},"properties":{}},{"type":"Feature","geometry":{"type":"Point","coordinates":[107.00973611800003,-6.283306028999959,0]},"properties":{}},{"type":"Feature","geometry":{"type":"Point","coordinates":[107.01168887800009,-6.281512520999968,0]},"properties":{}},{"type":"Feature","geometry":{"type":"Point","coordinates":[107.01020381200004,-6.281148643999927,0]},"properties":{}},{"type":"Feature","geometry":{"type":"Point","coordinates":[107.01059060500006,-6.280770971999971,0]},"properties":{}},{"type":"Feature","geometry":{"type":"Point","coordinates":[107.01103947600006,-6.280889578999961,0]},"properties":{}},{"type":"Feature","geometry":{"type":"Point","coordinates":[107.01328491700008,-6.278919463999955,0]},"properties":{}},{"type":"Feature","geometry":{"type":"Point","coordinates":[107.01284643200006,-6.278705257999945,0]},"properties":{}},{"type":"Feature","geometry":{"type":"Point","coordinates":[107.01248744700007,-6.2787003099999765,0]},"properties":{}},{"type":"Feature","geometry":{"type":"Point","coordinates":[107.01211183100008,-6.2788583399999425,0]},"properties":{}},{"type":"Feature","geometry":{"type":"Point","coordinates":[107.01226015800006,-6.2789212349999275,0]},"properties":{}},{"type":"Feature","geometry":{"type":"Point","coordinates":[107.01182425000007,-6.278789740999969,0]},"properties":{}},{"type":"Feature","geometry":{"type":"Point","coordinates":[107.00505601800006,-6.278437267999948,0]},"properties":{}},{"type":"Feature","geometry":{"type":"Point","coordinates":[107.00521111300009,-6.278427180999927,0]},"properties":{}},{"type":"Feature","geometry":{"type":"Point","coordinates":[107.00386560100009,-6.278239855999971,0]},"properties":{}},{"type":"Feature","geometry":{"type":"Point","coordinates":[107.00719728600006,-6.274762574999954,0]},"properties":{}},{"type":"Feature","geometry":{"type":"Point","coordinates":[107.00803467400004,-6.271132478999959,0]},"properties":{}},{"type":"Feature","geometry":{"type":"Point","coordinates":[107.00958711200008,-6.270600173999981,0]},"properties":{}},{"type":"Feature","geometry":{"type":"Point","coordinates":[107.00878515300008,-6.2710929869999745,0]},"properties":{}},{"type":"Feature","geometry":{"type":"Point","coordinates":[107.00904000600008,-6.270944916999952,0]},"properties":{}},{"type":"Feature","geometry":{"type":"Point","coordinates":[107.01280886400008,-6.26931785499994,0]},"properties":{}},{"type":"Feature","geometry":{"type":"Point","coordinates":[107.01163495200007,-6.269530660999976,0]},"properties":{}},{"type":"Feature","geometry":{"type":"Point","coordinates":[107.01187555900009,-6.269531997999934,0]},"properties":{}},{"type":"Feature","geometry":{"type":"Point","coordinates":[107.01207169800006,-6.26863395099997,0]},"properties":{}},{"type":"Feature","geometry":{"type":"Point","coordinates":[107.00855845100006,-6.269815039999969,0]},"properties":{}},{"type":"Feature","geometry":{"type":"Point","coordinates":[107.00784647300009,-6.268747339999948,0]},"properties":{}},{"type":"Feature","geometry":{"type":"Point","coordinates":[107.00772712500009,-6.269551160999981,0]},"properties":{}},{"type":"Feature","geometry":{"type":"Point","coordinates":[107.00760367000004,-6.269423615999926,0]},"properties":{}},{"type":"Feature","geometry":{"type":"Point","coordinates":[107.00721637700008,-6.269008228999951,0]},"properties":{}},{"type":"Feature","geometry":{"type":"Point","coordinates":[107.00757214800007,-6.269922244999975,0]},"properties":{}},{"type":"Feature","geometry":{"type":"Point","coordinates":[107.00368644600007,-6.269824919999962,0]},"properties":{}},{"type":"Feature","geometry":{"type":"Point","coordinates":[107.00556754100006,-6.267697750999957,0]},"properties":{}},{"type":"Feature","geometry":{"type":"Point","coordinates":[107.00549556400006,-6.267895114999931,0]},"properties":{}},{"type":"Feature","geometry":{"type":"Point","coordinates":[107.00783663300007,-6.258254474999944,0]},"properties":{}},{"type":"Feature","geometry":{"type":"Point","coordinates":[107.00693348500005,-6.257679046999954,0]},"properties":{}},{"type":"Feature","geometry":{"type":"Point","coordinates":[107.00757519100006,-6.257906319999961,0]},"properties":{}},{"type":"Feature","geometry":{"type":"Point","coordinates":[107.00670606700004,-6.257983776999936,0]},"properties":{}},{"type":"Feature","geometry":{"type":"Point","coordinates":[107.00728461100005,-6.258658086999958,0]},"properties":{}},{"type":"Feature","geometry":{"type":"Point","coordinates":[107.00661278600006,-6.258564460999935,0]},"properties":{}},{"type":"Feature","geometry":{"type":"Point","coordinates":[107.00646944300007,-6.258527669999978,0]},"properties":{}},{"type":"Feature","geometry":{"type":"Point","coordinates":[107.00522364000005,-6.258080028999927,0]},"properties":{}},{"type":"Feature","geometry":{"type":"Point","coordinates":[107.00533255200008,-6.258114690999946,0]},"properties":{}},{"type":"Feature","geometry":{"type":"Point","coordinates":[107.00545606700007,-6.2581644859999415,0]},"properties":{}},{"type":"Feature","geometry":{"type":"Point","coordinates":[107.00557213300004,-6.258203550999951,0]},"properties":{}},{"type":"Feature","geometry":{"type":"Point","coordinates":[107.00570436800007,-6.258241740999949,0]},"properties":{}},{"type":"Feature","geometry":{"type":"Point","coordinates":[107.00799294800004,-6.257855720999942,0]},"properties":{}},{"type":"Feature","geometry":{"type":"Point","coordinates":[107.00942685400008,-6.259508583999946,0]},"properties":{}},{"type":"Feature","geometry":{"type":"Point","coordinates":[107.00956050900004,-6.2595636729999455,0]},"properties":{}},{"type":"Feature","geometry":{"type":"Point","coordinates":[107.00967016000004,-6.259602579999978,0]},"properties":{}},{"type":"Feature","geometry":{"type":"Point","coordinates":[107.00980176800005,-6.259642216999964,0]},"properties":{}},{"type":"Feature","geometry":{"type":"Point","coordinates":[107.00991067800004,-6.259676335999927,0]},"properties":{}},{"type":"Feature","geometry":{"type":"Point","coordinates":[107.01668774400008,-6.260939730999951,0]},"properties":{}},{"type":"Feature","geometry":{"type":"Point","coordinates":[107.01565135800007,-6.260868312999946,0]},"properties":{}},{"type":"Feature","geometry":{"type":"Point","coordinates":[107.01546613900007,-6.2607726499999785,0]},"properties":{}},{"type":"Feature","geometry":{"type":"Point","coordinates":[107.01557428400008,-6.260842842999978,0]},"properties":{}},{"type":"Feature","geometry":{"type":"Point","coordinates":[107.01474073900005,-6.256247652999946,0]},"properties":{}},{"type":"Feature","geometry":{"type":"Point","coordinates":[107.01477173900008,-6.256109210999966,0]},"properties":{}},{"type":"Feature","geometry":{"type":"Point","coordinates":[107.01472819300005,-6.2558971009999595,0]},"properties":{}},{"type":"Feature","geometry":{"type":"Point","coordinates":[107.01474918800005,-6.255741158999967,0]},"properties":{}},{"type":"Feature","geometry":{"type":"Point","coordinates":[107.01542100300009,-6.2554797449999455,0]},"properties":{}},{"type":"Feature","geometry":{"type":"Point","coordinates":[107.01597245200009,-6.255212644999972,0]},"properties":{}},{"type":"Feature","geometry":{"type":"Point","coordinates":[107.01611528000007,-6.255257119999953,0]},"properties":{}},{"type":"Feature","geometry":{"type":"Point","coordinates":[107.01624070100007,-6.255356176999953,0]},"properties":{}},{"type":"Feature","geometry":{"type":"Point","coordinates":[107.01577379300005,-6.255805665999958,0]},"properties":{}},{"type":"Feature","geometry":{"type":"Point","coordinates":[107.01593994000007,-6.255876178999927,0]},"properties":{}},{"type":"Feature","geometry":{"type":"Point","coordinates":[107.01619636000004,-6.255926906999946,0]},"properties":{}},{"type":"Feature","geometry":{"type":"Point","coordinates":[107.00954700600005,-6.257236630999955,0]},"properties":{}},{"type":"Feature","geometry":{"type":"Point","coordinates":[107.00939701300007,-6.257185220999929,0]},"properties":{}},{"type":"Feature","geometry":{"type":"Point","coordinates":[107.00746115300007,-6.253285561999974,0]},"properties":{}},{"type":"Feature","geometry":{"type":"Point","coordinates":[107.03562876700005,-6.312070659999961,0]},"properties":{}},{"type":"Feature","geometry":{"type":"Point","coordinates":[107.03847035500007,-6.313430456999981,0]},"properties":{}},{"type":"Feature","geometry":{"type":"Point","coordinates":[107.03648170100007,-6.313659644999973,0]},"properties":{}},{"type":"Feature","geometry":{"type":"Point","coordinates":[107.03653944100006,-6.313521459999947,0]},"properties":{}},{"type":"Feature","geometry":{"type":"Point","coordinates":[107.03717101500007,-6.31317110599997,0]},"properties":{}},{"type":"Feature","geometry":{"type":"Point","coordinates":[107.03854376800007,-6.317274679999969,0]},"properties":{}},{"type":"Feature","geometry":{"type":"Point","coordinates":[107.03966018100004,-6.316204961999972,0]},"properties":{}},{"type":"Feature","geometry":{"type":"Point","coordinates":[107.03933132700007,-6.315915866999944,0]},"properties":{}},{"type":"Feature","geometry":{"type":"Point","coordinates":[107.03835889200008,-6.315980068999977,0]},"properties":{}},{"type":"Feature","geometry":{"type":"Point","coordinates":[107.03812187600005,-6.315631035999957,0]},"properties":{}},{"type":"Feature","geometry":{"type":"Point","coordinates":[107.03763270700006,-6.315335967999943,0]},"properties":{}},{"type":"Feature","geometry":{"type":"Point","coordinates":[107.03665522400007,-6.315033498999981,0]},"properties":{}},{"type":"Feature","geometry":{"type":"Point","coordinates":[107.03615042600006,-6.316102536999949,0]},"properties":{}},{"type":"Feature","geometry":{"type":"Point","coordinates":[107.03606360400005,-6.316313251999929,0]},"properties":{}},{"type":"Feature","geometry":{"type":"Point","coordinates":[107.03597582300006,-6.316787412999929,0]},"properties":{}},{"type":"Feature","geometry":{"type":"Point","coordinates":[107.04065888400004,-6.235127560999956,0]},"properties":{}},{"type":"Feature","geometry":{"type":"Point","coordinates":[107.00023483300004,-6.20196421199995,0]},"properties":{}},{"type":"Feature","geometry":{"type":"Point","coordinates":[107.00051048000006,-6.202138110999954,0]},"properties":{}},{"type":"Feature","geometry":{"type":"Point","coordinates":[107.00091568200008,-6.2025299469999595,0]},"properties":{}},{"type":"Feature","geometry":{"type":"Point","coordinates":[107.00025834000007,-6.20302352799996,0]},"properties":{}},{"type":"Feature","geometry":{"type":"Point","coordinates":[107.00235725200008,-6.189360968999949,0]},"properties":{}},{"type":"Feature","geometry":{"type":"Point","coordinates":[107.00354072000005,-6.187986366999951,0]},"properties":{}},{"type":"Feature","geometry":{"type":"Point","coordinates":[107.00357143900004,-6.188155494999933,0]},"properties":{}},{"type":"Feature","geometry":{"type":"Point","coordinates":[107.00290893600004,-6.189216855999973,0]},"properties":{}},{"type":"Feature","geometry":{"type":"Point","coordinates":[107.00276377100005,-6.189482209999937,0]},"properties":{}},{"type":"Feature","geometry":{"type":"Point","coordinates":[107.00089250300005,-6.207687465999925,0]},"properties":{}},{"type":"Feature","geometry":{"type":"Point","coordinates":[107.00379339800008,-6.2217457099999365,0]},"properties":{}},{"type":"Feature","geometry":{"type":"Point","coordinates":[107.00388253600005,-6.221690222999939,0]},"properties":{}},{"type":"Feature","geometry":{"type":"Point","coordinates":[107.00145849700004,-6.199767279999946,0]},"properties":{}},{"type":"Feature","geometry":{"type":"Point","coordinates":[107.00240926400005,-6.197216887999957,0]},"properties":{}},{"type":"Feature","geometry":{"type":"Point","coordinates":[107.00261673600005,-6.237530640999978,0]},"properties":{}},{"type":"Feature","geometry":{"type":"Point","coordinates":[107.00271974300006,-6.237415339999927,0]},"properties":{}},{"type":"Feature","geometry":{"type":"Point","coordinates":[107.00248868500006,-6.23723666799998,0]},"properties":{}},{"type":"Feature","geometry":{"type":"Point","coordinates":[107.00229977200007,-6.237140920999934,0]},"properties":{}},{"type":"Feature","geometry":{"type":"Point","coordinates":[107.00359010500006,-6.236863253999957,0]},"properties":{}},{"type":"Feature","geometry":{"type":"Point","coordinates":[107.00351534300006,-6.237398030999941,0]},"properties":{}},{"type":"Feature","geometry":{"type":"Point","coordinates":[107.00014049500004,-6.239227970999934,0]},"properties":{}},{"type":"Feature","geometry":{"type":"Point","coordinates":[107.00011800200008,-6.238990372999979,0]},"properties":{}},{"type":"Feature","geometry":{"type":"Point","coordinates":[107.00285227400008,-6.2472572019999575,0]},"properties":{}},{"type":"Feature","geometry":{"type":"Point","coordinates":[107.00300317000006,-6.2472855579999305,0]},"properties":{}},{"type":"Feature","geometry":{"type":"Point","coordinates":[107.00290842400005,-6.24741176699996,0]},"properties":{}},{"type":"Feature","geometry":{"type":"Point","coordinates":[107.00480408300007,-6.172971673999939,0]},"properties":{}},{"type":"Feature","geometry":{"type":"Point","coordinates":[107.00126617900008,-6.172447060999957,0]},"properties":{}},{"type":"Feature","geometry":{"type":"Point","coordinates":[107.00157522400008,-6.18084166899996,0]},"properties":{}},{"type":"Feature","geometry":{"type":"Point","coordinates":[107.00638378600007,-6.189352092999968,0]},"properties":{}},{"type":"Feature","geometry":{"type":"Point","coordinates":[107.00634878700004,-6.189557089999937,0]},"properties":{}},{"type":"Feature","geometry":{"type":"Point","coordinates":[107.00645614400008,-6.18959112899995,0]},"properties":{}},{"type":"Feature","geometry":{"type":"Point","coordinates":[107.00673877900005,-6.188937585999952,0]},"properties":{}},{"type":"Feature","geometry":{"type":"Point","coordinates":[107.00673014500006,-6.188732211999934,0]},"properties":{}},{"type":"Feature","geometry":{"type":"Point","coordinates":[107.00511745800009,-6.190359955999952,0]},"properties":{}},{"type":"Feature","geometry":{"type":"Point","coordinates":[107.00501129000008,-6.190449770999976,0]},"properties":{}},{"type":"Feature","geometry":{"type":"Point","coordinates":[107.00489309700004,-6.1905848349999815,0]},"properties":{}},{"type":"Feature","geometry":{"type":"Point","coordinates":[107.00475420600009,-6.190860742999973,0]},"properties":{}},{"type":"Feature","geometry":{"type":"Point","coordinates":[107.00483133900008,-6.190952667999966,0]},"properties":{}},{"type":"Feature","geometry":{"type":"Point","coordinates":[107.00477970500003,-6.191130514999941,0]},"properties":{}},{"type":"Feature","geometry":{"type":"Point","coordinates":[107.00485385600007,-6.191150394999966,0]},"properties":{}},{"type":"Feature","geometry":{"type":"Point","coordinates":[107.00526996400004,-6.191106963999971,0]},"properties":{}},{"type":"Feature","geometry":{"type":"Point","coordinates":[107.00543654200004,-6.190986362999979,0]},"properties":{}},{"type":"Feature","geometry":{"type":"Point","coordinates":[107.00539316100009,-6.19074188299993,0]},"properties":{}},{"type":"Feature","geometry":{"type":"Point","coordinates":[107.00555580500009,-6.191350618999934,0]},"properties":{}},{"type":"Feature","geometry":{"type":"Point","coordinates":[107.00654300800005,-6.2028494969999315,0]},"properties":{}},{"type":"Feature","geometry":{"type":"Point","coordinates":[107.00638672300005,-6.202849636999929,0]},"properties":{}},{"type":"Feature","geometry":{"type":"Point","coordinates":[107.00659096200008,-6.202916940999955,0]},"properties":{}},{"type":"Feature","geometry":{"type":"Point","coordinates":[107.00588482600006,-6.2029755779999505,0]},"properties":{}},{"type":"Feature","geometry":{"type":"Point","coordinates":[107.00575993500007,-6.2026537469999425,0]},"properties":{}},{"type":"Feature","geometry":{"type":"Point","coordinates":[107.00575205700005,-6.203652151999961,0]},"properties":{}},{"type":"Feature","geometry":{"type":"Point","coordinates":[107.00586001000005,-6.203771262999965,0]},"properties":{}},{"type":"Feature","geometry":{"type":"Point","coordinates":[107.00576857400006,-6.203815547999966,0]},"properties":{}},{"type":"Feature","geometry":{"type":"Point","coordinates":[107.00572497100006,-6.203943097999968,0]},"properties":{}},{"type":"Feature","geometry":{"type":"Point","coordinates":[107.00571670600004,-6.204074762999937,0]},"properties":{}},{"type":"Feature","geometry":{"type":"Point","coordinates":[107.00613475000006,-6.209386457999926,0]},"properties":{}},{"type":"Feature","geometry":{"type":"Point","coordinates":[107.00601034100004,-6.197416455999928,0]},"properties":{}},{"type":"Feature","geometry":{"type":"Point","coordinates":[107.00615468900008,-6.19755667499993,0]},"properties":{}},{"type":"Feature","geometry":{"type":"Point","coordinates":[107.00611392300004,-6.197646061999933,0]},"properties":{}},{"type":"Feature","geometry":{"type":"Point","coordinates":[107.00624416900007,-6.197688150999966,0]},"properties":{}},{"type":"Feature","geometry":{"type":"Point","coordinates":[107.00624372600004,-6.197786063999956,0]},"properties":{}},{"type":"Feature","geometry":{"type":"Point","coordinates":[107.00586387500005,-6.200851158999967,0]},"properties":{}},{"type":"Feature","geometry":{"type":"Point","coordinates":[107.01171554100006,-6.200090793999948,0]},"properties":{}},{"type":"Feature","geometry":{"type":"Point","coordinates":[107.01175237300004,-6.200274814999943,0]},"properties":{}},{"type":"Feature","geometry":{"type":"Point","coordinates":[107.01167237700008,-6.200476907999928,0]},"properties":{}},{"type":"Feature","geometry":{"type":"Point","coordinates":[107.01154006800004,-6.2004862709999315,0]},"properties":{}},{"type":"Feature","geometry":{"type":"Point","coordinates":[107.01144148200007,-6.2007413229999315,0]},"properties":{}},{"type":"Feature","geometry":{"type":"Point","coordinates":[107.01365510400007,-6.197259363999933,0]},"properties":{}},{"type":"Feature","geometry":{"type":"Point","coordinates":[107.01372679200006,-6.197272833999932,0]},"properties":{}},{"type":"Feature","geometry":{"type":"Point","coordinates":[107.01426084200006,-6.197718864999956,0]},"properties":{}},{"type":"Feature","geometry":{"type":"Point","coordinates":[107.01539906800008,-6.199782428999981,0]},"properties":{}},{"type":"Feature","geometry":{"type":"Point","coordinates":[107.01644595100004,-6.199581629999955,0]},"properties":{}},{"type":"Feature","geometry":{"type":"Point","coordinates":[107.01644317000006,-6.199872028999948,0]},"properties":{}},{"type":"Feature","geometry":{"type":"Point","coordinates":[107.01654487700006,-6.1998923449999666,0]},"properties":{}},{"type":"Feature","geometry":{"type":"Point","coordinates":[107.01681284000006,-6.199731755999949,0]},"properties":{}},{"type":"Feature","geometry":{"type":"Point","coordinates":[107.01690657900008,-6.199961124999959,0]},"properties":{}},{"type":"Feature","geometry":{"type":"Point","coordinates":[107.01709970500008,-6.1992677789999675,0]},"properties":{}},{"type":"Feature","geometry":{"type":"Point","coordinates":[107.03554516200006,-6.242670228999941,0]},"properties":{}},{"type":"Feature","geometry":{"type":"Point","coordinates":[107.03536533100004,-6.242657995999934,0]},"properties":{}},{"type":"Feature","geometry":{"type":"Point","coordinates":[107.03516184800009,-6.242650555999944,0]},"properties":{}},{"type":"Feature","geometry":{"type":"Point","coordinates":[107.03505208700005,-6.242652336999981,0]},"properties":{}},{"type":"Feature","geometry":{"type":"Point","coordinates":[107.03493354000005,-6.242390887999932,0]},"properties":{}},{"type":"Feature","geometry":{"type":"Point","coordinates":[107.03483714600009,-6.242157740999971,0]},"properties":{}},{"type":"Feature","geometry":{"type":"Point","coordinates":[107.03611195900004,-6.241893073999961,0]},"properties":{}},{"type":"Feature","geometry":{"type":"Point","coordinates":[107.03581980600006,-6.241781014999958,0]},"properties":{}},{"type":"Feature","geometry":{"type":"Point","coordinates":[107.03893909800007,-6.2324775439999485,0]},"properties":{}},{"type":"Feature","geometry":{"type":"Point","coordinates":[107.03854496500009,-6.232227648999981,0]},"properties":{}},{"type":"Feature","geometry":{"type":"Point","coordinates":[107.03863687900008,-6.232026410999936,0]},"properties":{}},{"type":"Feature","geometry":{"type":"Point","coordinates":[107.03842873800005,-6.231841069999973,0]},"properties":{}},{"type":"Feature","geometry":{"type":"Point","coordinates":[107.03758071800007,-6.229574880999962,0]},"properties":{}},{"type":"Feature","geometry":{"type":"Point","coordinates":[107.03729355100006,-6.229605823999975,0]},"properties":{}},{"type":"Feature","geometry":{"type":"Point","coordinates":[107.04153786300009,-6.245356935999951,0]},"properties":{}},{"type":"Feature","geometry":{"type":"Point","coordinates":[107.04064785100007,-6.245115388999977,0]},"properties":{}},{"type":"Feature","geometry":{"type":"Point","coordinates":[107.04038942300008,-6.24596711199996,0]},"properties":{}},{"type":"Feature","geometry":{"type":"Point","coordinates":[107.04101747100009,-6.246030671999961,0]},"properties":{}},{"type":"Feature","geometry":{"type":"Point","coordinates":[107.03349543300004,-6.242832565999947,0]},"properties":{}},{"type":"Feature","geometry":{"type":"Point","coordinates":[107.03299603100004,-6.243048577999957,0]},"properties":{}},{"type":"Feature","geometry":{"type":"Point","coordinates":[107.03274972800006,-6.243135867999968,0]},"properties":{}},{"type":"Feature","geometry":{"type":"Point","coordinates":[107.02165824000008,-6.203375144999939,0]},"properties":{}},{"type":"Feature","geometry":{"type":"Point","coordinates":[107.02107078900008,-6.203094864999969,0]},"properties":{}},{"type":"Feature","geometry":{"type":"Point","coordinates":[107.02006195100006,-6.201259196999956,0]},"properties":{}},{"type":"Feature","geometry":{"type":"Point","coordinates":[107.02004038100006,-6.20105098099998,0]},"properties":{}},{"type":"Feature","geometry":{"type":"Point","coordinates":[107.01968983000006,-6.201111533999949,0]},"properties":{}},{"type":"Feature","geometry":{"type":"Point","coordinates":[107.01882011800006,-6.201981854999929,0]},"properties":{}},{"type":"Feature","geometry":{"type":"Point","coordinates":[107.01869033900005,-6.2022999509999295,0]},"properties":{}},{"type":"Feature","geometry":{"type":"Point","coordinates":[107.02050999600004,-6.20608912199998,0]},"properties":{}},{"type":"Feature","geometry":{"type":"Point","coordinates":[107.02047126200006,-6.206189350999978,0]},"properties":{}},{"type":"Feature","geometry":{"type":"Point","coordinates":[107.02017468800005,-6.206712945999925,0]},"properties":{}},{"type":"Feature","geometry":{"type":"Point","coordinates":[107.02016292200005,-6.206825637999941,0]},"properties":{}},{"type":"Feature","geometry":{"type":"Point","coordinates":[107.02139970600007,-6.207217532999948,0]},"properties":{}},{"type":"Feature","geometry":{"type":"Point","coordinates":[107.02153919000006,-6.2071942169999375,0]},"properties":{}},{"type":"Feature","geometry":{"type":"Point","coordinates":[107.02149194100008,-6.206956626999954,0]},"properties":{}},{"type":"Feature","geometry":{"type":"Point","coordinates":[107.02028537100006,-6.208424202999936,0]},"properties":{}},{"type":"Feature","geometry":{"type":"Point","coordinates":[107.02561646600009,-6.210085392999929,0]},"properties":{}},{"type":"Feature","geometry":{"type":"Point","coordinates":[107.02647707300008,-6.2100483749999285,0]},"properties":{}},{"type":"Feature","geometry":{"type":"Point","coordinates":[107.02994290800007,-6.210823795999943,0]},"properties":{}},{"type":"Feature","geometry":{"type":"Point","coordinates":[107.02129216600008,-6.204909395999948,0]},"properties":{}},{"type":"Feature","geometry":{"type":"Point","coordinates":[107.02128264100008,-6.204993781999974,0]},"properties":{}},{"type":"Feature","geometry":{"type":"Point","coordinates":[107.02124882500004,-6.205057015999955,0]},"properties":{}},{"type":"Feature","geometry":{"type":"Point","coordinates":[107.02122936500007,-6.205142252999963,0]},"properties":{}},{"type":"Feature","geometry":{"type":"Point","coordinates":[107.02120466800005,-6.205204185999946,0]},"properties":{}},{"type":"Feature","geometry":{"type":"Point","coordinates":[107.00833750200007,-6.176428751999936,0]},"properties":{}},{"type":"Feature","geometry":{"type":"Point","coordinates":[107.01012079400004,-6.175521100999958,0]},"properties":{}},{"type":"Feature","geometry":{"type":"Point","coordinates":[107.01016740400007,-6.179781124999977,0]},"properties":{}},{"type":"Feature","geometry":{"type":"Point","coordinates":[107.01064903700006,-6.179772974999935,0]},"properties":{}},{"type":"Feature","geometry":{"type":"Point","coordinates":[107.01064873800004,-6.18014852999994,0]},"properties":{}},{"type":"Feature","geometry":{"type":"Point","coordinates":[107.00993460100005,-6.180089391999957,0]},"properties":{}},{"type":"Feature","geometry":{"type":"Point","coordinates":[107.00939950400004,-6.181752840999934,0]},"properties":{}},{"type":"Feature","geometry":{"type":"Point","coordinates":[107.00707300200008,-6.185868054999958,0]},"properties":{}},{"type":"Feature","geometry":{"type":"Point","coordinates":[107.00695231300006,-6.185868058999972,0]},"properties":{}},{"type":"Feature","geometry":{"type":"Point","coordinates":[107.00687017000007,-6.1858605949999514,0]},"properties":{}},{"type":"Feature","geometry":{"type":"Point","coordinates":[107.00673755900004,-6.185837137999954,0]},"properties":{}},{"type":"Feature","geometry":{"type":"Point","coordinates":[107.00656939900006,-6.1858969899999465,0]},"properties":{}},{"type":"Feature","geometry":{"type":"Point","coordinates":[107.00616305800008,-6.185774485999957,0]},"properties":{}},{"type":"Feature","geometry":{"type":"Point","coordinates":[107.00611843600007,-6.1858952579999595,0]},"properties":{}},{"type":"Feature","geometry":{"type":"Point","coordinates":[107.00582226900008,-6.186266416999956,0]},"properties":{}},{"type":"Feature","geometry":{"type":"Point","coordinates":[107.00614493200004,-6.186381643999937,0]},"properties":{}},{"type":"Feature","geometry":{"type":"Point","coordinates":[107.00581761300003,-6.186732397999947,0]},"properties":{}},{"type":"Feature","geometry":{"type":"Point","coordinates":[107.00560380000007,-6.186735736999935,0]},"properties":{}},{"type":"Feature","geometry":{"type":"Point","coordinates":[107.00701939000004,-6.186144001999935,0]},"properties":{}},{"type":"Feature","geometry":{"type":"Point","coordinates":[107.00717332400006,-6.186144504999959,0]},"properties":{}},{"type":"Feature","geometry":{"type":"Point","coordinates":[107.00704815400007,-6.1868002559999695,0]},"properties":{}},{"type":"Feature","geometry":{"type":"Point","coordinates":[107.00702752500007,-6.187055103999967,0]},"properties":{}},{"type":"Feature","geometry":{"type":"Point","coordinates":[107.00695985500005,-6.187244401999976,0]},"properties":{}},{"type":"Feature","geometry":{"type":"Point","coordinates":[107.00599100400007,-6.189735369999937,0]},"properties":{}},{"type":"Feature","geometry":{"type":"Point","coordinates":[107.00607720300007,-6.189452880999966,0]},"properties":{}},{"type":"Feature","geometry":{"type":"Point","coordinates":[107.00610636800008,-6.189185704999943,0]},"properties":{}},{"type":"Feature","geometry":{"type":"Point","coordinates":[107.00611617300007,-6.188887592999947,0]},"properties":{}},{"type":"Feature","geometry":{"type":"Point","coordinates":[107.00604581800008,-6.188891926999929,0]},"properties":{}},{"type":"Feature","geometry":{"type":"Point","coordinates":[107.00597244700003,-6.188695566999968,0]},"properties":{}},{"type":"Feature","geometry":{"type":"Point","coordinates":[107.00592049100004,-6.1885487599999465,0]},"properties":{}},{"type":"Feature","geometry":{"type":"Point","coordinates":[107.00745064100005,-6.241805708999948,0]},"properties":{}},{"type":"Feature","geometry":{"type":"Point","coordinates":[107.00756710000007,-6.239813760999937,0]},"properties":{}},{"type":"Feature","geometry":{"type":"Point","coordinates":[107.01231379500007,-6.2294070879999595,0]},"properties":{}},{"type":"Feature","geometry":{"type":"Point","coordinates":[107.01277293800007,-6.228867139999977,0]},"properties":{}},{"type":"Feature","geometry":{"type":"Point","coordinates":[107.01367197300004,-6.249554638999939,0]},"properties":{}},{"type":"Feature","geometry":{"type":"Point","coordinates":[107.01364333400005,-6.249625627999933,0]},"properties":{}},{"type":"Feature","geometry":{"type":"Point","coordinates":[107.01300979500007,-6.2495939709999675,0]},"properties":{}},{"type":"Feature","geometry":{"type":"Point","coordinates":[107.01309051300007,-6.24934413699998,0]},"properties":{}},{"type":"Feature","geometry":{"type":"Point","coordinates":[107.02672022200005,-6.232432898999946,0]},"properties":{}},{"type":"Feature","geometry":{"type":"Point","coordinates":[107.02685901300003,-6.232439416999966,0]},"properties":{}},{"type":"Feature","geometry":{"type":"Point","coordinates":[107.02329125400007,-6.237355169999944,0]},"properties":{}},{"type":"Feature","geometry":{"type":"Point","coordinates":[107.02347309100008,-6.2373956069999394,0]},"properties":{}},{"type":"Feature","geometry":{"type":"Point","coordinates":[107.02329244200007,-6.237264486999948,0]},"properties":{}},{"type":"Feature","geometry":{"type":"Point","coordinates":[107.02360241600007,-6.235263674999942,0]},"properties":{}},{"type":"Feature","geometry":{"type":"Point","coordinates":[107.02349847100004,-6.235297705999926,0]},"properties":{}},{"type":"Feature","geometry":{"type":"Point","coordinates":[107.02302991900007,-6.234464596999942,0]},"properties":{}},{"type":"Feature","geometry":{"type":"Point","coordinates":[107.02459438200003,-6.248599401999968,0]},"properties":{}},{"type":"Feature","geometry":{"type":"Point","coordinates":[107.02456676000008,-6.248770195999953,0]},"properties":{}},{"type":"Feature","geometry":{"type":"Point","coordinates":[107.02456387400008,-6.24888882099998,0]},"properties":{}},{"type":"Feature","geometry":{"type":"Point","coordinates":[107.02454972400005,-6.2489683429999445,0]},"properties":{}},{"type":"Feature","geometry":{"type":"Point","coordinates":[107.02377490500004,-6.248658879999937,0]},"properties":{}},{"type":"Feature","geometry":{"type":"Point","coordinates":[107.02266130400005,-6.24825868399995,0]},"properties":{}},{"type":"Feature","geometry":{"type":"Point","coordinates":[107.02808062600008,-6.2492079649999255,0]},"properties":{}},{"type":"Feature","geometry":{"type":"Point","coordinates":[107.02752377300004,-6.249240760999953,0]},"properties":{}},{"type":"Feature","geometry":{"type":"Point","coordinates":[107.02730492200004,-6.249185009999962,0]},"properties":{}},{"type":"Feature","geometry":{"type":"Point","coordinates":[107.02556983700003,-6.249326131999965,0]},"properties":{}},{"type":"Feature","geometry":{"type":"Point","coordinates":[107.02563772300005,-6.249429566999936,0]},"properties":{}},{"type":"Feature","geometry":{"type":"Point","coordinates":[107.02571359900008,-6.249472760999936,0]},"properties":{}},{"type":"Feature","geometry":{"type":"Point","coordinates":[107.02576399500003,-6.249515328999962,0]},"properties":{}},{"type":"Feature","geometry":{"type":"Point","coordinates":[107.02493995300006,-6.249163113999941,0]},"properties":{}},{"type":"Feature","geometry":{"type":"Point","coordinates":[107.01691805500008,-6.236603101999947,0]},"properties":{}},{"type":"Feature","geometry":{"type":"Point","coordinates":[107.01701165100008,-6.235279722999962,0]},"properties":{}},{"type":"Feature","geometry":{"type":"Point","coordinates":[107.01927941400004,-6.2353161509999495,0]},"properties":{}},{"type":"Feature","geometry":{"type":"Point","coordinates":[107.01941400200008,-6.235356950999972,0]},"properties":{}},{"type":"Feature","geometry":{"type":"Point","coordinates":[107.00498727300004,-6.219745330999956,0]},"properties":{}},{"type":"Feature","geometry":{"type":"Point","coordinates":[107.00509005000004,-6.219689248999941,0]},"properties":{}},{"type":"Feature","geometry":{"type":"Point","coordinates":[107.00495716000006,-6.220142697999961,0]},"properties":{}},{"type":"Feature","geometry":{"type":"Point","coordinates":[107.00502231600007,-6.220243164999943,0]},"properties":{}},{"type":"Feature","geometry":{"type":"Point","coordinates":[107.00544536800004,-6.217521272999932,0]},"properties":{}},{"type":"Feature","geometry":{"type":"Point","coordinates":[107.01318508400004,-6.223033645999976,0]},"properties":{}},{"type":"Feature","geometry":{"type":"Point","coordinates":[107.01300053400007,-6.223085881999964,0]},"properties":{}},{"type":"Feature","geometry":{"type":"Point","coordinates":[107.01270933200004,-6.222745703999976,0]},"properties":{}},{"type":"Feature","geometry":{"type":"Point","coordinates":[107.01272625100006,-6.222870762999946,0]},"properties":{}},{"type":"Feature","geometry":{"type":"Point","coordinates":[107.00707345700005,-6.214294398999925,0]},"properties":{}},{"type":"Feature","geometry":{"type":"Point","coordinates":[107.00697864400007,-6.214353885999969,0]},"properties":{}},{"type":"Feature","geometry":{"type":"Point","coordinates":[107.00705699500008,-6.214503484999966,0]},"properties":{}},{"type":"Feature","geometry":{"type":"Point","coordinates":[107.00397737800006,-6.217488327999945,0]},"properties":{}},{"type":"Feature","geometry":{"type":"Point","coordinates":[107.01330906600003,-6.20624602099997,0]},"properties":{}},{"type":"Feature","geometry":{"type":"Point","coordinates":[107.01226676300007,-6.2063007929999685,0]},"properties":{}},{"type":"Feature","geometry":{"type":"Point","coordinates":[107.01238635100009,-6.206295456999953,0]},"properties":{}},{"type":"Feature","geometry":{"type":"Point","coordinates":[107.01242808700005,-6.206366629999934,0]},"properties":{}},{"type":"Feature","geometry":{"type":"Point","coordinates":[107.02781880800006,-6.2216098789999705,0]},"properties":{}},{"type":"Feature","geometry":{"type":"Point","coordinates":[107.02772919800009,-6.221541241999944,0]},"properties":{}},{"type":"Feature","geometry":{"type":"Point","coordinates":[107.02702848000007,-6.221696900999973,0]},"properties":{}},{"type":"Feature","geometry":{"type":"Point","coordinates":[107.02685330900005,-6.221578959999931,0]},"properties":{}},{"type":"Feature","geometry":{"type":"Point","coordinates":[107.02675986300005,-6.221758956999963,0]},"properties":{}},{"type":"Feature","geometry":{"type":"Point","coordinates":[107.02654827000003,-6.221660682999925,0]},"properties":{}},{"type":"Feature","geometry":{"type":"Point","coordinates":[107.02648770200005,-6.221674023999981,0]},"properties":{}},{"type":"Feature","geometry":{"type":"Point","coordinates":[107.02645852600006,-6.221792749999963,0]},"properties":{}},{"type":"Feature","geometry":{"type":"Point","coordinates":[107.01769238000008,-6.220231984999941,0]},"properties":{}},{"type":"Feature","geometry":{"type":"Point","coordinates":[107.01782630100007,-6.220146670999952,0]},"properties":{}},{"type":"Feature","geometry":{"type":"Point","coordinates":[107.01777201700008,-6.219983692999961,0]},"properties":{}},{"type":"Feature","geometry":{"type":"Point","coordinates":[107.01770286200008,-6.219806396999957,0]},"properties":{}},{"type":"Feature","geometry":{"type":"Point","coordinates":[107.02222293900007,-6.220647527999972,0]},"properties":{}},{"type":"Feature","geometry":{"type":"Point","coordinates":[107.03026311400004,-6.219010245999925,0]},"properties":{}},{"type":"Feature","geometry":{"type":"Point","coordinates":[107.03036691500006,-6.218633483999952,0]},"properties":{}},{"type":"Feature","geometry":{"type":"Point","coordinates":[107.03039100900008,-6.218508810999936,0]},"properties":{}},{"type":"Feature","geometry":{"type":"Point","coordinates":[107.03018466800006,-6.21857840399997,0]},"properties":{}},{"type":"Feature","geometry":{"type":"Point","coordinates":[107.03041213700004,-6.218081919999975,0]},"properties":{}},{"type":"Feature","geometry":{"type":"Point","coordinates":[107.03040893700006,-6.217954368999926,0]},"properties":{}},{"type":"Feature","geometry":{"type":"Point","coordinates":[107.03028778100008,-6.217998952999949,0]},"properties":{}},{"type":"Feature","geometry":{"type":"Point","coordinates":[107.03006223100004,-6.217676705999963,0]},"properties":{}},{"type":"Feature","geometry":{"type":"Point","coordinates":[107.03018825300006,-6.217487633999951,0]},"properties":{}},{"type":"Feature","geometry":{"type":"Point","coordinates":[107.02997817200009,-6.21742994799996,0]},"properties":{}},{"type":"Feature","geometry":{"type":"Point","coordinates":[107.02972493800007,-6.21768622899998,0]},"properties":{}},{"type":"Feature","geometry":{"type":"Point","coordinates":[107.02983019300007,-6.217759053999941,0]},"properties":{}},{"type":"Feature","geometry":{"type":"Point","coordinates":[107.02977034000008,-6.2179114379999305,0]},"properties":{}},{"type":"Feature","geometry":{"type":"Point","coordinates":[107.02989004500006,-6.217865503999974,0]},"properties":{}},{"type":"Feature","geometry":{"type":"Point","coordinates":[107.02975629800005,-6.217147645999944,0]},"properties":{}},{"type":"Feature","geometry":{"type":"Point","coordinates":[107.02411753800004,-6.219931930999962,0]},"properties":{}},{"type":"Feature","geometry":{"type":"Point","coordinates":[107.02378040600007,-6.219984121999971,0]},"properties":{}},{"type":"Feature","geometry":{"type":"Point","coordinates":[107.02446849100005,-6.219832313999973,0]},"properties":{}},{"type":"Feature","geometry":{"type":"Point","coordinates":[107.02454152100006,-6.219817749999947,0]},"properties":{}},{"type":"Feature","geometry":{"type":"Point","coordinates":[107.02581981800006,-6.219505374999926,0]},"properties":{}},{"type":"Feature","geometry":{"type":"Point","coordinates":[107.02255153000004,-6.217557330999966,0]},"properties":{}},{"type":"Feature","geometry":{"type":"Point","coordinates":[107.02250903200007,-6.217641933999971,0]},"properties":{}},{"type":"Feature","geometry":{"type":"Point","coordinates":[107.01947913900005,-6.208150724999939,0]},"properties":{}},{"type":"Feature","geometry":{"type":"Point","coordinates":[107.01847531700008,-6.216311734999977,0]},"properties":{}},{"type":"Feature","geometry":{"type":"Point","coordinates":[106.99267527700005,-6.25323009799996,0]},"properties":{}},{"type":"Feature","geometry":{"type":"Point","coordinates":[106.99345734000008,-6.253065842999945,0]},"properties":{}},{"type":"Feature","geometry":{"type":"Point","coordinates":[106.99362587500008,-6.2526938049999785,0]},"properties":{}},{"type":"Feature","geometry":{"type":"Point","coordinates":[106.99327354800005,-6.2525346669999635,0]},"properties":{}},{"type":"Feature","geometry":{"type":"Point","coordinates":[106.97788418800008,-6.250090281999974,0]},"properties":{}},{"type":"Feature","geometry":{"type":"Point","coordinates":[106.97860423300006,-6.250803161999954,0]},"properties":{}},{"type":"Feature","geometry":{"type":"Point","coordinates":[106.97855986100006,-6.250559946999942,0]},"properties":{}},{"type":"Feature","geometry":{"type":"Point","coordinates":[106.97849148100005,-6.25116431999993,0]},"properties":{}},{"type":"Feature","geometry":{"type":"Point","coordinates":[106.97881418700007,-6.2512314549999815,0]},"properties":{}},{"type":"Feature","geometry":{"type":"Point","coordinates":[106.97749018700006,-6.252569162999976,0]},"properties":{}},{"type":"Feature","geometry":{"type":"Point","coordinates":[106.97656115200004,-6.25243044399997,0]},"properties":{}},{"type":"Feature","geometry":{"type":"Point","coordinates":[106.97689764800003,-6.251694962999977,0]},"properties":{}},{"type":"Feature","geometry":{"type":"Point","coordinates":[106.97695400800006,-6.251545755999928,0]},"properties":{}},{"type":"Feature","geometry":{"type":"Point","coordinates":[106.97697377100008,-6.251347232999933,0]},"properties":{}},{"type":"Feature","geometry":{"type":"Point","coordinates":[106.97675780500003,-6.252637464999964,0]},"properties":{}},{"type":"Feature","geometry":{"type":"Point","coordinates":[106.97687424000009,-6.252799040999946,0]},"properties":{}},{"type":"Feature","geometry":{"type":"Point","coordinates":[106.97688656800005,-6.253363148999938,0]},"properties":{}},{"type":"Feature","geometry":{"type":"Point","coordinates":[106.95623526400004,-6.250169386999971,0]},"properties":{}},{"type":"Feature","geometry":{"type":"Point","coordinates":[106.95593687600007,-6.250203315999954,0]},"properties":{}},{"type":"Feature","geometry":{"type":"Point","coordinates":[106.95468923000004,-6.2532174549999695,0]},"properties":{}},{"type":"Feature","geometry":{"type":"Point","coordinates":[106.95480111300009,-6.253468470999962,0]},"properties":{}},{"type":"Feature","geometry":{"type":"Point","coordinates":[106.95525701500009,-6.253710430999945,0]},"properties":{}},{"type":"Feature","geometry":{"type":"Point","coordinates":[106.95525382500006,-6.254845456999931,0]},"properties":{}},{"type":"Feature","geometry":{"type":"Point","coordinates":[106.95552996800006,-6.25448956799994,0]},"properties":{}},{"type":"Feature","geometry":{"type":"Point","coordinates":[106.95525833100004,-6.25425903699994,0]},"properties":{}},{"type":"Feature","geometry":{"type":"Point","coordinates":[106.95477667100005,-6.254136695999932,0]},"properties":{}},{"type":"Feature","geometry":{"type":"Point","coordinates":[106.94981904800005,-6.253793112999972,0]},"properties":{}},{"type":"Feature","geometry":{"type":"Point","coordinates":[106.95002057500005,-6.253732151999941,0]},"properties":{}},{"type":"Feature","geometry":{"type":"Point","coordinates":[106.99400705800008,-6.366791492999937,0]},"properties":{}},{"type":"Feature","geometry":{"type":"Point","coordinates":[106.99481412400007,-6.366836471999932,0]},"properties":{}},{"type":"Feature","geometry":{"type":"Point","coordinates":[106.99485682100004,-6.366660463999949,0]},"properties":{}},{"type":"Feature","geometry":{"type":"Point","coordinates":[106.98977512200008,-6.348435020999943,0]},"properties":{}},{"type":"Feature","geometry":{"type":"Point","coordinates":[106.99010309900007,-6.347246244999951,0]},"properties":{}},{"type":"Feature","geometry":{"type":"Point","coordinates":[106.99134016800008,-6.345900189999952,0]},"properties":{}},{"type":"Feature","geometry":{"type":"Point","coordinates":[106.99023086500006,-6.345925700999942,0]},"properties":{}},{"type":"Feature","geometry":{"type":"Point","coordinates":[106.99806525100007,-6.346302099999946,0]},"properties":{}},{"type":"Feature","geometry":{"type":"Point","coordinates":[106.93131696100005,-6.370814189999976,0]},"properties":{}},{"type":"Feature","geometry":{"type":"Point","coordinates":[106.93093679400005,-6.370773209999925,0]},"properties":{}},{"type":"Feature","geometry":{"type":"Point","coordinates":[106.93974933300007,-6.369920666999974,0]},"properties":{}},{"type":"Feature","geometry":{"type":"Point","coordinates":[106.93969253600005,-6.370029192999937,0]},"properties":{}},{"type":"Feature","geometry":{"type":"Point","coordinates":[106.93950502100006,-6.370126727999946,0]},"properties":{}},{"type":"Feature","geometry":{"type":"Point","coordinates":[106.93130422000007,-6.373713462999945,0]},"properties":{}},{"type":"Feature","geometry":{"type":"Point","coordinates":[106.93218579400008,-6.373518578999949,0]},"properties":{}},{"type":"Feature","geometry":{"type":"Point","coordinates":[106.93364509600008,-6.372522199999935,0]},"properties":{}},{"type":"Feature","geometry":{"type":"Point","coordinates":[106.93478800900004,-6.372733725999979,0]},"properties":{}},{"type":"Feature","geometry":{"type":"Point","coordinates":[106.92208664900005,-6.36722268799997,0]},"properties":{}},{"type":"Feature","geometry":{"type":"Point","coordinates":[106.92209051200007,-6.3670707809999385,0]},"properties":{}},{"type":"Feature","geometry":{"type":"Point","coordinates":[106.92252940600008,-6.367059833999974,0]},"properties":{}},{"type":"Feature","geometry":{"type":"Point","coordinates":[106.92330727900008,-6.367994507999981,0]},"properties":{}},{"type":"Feature","geometry":{"type":"Point","coordinates":[106.92579243200004,-6.3719028749999325,0]},"properties":{}},{"type":"Feature","geometry":{"type":"Point","coordinates":[106.92571092800006,-6.371785101999933,0]},"properties":{}},{"type":"Feature","geometry":{"type":"Point","coordinates":[106.92548379700008,-6.372020477999968,0]},"properties":{}},{"type":"Feature","geometry":{"type":"Point","coordinates":[106.92842454700008,-6.370167806999973,0]},"properties":{}},{"type":"Feature","geometry":{"type":"Point","coordinates":[106.92699231200004,-6.373817834999954,0]},"properties":{}},{"type":"Feature","geometry":{"type":"Point","coordinates":[106.92687384600003,-6.3735548179999455,0]},"properties":{}},{"type":"Feature","geometry":{"type":"Point","coordinates":[106.92619752100006,-6.374965416999942,0]},"properties":{}},{"type":"Feature","geometry":{"type":"Point","coordinates":[106.92323765600008,-6.374244490999956,0]},"properties":{}},{"type":"Feature","geometry":{"type":"Point","coordinates":[106.92212712700007,-6.374770670999965,0]},"properties":{}},{"type":"Feature","geometry":{"type":"Point","coordinates":[106.92235685400004,-6.374430768999957,0]},"properties":{}},{"type":"Feature","geometry":{"type":"Point","coordinates":[106.91800959400007,-6.372787894999931,0]},"properties":{}},{"type":"Feature","geometry":{"type":"Point","coordinates":[106.91976842200006,-6.3716926989999365,0]},"properties":{}},{"type":"Feature","geometry":{"type":"Point","coordinates":[106.91969842100008,-6.3719458419999455,0]},"properties":{}},{"type":"Feature","geometry":{"type":"Point","coordinates":[106.91981927700004,-6.371977578999974,0]},"properties":{}},{"type":"Feature","geometry":{"type":"Point","coordinates":[106.91985779100008,-6.37224912399995,0]},"properties":{}},{"type":"Feature","geometry":{"type":"Point","coordinates":[106.91974456500009,-6.374608848999969,0]},"properties":{}},{"type":"Feature","geometry":{"type":"Point","coordinates":[106.91871692500007,-6.374801092999974,0]},"properties":{}},{"type":"Feature","geometry":{"type":"Point","coordinates":[106.91895293500005,-6.373841393999953,0]},"properties":{}},{"type":"Feature","geometry":{"type":"Point","coordinates":[106.91700450000008,-6.373696838999933,0]},"properties":{}},{"type":"Feature","geometry":{"type":"Point","coordinates":[106.90902955800004,-6.372119337999948,0]},"properties":{}},{"type":"Feature","geometry":{"type":"Point","coordinates":[106.90914739100003,-6.373532864999959,0]},"properties":{}},{"type":"Feature","geometry":{"type":"Point","coordinates":[106.99800480200008,-6.3254502579999325,0]},"properties":{}},{"type":"Feature","geometry":{"type":"Point","coordinates":[106.99783439800007,-6.325548462999961,0]},"properties":{}},{"type":"Feature","geometry":{"type":"Point","coordinates":[106.99780757400003,-6.326069226999948,0]},"properties":{}},{"type":"Feature","geometry":{"type":"Point","coordinates":[106.99253302900007,-6.328987523999956,0]},"properties":{}},{"type":"Feature","geometry":{"type":"Point","coordinates":[106.99265503000004,-6.332714321999958,0]},"properties":{}},{"type":"Feature","geometry":{"type":"Point","coordinates":[106.99334751100008,-6.331994362999978,0]},"properties":{}},{"type":"Feature","geometry":{"type":"Point","coordinates":[106.99291031700005,-6.33245911299997,0]},"properties":{}},{"type":"Feature","geometry":{"type":"Point","coordinates":[106.99277965600004,-6.3325775069999395,0]},"properties":{}},{"type":"Feature","geometry":{"type":"Point","coordinates":[106.99415229600004,-6.329481084999941,0]},"properties":{}},{"type":"Feature","geometry":{"type":"Point","coordinates":[106.99373030100008,-6.327051987999937,0]},"properties":{}},{"type":"Feature","geometry":{"type":"Point","coordinates":[106.99160514400006,-6.3308357769999475,0]},"properties":{}},{"type":"Feature","geometry":{"type":"Point","coordinates":[106.98991741900005,-6.331155333999959,0]},"properties":{}},{"type":"Feature","geometry":{"type":"Point","coordinates":[106.98990306800005,-6.334580333999952,0]},"properties":{}},{"type":"Feature","geometry":{"type":"Point","coordinates":[106.99070464700009,-6.337119273999974,0]},"properties":{}},{"type":"Feature","geometry":{"type":"Point","coordinates":[106.99043479500006,-6.337088033999976,0]},"properties":{}},{"type":"Feature","geometry":{"type":"Point","coordinates":[106.98677311100005,-6.3359066009999765,0]},"properties":{}},{"type":"Feature","geometry":{"type":"Point","coordinates":[106.98707565100005,-6.336002720999943,0]},"properties":{}},{"type":"Feature","geometry":{"type":"Point","coordinates":[106.98834576900003,-6.337224517999971,0]},"properties":{}},{"type":"Feature","geometry":{"type":"Point","coordinates":[106.98522449400008,-6.340140855999948,0]},"properties":{}},{"type":"Feature","geometry":{"type":"Point","coordinates":[106.99378239800006,-6.3411414679999325,0]},"properties":{}},{"type":"Feature","geometry":{"type":"Point","coordinates":[106.99251977900008,-6.341783611999972,0]},"properties":{}},{"type":"Feature","geometry":{"type":"Point","coordinates":[106.99127860600004,-6.339538749999974,0]},"properties":{}},{"type":"Feature","geometry":{"type":"Point","coordinates":[106.99564417100004,-6.335835569999972,0]},"properties":{}},{"type":"Feature","geometry":{"type":"Point","coordinates":[106.99598177300004,-6.339433509999935,0]},"properties":{}},{"type":"Feature","geometry":{"type":"Point","coordinates":[106.99563403900004,-6.339428700999974,0]},"properties":{}},{"type":"Feature","geometry":{"type":"Point","coordinates":[106.99535463300003,-6.33912229799995,0]},"properties":{}},{"type":"Feature","geometry":{"type":"Point","coordinates":[106.99519859500003,-6.3394089499999495,0]},"properties":{}},{"type":"Feature","geometry":{"type":"Point","coordinates":[106.99515786100005,-6.339179198999943,0]},"properties":{}},{"type":"Feature","geometry":{"type":"Point","coordinates":[106.99536991900004,-6.3387029259999395,0]},"properties":{}},{"type":"Feature","geometry":{"type":"Point","coordinates":[106.99598049400004,-6.33877199799997,0]},"properties":{}},{"type":"Feature","geometry":{"type":"Point","coordinates":[106.99403561400004,-6.342298170999925,0]},"properties":{}},{"type":"Feature","geometry":{"type":"Point","coordinates":[106.99368549500008,-6.342190937999931,0]},"properties":{}},{"type":"Feature","geometry":{"type":"Point","coordinates":[106.99373450300004,-6.341587545999971,0]},"properties":{}},{"type":"Feature","geometry":{"type":"Point","coordinates":[106.99635567600006,-6.335058214999947,0]},"properties":{}},{"type":"Feature","geometry":{"type":"Point","coordinates":[106.99514124800004,-6.332833329999971,0]},"properties":{}},{"type":"Feature","geometry":{"type":"Point","coordinates":[106.99601304800007,-6.333559842999932,0]},"properties":{}},{"type":"Feature","geometry":{"type":"Point","coordinates":[106.99726551100008,-6.330328809999969,0]},"properties":{}},{"type":"Feature","geometry":{"type":"Point","coordinates":[106.99767832300006,-6.333253911999975,0]},"properties":{}},{"type":"Feature","geometry":{"type":"Point","coordinates":[106.99889690800006,-6.332142082999951,0]},"properties":{}},{"type":"Feature","geometry":{"type":"Point","coordinates":[106.99867075700007,-6.331983744999945,0]},"properties":{}},{"type":"Feature","geometry":{"type":"Point","coordinates":[106.99082343900005,-6.334187594999946,0]},"properties":{}},{"type":"Feature","geometry":{"type":"Point","coordinates":[106.99190363600007,-6.3332235839999385,0]},"properties":{}},{"type":"Feature","geometry":{"type":"Point","coordinates":[106.99307513300005,-6.336060799999927,0]},"properties":{}},{"type":"Feature","geometry":{"type":"Point","coordinates":[106.99306338400004,-6.335895668999967,0]},"properties":{}},{"type":"Feature","geometry":{"type":"Point","coordinates":[106.99953206200007,-6.340332044999968,0]},"properties":{}},{"type":"Feature","geometry":{"type":"Point","coordinates":[106.99988045100008,-6.340787983999974,0]},"properties":{}},{"type":"Feature","geometry":{"type":"Point","coordinates":[106.99963560700007,-6.340563631999942,0]},"properties":{}},{"type":"Feature","geometry":{"type":"Point","coordinates":[106.99959300700004,-6.340788008999937,0]},"properties":{}},{"type":"Feature","geometry":{"type":"Point","coordinates":[106.99918890000004,-6.355403379999927,0]},"properties":{}},{"type":"Feature","geometry":{"type":"Point","coordinates":[106.99882761700007,-6.355426473999955,0]},"properties":{}},{"type":"Feature","geometry":{"type":"Point","coordinates":[106.99865016600006,-6.355573801999981,0]},"properties":{}},{"type":"Feature","geometry":{"type":"Point","coordinates":[106.99852468700004,-6.355279375999942,0]},"properties":{}},{"type":"Feature","geometry":{"type":"Point","coordinates":[106.99848058700007,-6.355044937999935,0]},"properties":{}},{"type":"Feature","geometry":{"type":"Point","coordinates":[106.99815970400005,-6.3539224069999705,0]},"properties":{}},{"type":"Feature","geometry":{"type":"Point","coordinates":[106.99496270900005,-6.352900657999953,0]},"properties":{}},{"type":"Feature","geometry":{"type":"Point","coordinates":[106.99443858100005,-6.352898067999945,0]},"properties":{}},{"type":"Feature","geometry":{"type":"Point","coordinates":[106.99090594600005,-6.349328880999963,0]},"properties":{}},{"type":"Feature","geometry":{"type":"Point","coordinates":[106.98630285800004,-6.35776487399994,0]},"properties":{}},{"type":"Feature","geometry":{"type":"Point","coordinates":[106.98601025200009,-6.35800060899993,0]},"properties":{}},{"type":"Feature","geometry":{"type":"Point","coordinates":[106.98623112700005,-6.357652409999957,0]},"properties":{}},{"type":"Feature","geometry":{"type":"Point","coordinates":[106.99886124600005,-6.363404663999972,0]},"properties":{}},{"type":"Feature","geometry":{"type":"Point","coordinates":[106.99896637800003,-6.363647453999931,0]},"properties":{}},{"type":"Feature","geometry":{"type":"Point","coordinates":[106.98694759700004,-6.36307444199997,0]},"properties":{}},{"type":"Feature","geometry":{"type":"Point","coordinates":[106.98955240200007,-6.364239544999975,0]},"properties":{}},{"type":"Feature","geometry":{"type":"Point","coordinates":[106.99154694800006,-6.364345318999938,0]},"properties":{}},{"type":"Feature","geometry":{"type":"Point","coordinates":[106.99121544500008,-6.3642188509999755,0]},"properties":{}},{"type":"Feature","geometry":{"type":"Point","coordinates":[106.99062444100008,-6.363819805999981,0]},"properties":{}},{"type":"Feature","geometry":{"type":"Point","coordinates":[106.99036524900004,-6.363650656999937,0]},"properties":{}},{"type":"Feature","geometry":{"type":"Point","coordinates":[106.99360709300004,-6.363606148999963,0]},"properties":{}},{"type":"Feature","geometry":{"type":"Point","coordinates":[106.99350424100004,-6.363719555999978,0]},"properties":{}},{"type":"Feature","geometry":{"type":"Point","coordinates":[106.99515930900009,-6.360017551999931,0]},"properties":{}},{"type":"Feature","geometry":{"type":"Point","coordinates":[106.99569107400004,-6.360475314999974,0]},"properties":{}},{"type":"Feature","geometry":{"type":"Point","coordinates":[106.99215130700009,-6.359344584999974,0]},"properties":{}},{"type":"Feature","geometry":{"type":"Point","coordinates":[106.99256922200004,-6.359336735999932,0]},"properties":{}},{"type":"Feature","geometry":{"type":"Point","coordinates":[106.99323818000005,-6.358884555999964,0]},"properties":{}},{"type":"Feature","geometry":{"type":"Point","coordinates":[106.99375086400005,-6.356853546999957,0]},"properties":{}},{"type":"Feature","geometry":{"type":"Point","coordinates":[106.99300544400006,-6.3595302449999735,0]},"properties":{}},{"type":"Feature","geometry":{"type":"Point","coordinates":[106.99312018800003,-6.359360738999953,0]},"properties":{}},{"type":"Feature","geometry":{"type":"Point","coordinates":[106.99289132900009,-6.35930041599994,0]},"properties":{}},{"type":"Feature","geometry":{"type":"Point","coordinates":[106.99029433100009,-6.355835123999952,0]},"properties":{}},{"type":"Feature","geometry":{"type":"Point","coordinates":[106.99049061000005,-6.355530686999941,0]},"properties":{}},{"type":"Feature","geometry":{"type":"Point","coordinates":[106.98876054700008,-6.355528934999938,0]},"properties":{}},{"type":"Feature","geometry":{"type":"Point","coordinates":[106.98920898500006,-6.354575570999941,0]},"properties":{}},{"type":"Feature","geometry":{"type":"Point","coordinates":[106.98858360300005,-6.349855848999937,0]},"properties":{}},{"type":"Feature","geometry":{"type":"Point","coordinates":[106.98801435400009,-6.350057385999946,0]},"properties":{}},{"type":"Feature","geometry":{"type":"Point","coordinates":[106.98788706800008,-6.350161663999927,0]},"properties":{}},{"type":"Feature","geometry":{"type":"Point","coordinates":[106.98775443400007,-6.350073210999938,0]},"properties":{}},{"type":"Feature","geometry":{"type":"Point","coordinates":[106.98774186000009,-6.349881141999958,0]},"properties":{}},{"type":"Feature","geometry":{"type":"Point","coordinates":[106.98899335600004,-6.348853541999972,0]},"properties":{}},{"type":"Feature","geometry":{"type":"Point","coordinates":[106.98875586100007,-6.348919910999939,0]},"properties":{}},{"type":"Feature","geometry":{"type":"Point","coordinates":[106.98866177700006,-6.349080927999978,0]},"properties":{}},{"type":"Feature","geometry":{"type":"Point","coordinates":[106.98863293000005,-6.34966417399994,0]},"properties":{}},{"type":"Feature","geometry":{"type":"Point","coordinates":[106.95420323100006,-6.33615690299996,0]},"properties":{}},{"type":"Feature","geometry":{"type":"Point","coordinates":[106.94573470600005,-6.363156201999971,0]},"properties":{}},{"type":"Feature","geometry":{"type":"Point","coordinates":[106.98248185300008,-6.334765604999973,0]},"properties":{}},{"type":"Feature","geometry":{"type":"Point","coordinates":[106.97636463700007,-6.337611790999972,0]},"properties":{}},{"type":"Feature","geometry":{"type":"Point","coordinates":[106.97621047600006,-6.338560951999966,0]},"properties":{}},{"type":"Feature","geometry":{"type":"Point","coordinates":[106.97723737600006,-6.338467893999962,0]},"properties":{}},{"type":"Feature","geometry":{"type":"Point","coordinates":[106.97679275900003,-6.338080829999967,0]},"properties":{}},{"type":"Feature","geometry":{"type":"Point","coordinates":[106.97655671300004,-6.336605075999955,0]},"properties":{}},{"type":"Feature","geometry":{"type":"Point","coordinates":[106.97649000200005,-6.336884151999925,0]},"properties":{}},{"type":"Feature","geometry":{"type":"Point","coordinates":[106.97597565900008,-6.33660059999994,0]},"properties":{}},{"type":"Feature","geometry":{"type":"Point","coordinates":[106.97490607900005,-6.33609150999996,0]},"properties":{}},{"type":"Feature","geometry":{"type":"Point","coordinates":[106.97509194200006,-6.33618292999995,0]},"properties":{}},{"type":"Feature","geometry":{"type":"Point","coordinates":[106.97496223600007,-6.33629254799996,0]},"properties":{}},{"type":"Feature","geometry":{"type":"Point","coordinates":[106.97489501800004,-6.336675957999944,0]},"properties":{}},{"type":"Feature","geometry":{"type":"Point","coordinates":[106.97536825400005,-6.346359156999938,0]},"properties":{}},{"type":"Feature","geometry":{"type":"Point","coordinates":[106.97102195200006,-6.3460725739999475,0]},"properties":{}},{"type":"Feature","geometry":{"type":"Point","coordinates":[106.96681234800008,-6.342207198999972,0]},"properties":{}},{"type":"Feature","geometry":{"type":"Point","coordinates":[106.97050617300005,-6.344391382999959,0]},"properties":{}},{"type":"Feature","geometry":{"type":"Point","coordinates":[106.97065197200004,-6.344901099999959,0]},"properties":{}},{"type":"Feature","geometry":{"type":"Point","coordinates":[106.97099778400008,-6.344659475999947,0]},"properties":{}},{"type":"Feature","geometry":{"type":"Point","coordinates":[106.97192421600005,-6.344257967999965,0]},"properties":{}},{"type":"Feature","geometry":{"type":"Point","coordinates":[106.97292539300008,-6.345641758999932,0]},"properties":{}},{"type":"Feature","geometry":{"type":"Point","coordinates":[106.97283158500005,-6.344570764999958,0]},"properties":{}},{"type":"Feature","geometry":{"type":"Point","coordinates":[106.97303263400005,-6.344804791999934,0]},"properties":{}},{"type":"Feature","geometry":{"type":"Point","coordinates":[106.97347834200008,-6.344527254999946,0]},"properties":{}},{"type":"Feature","geometry":{"type":"Point","coordinates":[106.97351945600008,-6.344265453999981,0]},"properties":{}},{"type":"Feature","geometry":{"type":"Point","coordinates":[106.97377149800008,-6.343960537999976,0]},"properties":{}},{"type":"Feature","geometry":{"type":"Point","coordinates":[106.97352496100007,-6.343836259999932,0]},"properties":{}},{"type":"Feature","geometry":{"type":"Point","coordinates":[106.97789275400004,-6.345475264999948,0]},"properties":{}},{"type":"Feature","geometry":{"type":"Point","coordinates":[106.97776800000008,-6.345722467999963,0]},"properties":{}},{"type":"Feature","geometry":{"type":"Point","coordinates":[106.97670166500006,-6.34528841599996,0]},"properties":{}},{"type":"Feature","geometry":{"type":"Point","coordinates":[106.97677696400007,-6.344986794999954,0]},"properties":{}},{"type":"Feature","geometry":{"type":"Point","coordinates":[106.97670601200008,-6.346215183999959,0]},"properties":{}},{"type":"Feature","geometry":{"type":"Point","coordinates":[106.98381380800004,-6.343656287999977,0]},"properties":{}},{"type":"Feature","geometry":{"type":"Point","coordinates":[106.98274070000008,-6.345490903999973,0]},"properties":{}},{"type":"Feature","geometry":{"type":"Point","coordinates":[106.98143817900007,-6.344449223999959,0]},"properties":{}},{"type":"Feature","geometry":{"type":"Point","coordinates":[106.97990006300006,-6.339850574999957,0]},"properties":{}},{"type":"Feature","geometry":{"type":"Point","coordinates":[106.98455169300007,-6.337600865999946,0]},"properties":{}},{"type":"Feature","geometry":{"type":"Point","coordinates":[106.97399979900007,-6.348456264999925,0]},"properties":{}},{"type":"Feature","geometry":{"type":"Point","coordinates":[106.97375233300005,-6.349037455999962,0]},"properties":{}},{"type":"Feature","geometry":{"type":"Point","coordinates":[106.97361100900008,-6.349158057999944,0]},"properties":{}},{"type":"Feature","geometry":{"type":"Point","coordinates":[106.97529080300006,-6.351382408999939,0]},"properties":{}},{"type":"Feature","geometry":{"type":"Point","coordinates":[106.97522171800006,-6.351725865999981,0]},"properties":{}},{"type":"Feature","geometry":{"type":"Point","coordinates":[106.97514641900005,-6.35186185699996,0]},"properties":{}},{"type":"Feature","geometry":{"type":"Point","coordinates":[106.97510517600006,-6.352041928999938,0]},"properties":{}},{"type":"Feature","geometry":{"type":"Point","coordinates":[106.97432848300008,-6.351829628999951,0]},"properties":{}},{"type":"Feature","geometry":{"type":"Point","coordinates":[106.97396619200003,-6.35177893499997,0]},"properties":{}},{"type":"Feature","geometry":{"type":"Point","coordinates":[106.97370158200005,-6.3516318539999475,0]},"properties":{}},{"type":"Feature","geometry":{"type":"Point","coordinates":[106.97340398200004,-6.351554332999967,0]},"properties":{}},{"type":"Feature","geometry":{"type":"Point","coordinates":[106.97580184400005,-6.3502271069999665,0]},"properties":{}},{"type":"Feature","geometry":{"type":"Point","coordinates":[106.97666859400005,-6.350264391999929,0]},"properties":{}},{"type":"Feature","geometry":{"type":"Point","coordinates":[106.98254674900005,-6.349900975999958,0]},"properties":{}},{"type":"Feature","geometry":{"type":"Point","coordinates":[106.97980401300003,-6.3496028189999265,0]},"properties":{}},{"type":"Feature","geometry":{"type":"Point","coordinates":[106.98068353200006,-6.349080686999969,0]},"properties":{}},{"type":"Feature","geometry":{"type":"Point","coordinates":[106.98139835600006,-6.349255242999959,0]},"properties":{}},{"type":"Feature","geometry":{"type":"Point","coordinates":[106.98123622600008,-6.349369597999953,0]},"properties":{}},{"type":"Feature","geometry":{"type":"Point","coordinates":[106.98212156500006,-6.348503346999962,0]},"properties":{}},{"type":"Feature","geometry":{"type":"Point","coordinates":[106.98173971400007,-6.348748098999977,0]},"properties":{}},{"type":"Feature","geometry":{"type":"Point","coordinates":[106.98083336100007,-6.347686911999972,0]},"properties":{}},{"type":"Feature","geometry":{"type":"Point","coordinates":[106.98137603600009,-6.347860861999948,0]},"properties":{}},{"type":"Feature","geometry":{"type":"Point","coordinates":[106.98607903200008,-6.350654099999929,0]},"properties":{}},{"type":"Feature","geometry":{"type":"Point","coordinates":[106.98581680000007,-6.3506797879999795,0]},"properties":{}},{"type":"Feature","geometry":{"type":"Point","coordinates":[106.98594481100008,-6.350481481999964,0]},"properties":{}},{"type":"Feature","geometry":{"type":"Point","coordinates":[106.98111669500008,-6.355163096999945,0]},"properties":{}},{"type":"Feature","geometry":{"type":"Point","coordinates":[106.98039008600006,-6.356941240999959,0]},"properties":{}},{"type":"Feature","geometry":{"type":"Point","coordinates":[106.98077757200008,-6.35712843999994,0]},"properties":{}},{"type":"Feature","geometry":{"type":"Point","coordinates":[106.98094440500006,-6.357227069999965,0]},"properties":{}},{"type":"Feature","geometry":{"type":"Point","coordinates":[106.98128016900006,-6.35700473299994,0]},"properties":{}},{"type":"Feature","geometry":{"type":"Point","coordinates":[106.98134137200009,-6.356704340999954,0]},"properties":{}},{"type":"Feature","geometry":{"type":"Point","coordinates":[106.98194309600007,-6.3569568069999605,0]},"properties":{}},{"type":"Feature","geometry":{"type":"Point","coordinates":[106.98163158700004,-6.3552770289999785,0]},"properties":{}},{"type":"Feature","geometry":{"type":"Point","coordinates":[106.98237234900006,-6.36113385699997,0]},"properties":{}},{"type":"Feature","geometry":{"type":"Point","coordinates":[106.98407309100008,-6.360882501999981,0]},"properties":{}},{"type":"Feature","geometry":{"type":"Point","coordinates":[106.98391331000005,-6.360361276999981,0]},"properties":{}},{"type":"Feature","geometry":{"type":"Point","coordinates":[106.98415843800007,-6.360115779999944,0]},"properties":{}},{"type":"Feature","geometry":{"type":"Point","coordinates":[106.98094769300008,-6.328726810999967,0]},"properties":{}},{"type":"Feature","geometry":{"type":"Point","coordinates":[106.92365402300004,-6.360341655999946,0]},"properties":{}},{"type":"Feature","geometry":{"type":"Point","coordinates":[106.92914839900004,-6.36139725299995,0]},"properties":{}},{"type":"Feature","geometry":{"type":"Point","coordinates":[106.92867584700008,-6.362074030999963,0]},"properties":{}},{"type":"Feature","geometry":{"type":"Point","coordinates":[106.92857897900006,-6.3622702239999285,0]},"properties":{}},{"type":"Feature","geometry":{"type":"Point","coordinates":[106.92849008900004,-6.361964512999975,0]},"properties":{}},{"type":"Feature","geometry":{"type":"Point","coordinates":[106.92840822600004,-6.361798098999941,0]},"properties":{}},{"type":"Feature","geometry":{"type":"Point","coordinates":[106.93225492600004,-6.340577165999946,0]},"properties":{}},{"type":"Feature","geometry":{"type":"Point","coordinates":[106.93183308700009,-6.339749754999957,0]},"properties":{}},{"type":"Feature","geometry":{"type":"Point","coordinates":[106.93235102100004,-6.3396405059999665,0]},"properties":{}},{"type":"Feature","geometry":{"type":"Point","coordinates":[106.93242959400004,-6.339967954999963,0]},"properties":{}},{"type":"Feature","geometry":{"type":"Point","coordinates":[106.93487833600005,-6.34674980099993,0]},"properties":{}},{"type":"Feature","geometry":{"type":"Point","coordinates":[106.93589692100005,-6.3410272969999255,0]},"properties":{}},{"type":"Feature","geometry":{"type":"Point","coordinates":[106.93473370900006,-6.34284004899996,0]},"properties":{}},{"type":"Feature","geometry":{"type":"Point","coordinates":[106.93515386900003,-6.344498974999965,0]},"properties":{}},{"type":"Feature","geometry":{"type":"Point","coordinates":[106.93318025100007,-6.346315748999928,0]},"properties":{}},{"type":"Feature","geometry":{"type":"Point","coordinates":[106.93364489100009,-6.345992962999958,0]},"properties":{}},{"type":"Feature","geometry":{"type":"Point","coordinates":[106.93334683100005,-6.345403869999927,0]},"properties":{}},{"type":"Feature","geometry":{"type":"Point","coordinates":[106.93299239400005,-6.345641708999949,0]},"properties":{}},{"type":"Feature","geometry":{"type":"Point","coordinates":[106.93129092600009,-6.346312129999944,0]},"properties":{}},{"type":"Feature","geometry":{"type":"Point","coordinates":[106.92983536700007,-6.343007132999958,0]},"properties":{}},{"type":"Feature","geometry":{"type":"Point","coordinates":[106.93054090400005,-6.343018608999955,0]},"properties":{}},{"type":"Feature","geometry":{"type":"Point","coordinates":[106.93085064600007,-6.343470145999959,0]},"properties":{}},{"type":"Feature","geometry":{"type":"Point","coordinates":[106.92394681900004,-6.346477252999932,0]},"properties":{}},{"type":"Feature","geometry":{"type":"Point","coordinates":[106.92514934900004,-6.345554017999973,0]},"properties":{}},{"type":"Feature","geometry":{"type":"Point","coordinates":[106.92512925200003,-6.345398222999961,0]},"properties":{}},{"type":"Feature","geometry":{"type":"Point","coordinates":[106.92525673500006,-6.345294136999939,0]},"properties":{}},{"type":"Feature","geometry":{"type":"Point","coordinates":[106.92550437200003,-6.345156061999944,0]},"properties":{}},{"type":"Feature","geometry":{"type":"Point","coordinates":[106.92584128400006,-6.345478211999932,0]},"properties":{}},{"type":"Feature","geometry":{"type":"Point","coordinates":[106.92549335200005,-6.3447680549999745,0]},"properties":{}},{"type":"Feature","geometry":{"type":"Point","coordinates":[106.92610873400008,-6.342280706999929,0]},"properties":{}},{"type":"Feature","geometry":{"type":"Point","coordinates":[106.92802346000008,-6.341316397999947,0]},"properties":{}},{"type":"Feature","geometry":{"type":"Point","coordinates":[106.92608888500007,-6.339027309999949,0]},"properties":{}},{"type":"Feature","geometry":{"type":"Point","coordinates":[106.92589409800007,-6.337455861999956,0]},"properties":{}},{"type":"Feature","geometry":{"type":"Point","coordinates":[106.92609856500007,-6.341513419999956,0]},"properties":{}},{"type":"Feature","geometry":{"type":"Point","coordinates":[106.92627058200009,-6.341721179999979,0]},"properties":{}},{"type":"Feature","geometry":{"type":"Point","coordinates":[106.92597320800007,-6.3419465059999425,0]},"properties":{}},{"type":"Feature","geometry":{"type":"Point","coordinates":[106.92705315800004,-6.336536949999925,0]},"properties":{}},{"type":"Feature","geometry":{"type":"Point","coordinates":[106.92699718700004,-6.336990301999947,0]},"properties":{}},{"type":"Feature","geometry":{"type":"Point","coordinates":[106.92665688700004,-6.337920547999943,0]},"properties":{}},{"type":"Feature","geometry":{"type":"Point","coordinates":[106.92620136700003,-6.3374622249999675,0]},"properties":{}},{"type":"Feature","geometry":{"type":"Point","coordinates":[106.92639316300006,-6.337083047999954,0]},"properties":{}},{"type":"Feature","geometry":{"type":"Point","coordinates":[106.92595037400008,-6.336524229999952,0]},"properties":{}},{"type":"Feature","geometry":{"type":"Point","coordinates":[106.92600941500007,-6.336824990999958,0]},"properties":{}},{"type":"Feature","geometry":{"type":"Point","coordinates":[106.92526514100007,-6.336819978999927,0]},"properties":{}},{"type":"Feature","geometry":{"type":"Point","coordinates":[106.92531691300007,-6.336671601999967,0]},"properties":{}},{"type":"Feature","geometry":{"type":"Point","coordinates":[106.92873002000005,-6.339682921999952,0]},"properties":{}},{"type":"Feature","geometry":{"type":"Point","coordinates":[106.92847292300007,-6.340022198999975,0]},"properties":{}},{"type":"Feature","geometry":{"type":"Point","coordinates":[106.92906854600005,-6.3407562059999805,0]},"properties":{}},{"type":"Feature","geometry":{"type":"Point","coordinates":[106.92891559500003,-6.340693938999948,0]},"properties":{}},{"type":"Feature","geometry":{"type":"Point","coordinates":[106.92984723200004,-6.340026487999978,0]},"properties":{}},{"type":"Feature","geometry":{"type":"Point","coordinates":[106.92935332500008,-6.340206165999973,0]},"properties":{}},{"type":"Feature","geometry":{"type":"Point","coordinates":[106.92987635400004,-6.338890808999963,0]},"properties":{}},{"type":"Feature","geometry":{"type":"Point","coordinates":[106.92974468500006,-6.338937950999934,0]},"properties":{}},{"type":"Feature","geometry":{"type":"Point","coordinates":[106.92932860600007,-6.338686165999945,0]},"properties":{}},{"type":"Feature","geometry":{"type":"Point","coordinates":[106.92957129000007,-6.337435501999948,0]},"properties":{}},{"type":"Feature","geometry":{"type":"Point","coordinates":[106.93297761300005,-6.33381322799994,0]},"properties":{}},{"type":"Feature","geometry":{"type":"Point","coordinates":[106.93312102100003,-6.333812783999974,0]},"properties":{}},{"type":"Feature","geometry":{"type":"Point","coordinates":[106.93211841100003,-6.333033282999963,0]},"properties":{}},{"type":"Feature","geometry":{"type":"Point","coordinates":[106.93718529800009,-6.337596346999931,0]},"properties":{}},{"type":"Feature","geometry":{"type":"Point","coordinates":[106.93890333700006,-6.335203070999967,0]},"properties":{}},{"type":"Feature","geometry":{"type":"Point","coordinates":[106.93934053800007,-6.325956891999965,0]},"properties":{}},{"type":"Feature","geometry":{"type":"Point","coordinates":[106.94016625800003,-6.326895893999961,0]},"properties":{}},{"type":"Feature","geometry":{"type":"Point","coordinates":[106.93983994900009,-6.32708796999998,0]},"properties":{}},{"type":"Feature","geometry":{"type":"Point","coordinates":[106.93977972600004,-6.327416115999938,0]},"properties":{}},{"type":"Feature","geometry":{"type":"Point","coordinates":[106.93463573300005,-6.330272774999969,0]},"properties":{}},{"type":"Feature","geometry":{"type":"Point","coordinates":[106.93405428300008,-6.330406489999973,0]},"properties":{}},{"type":"Feature","geometry":{"type":"Point","coordinates":[106.93386507200006,-6.33009409999994,0]},"properties":{}},{"type":"Feature","geometry":{"type":"Point","coordinates":[106.93397170400004,-6.329900402999954,0]},"properties":{}},{"type":"Feature","geometry":{"type":"Point","coordinates":[106.93418597300007,-6.329151449999927,0]},"properties":{}},{"type":"Feature","geometry":{"type":"Point","coordinates":[106.93407188400005,-6.326344868999968,0]},"properties":{}},{"type":"Feature","geometry":{"type":"Point","coordinates":[106.92854635200007,-6.333078213999954,0]},"properties":{}},{"type":"Feature","geometry":{"type":"Point","coordinates":[106.92763278100006,-6.332743286999971,0]},"properties":{}},{"type":"Feature","geometry":{"type":"Point","coordinates":[106.92759416500007,-6.333270892999963,0]},"properties":{}},{"type":"Feature","geometry":{"type":"Point","coordinates":[106.92832840400007,-6.33347122999993,0]},"properties":{}},{"type":"Feature","geometry":{"type":"Point","coordinates":[106.92621238300006,-6.331709908999926,0]},"properties":{}},{"type":"Feature","geometry":{"type":"Point","coordinates":[106.92754882200006,-6.330597041999965,0]},"properties":{}},{"type":"Feature","geometry":{"type":"Point","coordinates":[106.92729947000004,-6.330489924999938,0]},"properties":{}},{"type":"Feature","geometry":{"type":"Point","coordinates":[106.92419503800005,-6.336409049999929,0]},"properties":{}},{"type":"Feature","geometry":{"type":"Point","coordinates":[106.92387997500003,-6.326242846999946,0]},"properties":{}},{"type":"Feature","geometry":{"type":"Point","coordinates":[106.92374762400004,-6.326837976999968,0]},"properties":{}},{"type":"Feature","geometry":{"type":"Point","coordinates":[106.92338315400008,-6.361329962999946,0]},"properties":{}},{"type":"Feature","geometry":{"type":"Point","coordinates":[106.92583803300005,-6.363698919999933,0]},"properties":{}},{"type":"Feature","geometry":{"type":"Point","coordinates":[106.92562363800005,-6.363786423999954,0]},"properties":{}},{"type":"Feature","geometry":{"type":"Point","coordinates":[106.92521318700005,-6.363862815999937,0]},"properties":{}},{"type":"Feature","geometry":{"type":"Point","coordinates":[106.92543313500005,-6.364780850999978,0]},"properties":{}},{"type":"Feature","geometry":{"type":"Point","coordinates":[106.92527538000007,-6.36483803699997,0]},"properties":{}},{"type":"Feature","geometry":{"type":"Point","coordinates":[106.92994064600003,-6.363641293999933,0]},"properties":{}},{"type":"Feature","geometry":{"type":"Point","coordinates":[106.92762234600008,-6.363320128999931,0]},"properties":{}},{"type":"Feature","geometry":{"type":"Point","coordinates":[106.92744579900005,-6.363742196999965,0]},"properties":{}},{"type":"Feature","geometry":{"type":"Point","coordinates":[106.92871125100004,-6.363570301999971,0]},"properties":{}},{"type":"Feature","geometry":{"type":"Point","coordinates":[106.92847737000005,-6.3633276059999275,0]},"properties":{}},{"type":"Feature","geometry":{"type":"Point","coordinates":[106.92036415700005,-6.326827621999939,0]},"properties":{}},{"type":"Feature","geometry":{"type":"Point","coordinates":[106.91147778600003,-6.368365022999967,0]},"properties":{}},{"type":"Feature","geometry":{"type":"Point","coordinates":[106.91175087900007,-6.368581543999937,0]},"properties":{}},{"type":"Feature","geometry":{"type":"Point","coordinates":[106.91209232500006,-6.3689285479999285,0]},"properties":{}},{"type":"Feature","geometry":{"type":"Point","coordinates":[106.91293367900005,-6.36902280399994,0]},"properties":{}},{"type":"Feature","geometry":{"type":"Point","coordinates":[106.91877777800005,-6.34227888099997,0]},"properties":{}},{"type":"Feature","geometry":{"type":"Point","coordinates":[106.91894466700006,-6.342297882999958,0]},"properties":{}},{"type":"Feature","geometry":{"type":"Point","coordinates":[106.91745368500005,-6.347060624999926,0]},"properties":{}},{"type":"Feature","geometry":{"type":"Point","coordinates":[106.92080944400004,-6.344238269999948,0]},"properties":{}},{"type":"Feature","geometry":{"type":"Point","coordinates":[106.92097477000004,-6.344396420999942,0]},"properties":{}},{"type":"Feature","geometry":{"type":"Point","coordinates":[106.91688908000003,-6.354367215999957,0]},"properties":{}},{"type":"Feature","geometry":{"type":"Point","coordinates":[106.91701591800006,-6.355503047999946,0]},"properties":{}},{"type":"Feature","geometry":{"type":"Point","coordinates":[106.91709977900007,-6.355404729999975,0]},"properties":{}},{"type":"Feature","geometry":{"type":"Point","coordinates":[106.91727600100006,-6.355380749999938,0]},"properties":{}},{"type":"Feature","geometry":{"type":"Point","coordinates":[106.91889762400007,-6.359263453999972,0]},"properties":{}},{"type":"Feature","geometry":{"type":"Point","coordinates":[106.92084092000005,-6.353655839999931,0]},"properties":{}},{"type":"Feature","geometry":{"type":"Point","coordinates":[106.92123368400007,-6.352735523999968,0]},"properties":{}},{"type":"Feature","geometry":{"type":"Point","coordinates":[106.92117358200005,-6.352977236999948,0]},"properties":{}},{"type":"Feature","geometry":{"type":"Point","coordinates":[106.92138372600004,-6.352986853999937,0]},"properties":{}},{"type":"Feature","geometry":{"type":"Point","coordinates":[106.92144627100004,-6.353793006999979,0]},"properties":{}},{"type":"Feature","geometry":{"type":"Point","coordinates":[106.92162374900005,-6.353401586999951,0]},"properties":{}},{"type":"Feature","geometry":{"type":"Point","coordinates":[106.92101013800004,-6.3473077399999625,0]},"properties":{}},{"type":"Feature","geometry":{"type":"Point","coordinates":[106.92157130600003,-6.347692802999973,0]},"properties":{}},{"type":"Feature","geometry":{"type":"Point","coordinates":[106.92163327100008,-6.348294626999973,0]},"properties":{}},{"type":"Feature","geometry":{"type":"Point","coordinates":[106.92103197200004,-6.3493216789999565,0]},"properties":{}},{"type":"Feature","geometry":{"type":"Point","coordinates":[106.92108667700006,-6.350451355999951,0]},"properties":{}},{"type":"Feature","geometry":{"type":"Point","coordinates":[106.92207094100007,-6.349882716999957,0]},"properties":{}},{"type":"Feature","geometry":{"type":"Point","coordinates":[106.92199048600008,-6.350362470999926,0]},"properties":{}},{"type":"Feature","geometry":{"type":"Point","coordinates":[106.98098144500005,-6.328881371999955,0]},"properties":{}},{"type":"Feature","geometry":{"type":"Point","coordinates":[106.97772793000007,-6.326710391999939,0]},"properties":{}},{"type":"Feature","geometry":{"type":"Point","coordinates":[106.97833963600004,-6.32441890299998,0]},"properties":{}},{"type":"Feature","geometry":{"type":"Point","coordinates":[106.97854746100006,-6.32565246799993,0]},"properties":{}},{"type":"Feature","geometry":{"type":"Point","coordinates":[106.97822085600006,-6.325357349999933,0]},"properties":{}},{"type":"Feature","geometry":{"type":"Point","coordinates":[106.97853546100004,-6.3253010929999505,0]},"properties":{}},{"type":"Feature","geometry":{"type":"Point","coordinates":[106.97871144700008,-6.325362352999946,0]},"properties":{}},{"type":"Feature","geometry":{"type":"Point","coordinates":[106.97993087400005,-6.325790223999945,0]},"properties":{}},{"type":"Feature","geometry":{"type":"Point","coordinates":[106.98015115100009,-6.326780629999973,0]},"properties":{}},{"type":"Feature","geometry":{"type":"Point","coordinates":[106.97989737100005,-6.326792355999942,0]},"properties":{}},{"type":"Feature","geometry":{"type":"Point","coordinates":[106.97397658900007,-6.264089432999981,0]},"properties":{}},{"type":"Feature","geometry":{"type":"Point","coordinates":[106.97374649000005,-6.264096084999949,0]},"properties":{}},{"type":"Feature","geometry":{"type":"Point","coordinates":[106.97369963600005,-6.261797506999926,0]},"properties":{}},{"type":"Feature","geometry":{"type":"Point","coordinates":[106.97368153300005,-6.261403931999951,0]},"properties":{}},{"type":"Feature","geometry":{"type":"Point","coordinates":[106.97349306800004,-6.258373748999929,0]},"properties":{}},{"type":"Feature","geometry":{"type":"Point","coordinates":[106.97875041800006,-6.256160721999947,0]},"properties":{}},{"type":"Feature","geometry":{"type":"Point","coordinates":[106.97857791000007,-6.256080183999927,0]},"properties":{}},{"type":"Feature","geometry":{"type":"Point","coordinates":[106.97927328900005,-6.257390125999962,0]},"properties":{}},{"type":"Feature","geometry":{"type":"Point","coordinates":[106.97616251600004,-6.254133810999974,0]},"properties":{}},{"type":"Feature","geometry":{"type":"Point","coordinates":[106.97610732500004,-6.254257517999974,0]},"properties":{}},{"type":"Feature","geometry":{"type":"Point","coordinates":[106.97447613100007,-6.252949366999928,0]},"properties":{}},{"type":"Feature","geometry":{"type":"Point","coordinates":[106.96952013200007,-6.2571750059999545,0]},"properties":{}},{"type":"Feature","geometry":{"type":"Point","coordinates":[106.96817101900007,-6.276983892999965,0]},"properties":{}},{"type":"Feature","geometry":{"type":"Point","coordinates":[106.96700694700007,-6.277380194999978,0]},"properties":{}},{"type":"Feature","geometry":{"type":"Point","coordinates":[106.96671370000007,-6.278330239999946,0]},"properties":{}},{"type":"Feature","geometry":{"type":"Point","coordinates":[106.96624715200005,-6.278051540999968,0]},"properties":{}},{"type":"Feature","geometry":{"type":"Point","coordinates":[106.95348882800005,-6.254187775999981,0]},"properties":{}},{"type":"Feature","geometry":{"type":"Point","coordinates":[106.95341115000008,-6.254315814999927,0]},"properties":{}},{"type":"Feature","geometry":{"type":"Point","coordinates":[106.95340582700004,-6.255315505999931,0]},"properties":{}},{"type":"Feature","geometry":{"type":"Point","coordinates":[106.96841550000005,-6.268408595999972,0]},"properties":{}},{"type":"Feature","geometry":{"type":"Point","coordinates":[106.96822613900008,-6.26834086599996,0]},"properties":{}},{"type":"Feature","geometry":{"type":"Point","coordinates":[106.96755281800006,-6.268673480999951,0]},"properties":{}},{"type":"Feature","geometry":{"type":"Point","coordinates":[106.96739292800004,-6.268730586999936,0]},"properties":{}},{"type":"Feature","geometry":{"type":"Point","coordinates":[106.96416074000007,-6.270728745999975,0]},"properties":{}},{"type":"Feature","geometry":{"type":"Point","coordinates":[106.96353441400004,-6.270510854999941,0]},"properties":{}},{"type":"Feature","geometry":{"type":"Point","coordinates":[106.96064894500006,-6.275764819999949,0]},"properties":{}},{"type":"Feature","geometry":{"type":"Point","coordinates":[106.96079518400006,-6.283406647999925,0]},"properties":{}},{"type":"Feature","geometry":{"type":"Point","coordinates":[106.96281135600009,-6.280776648999961,0]},"properties":{}},{"type":"Feature","geometry":{"type":"Point","coordinates":[106.96326058700004,-6.280219393999971,0]},"properties":{}},{"type":"Feature","geometry":{"type":"Point","coordinates":[106.96207075400008,-6.282425795999927,0]},"properties":{}},{"type":"Feature","geometry":{"type":"Point","coordinates":[106.96479460700004,-6.27773359899993,0]},"properties":{}},{"type":"Feature","geometry":{"type":"Point","coordinates":[106.96471139700009,-6.277879651999967,0]},"properties":{}},{"type":"Feature","geometry":{"type":"Point","coordinates":[106.95727826400008,-6.272099895999929,0]},"properties":{}},{"type":"Feature","geometry":{"type":"Point","coordinates":[106.95653671600007,-6.2749769949999745,0]},"properties":{}},{"type":"Feature","geometry":{"type":"Point","coordinates":[106.95964326700005,-6.278508648999946,0]},"properties":{}},{"type":"Feature","geometry":{"type":"Point","coordinates":[106.95944288500004,-6.278563283999972,0]},"properties":{}},{"type":"Feature","geometry":{"type":"Point","coordinates":[106.95728692500006,-6.277518430999976,0]},"properties":{}},{"type":"Feature","geometry":{"type":"Point","coordinates":[106.95394031200004,-6.271558048999964,0]},"properties":{}},{"type":"Feature","geometry":{"type":"Point","coordinates":[106.95966628600007,-6.280387378999933,0]},"properties":{}},{"type":"Feature","geometry":{"type":"Point","coordinates":[106.95667103100004,-6.2806775049999715,0]},"properties":{}},{"type":"Feature","geometry":{"type":"Point","coordinates":[106.95318296900007,-6.280191290999937,0]},"properties":{}},{"type":"Feature","geometry":{"type":"Point","coordinates":[106.96128129500005,-6.256113323999955,0]},"properties":{}},{"type":"Feature","geometry":{"type":"Point","coordinates":[106.96141398600008,-6.256055869999955,0]},"properties":{}},{"type":"Feature","geometry":{"type":"Point","coordinates":[106.92144554500004,-6.271166578999953,0]},"properties":{}},{"type":"Feature","geometry":{"type":"Point","coordinates":[106.94406773400004,-6.269531590999975,0]},"properties":{}},{"type":"Feature","geometry":{"type":"Point","coordinates":[106.94397105800005,-6.26911750499994,0]},"properties":{}},{"type":"Feature","geometry":{"type":"Point","coordinates":[106.94390490100005,-6.268966401999933,0]},"properties":{}},{"type":"Feature","geometry":{"type":"Point","coordinates":[106.93728920700005,-6.272292179999965,0]},"properties":{}},{"type":"Feature","geometry":{"type":"Point","coordinates":[106.93786169100008,-6.272830089999957,0]},"properties":{}},{"type":"Feature","geometry":{"type":"Point","coordinates":[106.93740121900004,-6.2569762389999255,0]},"properties":{}},{"type":"Feature","geometry":{"type":"Point","coordinates":[106.93597078200008,-6.256414632999963,0]},"properties":{}},{"type":"Feature","geometry":{"type":"Point","coordinates":[106.93003806800004,-6.2716748489999645,0]},"properties":{}},{"type":"Feature","geometry":{"type":"Point","coordinates":[106.93548866500004,-6.280256317999942,0]},"properties":{}},{"type":"Feature","geometry":{"type":"Point","coordinates":[106.93498811100005,-6.2735789229999455,0]},"properties":{}},{"type":"Feature","geometry":{"type":"Point","coordinates":[106.93460991700005,-6.273587010999961,0]},"properties":{}},{"type":"Feature","geometry":{"type":"Point","coordinates":[106.93394650800008,-6.273188213999958,0]},"properties":{}},{"type":"Feature","geometry":{"type":"Point","coordinates":[106.93247265700006,-6.276820247999979,0]},"properties":{}},{"type":"Feature","geometry":{"type":"Point","coordinates":[106.93229225900006,-6.276243272999977,0]},"properties":{}},{"type":"Feature","geometry":{"type":"Point","coordinates":[106.93238799900007,-6.276012821999927,0]},"properties":{}},{"type":"Feature","geometry":{"type":"Point","coordinates":[106.93356330000006,-6.272841181999979,0]},"properties":{}},{"type":"Feature","geometry":{"type":"Point","coordinates":[106.93322961200005,-6.27185837199994,0]},"properties":{}},{"type":"Feature","geometry":{"type":"Point","coordinates":[106.93660550100009,-6.275596445999952,0]},"properties":{}},{"type":"Feature","geometry":{"type":"Point","coordinates":[106.93513447300006,-6.275999242999944,0]},"properties":{}},{"type":"Feature","geometry":{"type":"Point","coordinates":[106.93489508700009,-6.275891633999947,0]},"properties":{}},{"type":"Feature","geometry":{"type":"Point","coordinates":[106.94247495000008,-6.273890886999936,0]},"properties":{}},{"type":"Feature","geometry":{"type":"Point","coordinates":[106.94374512800005,-6.27030028799993,0]},"properties":{}},{"type":"Feature","geometry":{"type":"Point","coordinates":[106.94367325900004,-6.2699485839999625,0]},"properties":{}},{"type":"Feature","geometry":{"type":"Point","coordinates":[106.94884246200007,-6.270895878999966,0]},"properties":{}},{"type":"Feature","geometry":{"type":"Point","coordinates":[106.94951335300004,-6.2712895639999715,0]},"properties":{}},{"type":"Feature","geometry":{"type":"Point","coordinates":[106.94906170200005,-6.271636884999964,0]},"properties":{}},{"type":"Feature","geometry":{"type":"Point","coordinates":[106.94989261100005,-6.2659994809999375,0]},"properties":{}},{"type":"Feature","geometry":{"type":"Point","coordinates":[106.94977553800004,-6.266516794999973,0]},"properties":{}},{"type":"Feature","geometry":{"type":"Point","coordinates":[106.94972112300007,-6.267021851999971,0]},"properties":{}},{"type":"Feature","geometry":{"type":"Point","coordinates":[106.92587300100007,-6.260962327999948,0]},"properties":{}},{"type":"Feature","geometry":{"type":"Point","coordinates":[106.93278146100005,-6.266929060999928,0]},"properties":{}},{"type":"Feature","geometry":{"type":"Point","coordinates":[106.93341717700008,-6.266336960999979,0]},"properties":{}},{"type":"Feature","geometry":{"type":"Point","coordinates":[106.93313105500005,-6.265485342999966,0]},"properties":{}},{"type":"Feature","geometry":{"type":"Point","coordinates":[106.93344648100003,-6.262638742999968,0]},"properties":{}},{"type":"Feature","geometry":{"type":"Point","coordinates":[106.93256613200003,-6.256582137999942,0]},"properties":{}},{"type":"Feature","geometry":{"type":"Point","coordinates":[106.93247790600009,-6.256988591999971,0]},"properties":{}},{"type":"Feature","geometry":{"type":"Point","coordinates":[106.93235722600008,-6.256922944999928,0]},"properties":{}},{"type":"Feature","geometry":{"type":"Point","coordinates":[106.91965052700004,-6.264240785999959,0]},"properties":{}},{"type":"Feature","geometry":{"type":"Point","coordinates":[106.92063870100009,-6.25795468299998,0]},"properties":{}},{"type":"Feature","geometry":{"type":"Point","coordinates":[106.92115977800006,-6.257068182999944,0]},"properties":{}},{"type":"Feature","geometry":{"type":"Point","coordinates":[106.92212767800004,-6.257895891999965,0]},"properties":{}},{"type":"Feature","geometry":{"type":"Point","coordinates":[106.91791620800007,-6.25491167499996,0]},"properties":{}},{"type":"Feature","geometry":{"type":"Point","coordinates":[106.91861069200007,-6.2559621729999435,0]},"properties":{}},{"type":"Feature","geometry":{"type":"Point","coordinates":[106.91432615200006,-6.263051515999962,0]},"properties":{}},{"type":"Feature","geometry":{"type":"Point","coordinates":[106.91376791900007,-6.262994512999967,0]},"properties":{}},{"type":"Feature","geometry":{"type":"Point","coordinates":[106.91583272500009,-6.261196716999962,0]},"properties":{}},{"type":"Feature","geometry":{"type":"Point","coordinates":[106.92100520800005,-6.27263667099993,0]},"properties":{}},{"type":"Feature","geometry":{"type":"Point","coordinates":[106.92549161200009,-6.28195958699996,0]},"properties":{}},{"type":"Feature","geometry":{"type":"Point","coordinates":[106.92569543700006,-6.281659210999976,0]},"properties":{}},{"type":"Feature","geometry":{"type":"Point","coordinates":[106.92610152100008,-6.28046102299993,0]},"properties":{}},{"type":"Feature","geometry":{"type":"Point","coordinates":[106.90953612100009,-6.275119930999949,0]},"properties":{}},{"type":"Feature","geometry":{"type":"Point","coordinates":[106.90962332500004,-6.274824776999935,0]},"properties":{}},{"type":"Feature","geometry":{"type":"Point","coordinates":[106.90942455200008,-6.274753442999952,0]},"properties":{}},{"type":"Feature","geometry":{"type":"Point","coordinates":[106.90667591700009,-6.260598709999954,0]},"properties":{}},{"type":"Feature","geometry":{"type":"Point","coordinates":[106.90603838800007,-6.260650842999951,0]},"properties":{}},{"type":"Feature","geometry":{"type":"Point","coordinates":[106.92718507000006,-6.351048546999948,0]},"properties":{}},{"type":"Feature","geometry":{"type":"Point","coordinates":[106.92695280800007,-6.351190363999933,0]},"properties":{}},{"type":"Feature","geometry":{"type":"Point","coordinates":[106.92143435800006,-6.351434833999974,0]},"properties":{}},{"type":"Feature","geometry":{"type":"Point","coordinates":[106.92069990100003,-6.352304250999964,0]},"properties":{}},{"type":"Feature","geometry":{"type":"Point","coordinates":[106.92095937300007,-6.352602641999965,0]},"properties":{}},{"type":"Feature","geometry":{"type":"Point","coordinates":[106.92052652700005,-6.352852158999951,0]},"properties":{}},{"type":"Feature","geometry":{"type":"Point","coordinates":[106.91547365200006,-6.364601893999975,0]},"properties":{}},{"type":"Feature","geometry":{"type":"Point","coordinates":[106.91541694400007,-6.364370286999929,0]},"properties":{}},{"type":"Feature","geometry":{"type":"Point","coordinates":[106.91634603300008,-6.363121681999928,0]},"properties":{}},{"type":"Feature","geometry":{"type":"Point","coordinates":[106.91557548600008,-6.357644376999929,0]},"properties":{}},{"type":"Feature","geometry":{"type":"Point","coordinates":[106.91543604600008,-6.357498063999969,0]},"properties":{}},{"type":"Feature","geometry":{"type":"Point","coordinates":[106.91466675500004,-6.35902056499998,0]},"properties":{}},{"type":"Feature","geometry":{"type":"Point","coordinates":[106.91454846000005,-6.358703203999937,0]},"properties":{}},{"type":"Feature","geometry":{"type":"Point","coordinates":[106.92215448200005,-6.36541509999995,0]},"properties":{}},{"type":"Feature","geometry":{"type":"Point","coordinates":[106.92024670100005,-6.365890079999929,0]},"properties":{}},{"type":"Feature","geometry":{"type":"Point","coordinates":[106.91369867400005,-6.3713621919999355,0]},"properties":{}},{"type":"Feature","geometry":{"type":"Point","coordinates":[106.91365957000005,-6.371491354999932,0]},"properties":{}},{"type":"Feature","geometry":{"type":"Point","coordinates":[106.92010114800007,-6.365753556999948,0]},"properties":{}},{"type":"Feature","geometry":{"type":"Point","coordinates":[106.99948302500007,-6.288327901999935,0]},"properties":{}},{"type":"Feature","geometry":{"type":"Point","coordinates":[106.99871076000005,-6.289980262999961,0]},"properties":{}},{"type":"Feature","geometry":{"type":"Point","coordinates":[106.99621996600007,-6.290855807999947,0]},"properties":{}},{"type":"Feature","geometry":{"type":"Point","coordinates":[106.99897029400006,-6.2928028969999446,0]},"properties":{}},{"type":"Feature","geometry":{"type":"Point","coordinates":[106.99869596800005,-6.292634883999938,0]},"properties":{}},{"type":"Feature","geometry":{"type":"Point","coordinates":[106.99880743300008,-6.292460963999929,0]},"properties":{}},{"type":"Feature","geometry":{"type":"Point","coordinates":[106.99603626400005,-6.302442330999952,0]},"properties":{}},{"type":"Feature","geometry":{"type":"Point","coordinates":[106.99640866600004,-6.302051877999929,0]},"properties":{}},{"type":"Feature","geometry":{"type":"Point","coordinates":[106.99625725900006,-6.301965394999968,0]},"properties":{}},{"type":"Feature","geometry":{"type":"Point","coordinates":[106.99775698300004,-6.295064670999977,0]},"properties":{}},{"type":"Feature","geometry":{"type":"Point","coordinates":[106.99783268300007,-6.295225398999946,0]},"properties":{}},{"type":"Feature","geometry":{"type":"Point","coordinates":[106.99542334900008,-6.296925158999954,0]},"properties":{}},{"type":"Feature","geometry":{"type":"Point","coordinates":[106.99809418200005,-6.301747798999941,0]},"properties":{}},{"type":"Feature","geometry":{"type":"Point","coordinates":[106.99824480900008,-6.301630684999964,0]},"properties":{}},{"type":"Feature","geometry":{"type":"Point","coordinates":[106.99982766500005,-6.299648568999942,0]},"properties":{}},{"type":"Feature","geometry":{"type":"Point","coordinates":[106.99937938800008,-6.302757431999964,0]},"properties":{}},{"type":"Feature","geometry":{"type":"Point","coordinates":[106.99952338900005,-6.302514495999958,0]},"properties":{}},{"type":"Feature","geometry":{"type":"Point","coordinates":[106.99655164000006,-6.304516401999933,0]},"properties":{}},{"type":"Feature","geometry":{"type":"Point","coordinates":[106.99674330300007,-6.3046624899999415,0]},"properties":{}},{"type":"Feature","geometry":{"type":"Point","coordinates":[106.99696303000007,-6.305034853999928,0]},"properties":{}},{"type":"Feature","geometry":{"type":"Point","coordinates":[106.99739626900003,-6.3049112329999275,0]},"properties":{}},{"type":"Feature","geometry":{"type":"Point","coordinates":[106.99796331600004,-6.305374841999935,0]},"properties":{}},{"type":"Feature","geometry":{"type":"Point","coordinates":[106.99802205900005,-6.305165412999941,0]},"properties":{}},{"type":"Feature","geometry":{"type":"Point","coordinates":[106.99682959700004,-6.30378972099993,0]},"properties":{}},{"type":"Feature","geometry":{"type":"Point","coordinates":[106.99680242300008,-6.303630344999931,0]},"properties":{}},{"type":"Feature","geometry":{"type":"Point","coordinates":[106.99674662000007,-6.303899974999979,0]},"properties":{}},{"type":"Feature","geometry":{"type":"Point","coordinates":[106.99757471100008,-6.303704141999958,0]},"properties":{}},{"type":"Feature","geometry":{"type":"Point","coordinates":[106.99821231000004,-6.303691843999957,0]},"properties":{}},{"type":"Feature","geometry":{"type":"Point","coordinates":[106.99889818100007,-6.303614537999977,0]},"properties":{}},{"type":"Feature","geometry":{"type":"Point","coordinates":[106.99831597400004,-6.311174888999972,0]},"properties":{}},{"type":"Feature","geometry":{"type":"Point","coordinates":[106.99839213500007,-6.31103057699994,0]},"properties":{}},{"type":"Feature","geometry":{"type":"Point","coordinates":[106.99845915100008,-6.310928790999981,0]},"properties":{}},{"type":"Feature","geometry":{"type":"Point","coordinates":[106.99830334800004,-6.310308917999976,0]},"properties":{}},{"type":"Feature","geometry":{"type":"Point","coordinates":[106.99856706200006,-6.310440082999946,0]},"properties":{}},{"type":"Feature","geometry":{"type":"Point","coordinates":[106.99939018600008,-6.311279345999935,0]},"properties":{}},{"type":"Feature","geometry":{"type":"Point","coordinates":[106.99944380000005,-6.311099227999932,0]},"properties":{}},{"type":"Feature","geometry":{"type":"Point","coordinates":[106.99877420600006,-6.308872153999971,0]},"properties":{}},{"type":"Feature","geometry":{"type":"Point","coordinates":[106.99998123200004,-6.307961993999925,0]},"properties":{}},{"type":"Feature","geometry":{"type":"Point","coordinates":[106.99964574500007,-6.307799281999962,0]},"properties":{}},{"type":"Feature","geometry":{"type":"Point","coordinates":[106.99793364200008,-6.313642418999962,0]},"properties":{}},{"type":"Feature","geometry":{"type":"Point","coordinates":[106.99965571700005,-6.313438082999937,0]},"properties":{}},{"type":"Feature","geometry":{"type":"Point","coordinates":[106.99564172800007,-6.320298566999952,0]},"properties":{}},{"type":"Feature","geometry":{"type":"Point","coordinates":[106.99566487000004,-6.31997120099993,0]},"properties":{}},{"type":"Feature","geometry":{"type":"Point","coordinates":[106.99368927400008,-6.324104653999939,0]},"properties":{}},{"type":"Feature","geometry":{"type":"Point","coordinates":[106.99428513300006,-6.324535241999968,0]},"properties":{}},{"type":"Feature","geometry":{"type":"Point","coordinates":[106.99535394500003,-6.323435933999974,0]},"properties":{}},{"type":"Feature","geometry":{"type":"Point","coordinates":[106.99617862000008,-6.322271020999949,0]},"properties":{}},{"type":"Feature","geometry":{"type":"Point","coordinates":[106.99610330000007,-6.322069609999971,0]},"properties":{}},{"type":"Feature","geometry":{"type":"Point","coordinates":[106.99701200300007,-6.3225051419999545,0]},"properties":{}},{"type":"Feature","geometry":{"type":"Point","coordinates":[106.97878473500003,-6.283925736999947,0]},"properties":{}},{"type":"Feature","geometry":{"type":"Point","coordinates":[106.98441970100004,-6.3022186989999796,0]},"properties":{}},{"type":"Feature","geometry":{"type":"Point","coordinates":[106.98554448300007,-6.302247506999947,0]},"properties":{}},{"type":"Feature","geometry":{"type":"Point","coordinates":[106.98536372600006,-6.302236170999947,0]},"properties":{}},{"type":"Feature","geometry":{"type":"Point","coordinates":[106.99257503000007,-6.301035251999963,0]},"properties":{}},{"type":"Feature","geometry":{"type":"Point","coordinates":[106.99276534800003,-6.295452797999928,0]},"properties":{}},{"type":"Feature","geometry":{"type":"Point","coordinates":[106.99158583800005,-6.29480952199998,0]},"properties":{}},{"type":"Feature","geometry":{"type":"Point","coordinates":[106.99197651400004,-6.294662202999973,0]},"properties":{}},{"type":"Feature","geometry":{"type":"Point","coordinates":[106.99236130100007,-6.29467628499998,0]},"properties":{}},{"type":"Feature","geometry":{"type":"Point","coordinates":[106.99226605100006,-6.294696085999931,0]},"properties":{}},{"type":"Feature","geometry":{"type":"Point","coordinates":[106.99088031600007,-6.294446419999929,0]},"properties":{}},{"type":"Feature","geometry":{"type":"Point","coordinates":[106.99073237600004,-6.294557734999955,0]},"properties":{}},{"type":"Feature","geometry":{"type":"Point","coordinates":[106.99083642300008,-6.294309256999952,0]},"properties":{}},{"type":"Feature","geometry":{"type":"Point","coordinates":[106.99088404600008,-6.294548205999945,0]},"properties":{}},{"type":"Feature","geometry":{"type":"Point","coordinates":[106.98762145300009,-6.294109497999955,0]},"properties":{}},{"type":"Feature","geometry":{"type":"Point","coordinates":[106.98805015100004,-6.29371937999997,0]},"properties":{}},{"type":"Feature","geometry":{"type":"Point","coordinates":[106.98645803400007,-6.293775977999928,0]},"properties":{}},{"type":"Feature","geometry":{"type":"Point","coordinates":[106.98652690700004,-6.293544088999965,0]},"properties":{}},{"type":"Feature","geometry":{"type":"Point","coordinates":[106.98613517500007,-6.293509234999931,0]},"properties":{}},{"type":"Feature","geometry":{"type":"Point","coordinates":[106.98645136000005,-6.303140545999952,0]},"properties":{}},{"type":"Feature","geometry":{"type":"Point","coordinates":[106.98621596900006,-6.302900141999942,0]},"properties":{}},{"type":"Feature","geometry":{"type":"Point","coordinates":[106.98639305600005,-6.302825512999959,0]},"properties":{}},{"type":"Feature","geometry":{"type":"Point","coordinates":[106.98605407100007,-6.302763246999973,0]},"properties":{}},{"type":"Feature","geometry":{"type":"Point","coordinates":[106.98505561800005,-6.3025710429999435,0]},"properties":{}},{"type":"Feature","geometry":{"type":"Point","coordinates":[106.98548674200003,-6.302887910999971,0]},"properties":{}},{"type":"Feature","geometry":{"type":"Point","coordinates":[106.99570705100007,-6.307179446999953,0]},"properties":{}},{"type":"Feature","geometry":{"type":"Point","coordinates":[106.99773132500007,-6.282998346999932,0]},"properties":{}},{"type":"Feature","geometry":{"type":"Point","coordinates":[106.99409373800006,-6.272723115999952,0]},"properties":{}},{"type":"Feature","geometry":{"type":"Point","coordinates":[106.99513431200006,-6.274337644999946,0]},"properties":{}},{"type":"Feature","geometry":{"type":"Point","coordinates":[106.99518923600004,-6.274002652999968,0]},"properties":{}},{"type":"Feature","geometry":{"type":"Point","coordinates":[106.99585818800006,-6.273572653999963,0]},"properties":{}},{"type":"Feature","geometry":{"type":"Point","coordinates":[106.99695159400005,-6.269720707999966,0]},"properties":{}},{"type":"Feature","geometry":{"type":"Point","coordinates":[106.99709099000006,-6.270262536999951,0]},"properties":{}},{"type":"Feature","geometry":{"type":"Point","coordinates":[106.99675342700004,-6.269713145999958,0]},"properties":{}},{"type":"Feature","geometry":{"type":"Point","coordinates":[106.99707800500005,-6.270720322999978,0]},"properties":{}},{"type":"Feature","geometry":{"type":"Point","coordinates":[106.99704953700007,-6.271050783999954,0]},"properties":{}},{"type":"Feature","geometry":{"type":"Point","coordinates":[106.99717900600007,-6.270978415999934,0]},"properties":{}},{"type":"Feature","geometry":{"type":"Point","coordinates":[106.99721677400004,-6.272521540999946,0]},"properties":{}},{"type":"Feature","geometry":{"type":"Point","coordinates":[106.99818471000003,-6.2810314119999475,0]},"properties":{}},{"type":"Feature","geometry":{"type":"Point","coordinates":[106.99488112900008,-6.28088435799998,0]},"properties":{}},{"type":"Feature","geometry":{"type":"Point","coordinates":[106.99718086300004,-6.278060722999953,0]},"properties":{}},{"type":"Feature","geometry":{"type":"Point","coordinates":[106.99751900300004,-6.277763706999963,0]},"properties":{}},{"type":"Feature","geometry":{"type":"Point","coordinates":[106.99706477900008,-6.278113059999953,0]},"properties":{}},{"type":"Feature","geometry":{"type":"Point","coordinates":[106.99910001400008,-6.27888515099994,0]},"properties":{}},{"type":"Feature","geometry":{"type":"Point","coordinates":[106.99910360100006,-6.279446571999927,0]},"properties":{}},{"type":"Feature","geometry":{"type":"Point","coordinates":[106.99795295500007,-6.272118315999933,0]},"properties":{}},{"type":"Feature","geometry":{"type":"Point","coordinates":[106.99794479300004,-6.272347441999955,0]},"properties":{}},{"type":"Feature","geometry":{"type":"Point","coordinates":[106.99812196100004,-6.272344776999944,0]},"properties":{}},{"type":"Feature","geometry":{"type":"Point","coordinates":[106.99579200200009,-6.275007685999981,0]},"properties":{}},{"type":"Feature","geometry":{"type":"Point","coordinates":[106.99216068000004,-6.2571249539999485,0]},"properties":{}},{"type":"Feature","geometry":{"type":"Point","coordinates":[106.99230398400005,-6.2561500769999725,0]},"properties":{}},{"type":"Feature","geometry":{"type":"Point","coordinates":[106.99295503300004,-6.276310789999968,0]},"properties":{}},{"type":"Feature","geometry":{"type":"Point","coordinates":[106.99280867900006,-6.27612501599998,0]},"properties":{}},{"type":"Feature","geometry":{"type":"Point","coordinates":[106.99293755900004,-6.275968660999979,0]},"properties":{}},{"type":"Feature","geometry":{"type":"Point","coordinates":[106.99704822000007,-6.260108940999942,0]},"properties":{}},{"type":"Feature","geometry":{"type":"Point","coordinates":[106.99692109600005,-6.260892812999941,0]},"properties":{}},{"type":"Feature","geometry":{"type":"Point","coordinates":[106.99705341700007,-6.2624510399999735,0]},"properties":{}},{"type":"Feature","geometry":{"type":"Point","coordinates":[106.99385879900007,-6.25989242299994,0]},"properties":{}},{"type":"Feature","geometry":{"type":"Point","coordinates":[106.97109406000004,-6.26101467899997,0]},"properties":{}},{"type":"Feature","geometry":{"type":"Point","coordinates":[106.97116710800009,-6.2578464479999525,0]},"properties":{}},{"type":"Feature","geometry":{"type":"Point","coordinates":[106.97130295300008,-6.257883637999953,0]},"properties":{}},{"type":"Feature","geometry":{"type":"Point","coordinates":[106.97180807400008,-6.257322647999956,0]},"properties":{}},{"type":"Feature","geometry":{"type":"Point","coordinates":[106.97310632900007,-6.256460597999933,0]},"properties":{}},{"type":"Feature","geometry":{"type":"Point","coordinates":[106.96971957000005,-6.261187006999933,0]},"properties":{}},{"type":"Feature","geometry":{"type":"Point","coordinates":[106.97029207000008,-6.271382173999939,0]},"properties":{}},{"type":"Feature","geometry":{"type":"Point","coordinates":[106.97035894200008,-6.271577478999973,0]},"properties":{}},{"type":"Feature","geometry":{"type":"Point","coordinates":[106.97058578900004,-6.27152192799997,0]},"properties":{}},{"type":"Feature","geometry":{"type":"Point","coordinates":[106.97088184000006,-6.272042025999951,0]},"properties":{}},{"type":"Feature","geometry":{"type":"Point","coordinates":[106.97105706600007,-6.27207472799995,0]},"properties":{}},{"type":"Feature","geometry":{"type":"Point","coordinates":[106.99225460500008,-6.256113557999981,0]},"properties":{}},{"type":"Feature","geometry":{"type":"Point","coordinates":[106.99211754200007,-6.256231699999944,0]},"properties":{}},{"type":"Feature","geometry":{"type":"Point","coordinates":[106.99321287400005,-6.261530999999934,0]},"properties":{}},{"type":"Feature","geometry":{"type":"Point","coordinates":[106.99304865900007,-6.261493922999932,0]},"properties":{}},{"type":"Feature","geometry":{"type":"Point","coordinates":[106.99247220600006,-6.265346703999967,0]},"properties":{}},{"type":"Feature","geometry":{"type":"Point","coordinates":[106.98960549500003,-6.261890773999937,0]},"properties":{}},{"type":"Feature","geometry":{"type":"Point","coordinates":[106.99015278000007,-6.26357011999994,0]},"properties":{}},{"type":"Feature","geometry":{"type":"Point","coordinates":[106.99009054400005,-6.263192537999942,0]},"properties":{}},{"type":"Feature","geometry":{"type":"Point","coordinates":[106.98967510500006,-6.26314212799997,0]},"properties":{}},{"type":"Feature","geometry":{"type":"Point","coordinates":[106.98959228100006,-6.263292430999968,0]},"properties":{}},{"type":"Feature","geometry":{"type":"Point","coordinates":[106.99126635100004,-6.264835411999968,0]},"properties":{}},{"type":"Feature","geometry":{"type":"Point","coordinates":[106.99145703200008,-6.264227051999967,0]},"properties":{}},{"type":"Feature","geometry":{"type":"Point","coordinates":[106.99130769700008,-6.2655410749999305,0]},"properties":{}},{"type":"Feature","geometry":{"type":"Point","coordinates":[106.99100412000007,-6.266041554999958,0]},"properties":{}},{"type":"Feature","geometry":{"type":"Point","coordinates":[106.99004256500007,-6.265814752999972,0]},"properties":{}},{"type":"Feature","geometry":{"type":"Point","coordinates":[106.99045575100007,-6.2656754019999426,0]},"properties":{}},{"type":"Feature","geometry":{"type":"Point","coordinates":[106.99069313200005,-6.26627915399996,0]},"properties":{}},{"type":"Feature","geometry":{"type":"Point","coordinates":[106.99078207300005,-6.266288760999942,0]},"properties":{}},{"type":"Feature","geometry":{"type":"Point","coordinates":[106.99101405700009,-6.266684231999932,0]},"properties":{}},{"type":"Feature","geometry":{"type":"Point","coordinates":[106.99023150200009,-6.276607564999949,0]},"properties":{}},{"type":"Feature","geometry":{"type":"Point","coordinates":[106.99072753300004,-6.27694010099998,0]},"properties":{}},{"type":"Feature","geometry":{"type":"Point","coordinates":[106.99061326800006,-6.276971906999961,0]},"properties":{}},{"type":"Feature","geometry":{"type":"Point","coordinates":[106.99051073000004,-6.276261142999942,0]},"properties":{}},{"type":"Feature","geometry":{"type":"Point","coordinates":[106.99032440300005,-6.276422145999959,0]},"properties":{}},{"type":"Feature","geometry":{"type":"Point","coordinates":[106.97765271600008,-6.279051351999954,0]},"properties":{}},{"type":"Feature","geometry":{"type":"Point","coordinates":[106.97964495700006,-6.280712411999957,0]},"properties":{}},{"type":"Feature","geometry":{"type":"Point","coordinates":[106.97955728900007,-6.281136129999936,0]},"properties":{}},{"type":"Feature","geometry":{"type":"Point","coordinates":[106.97938313100008,-6.281147637999936,0]},"properties":{}},{"type":"Feature","geometry":{"type":"Point","coordinates":[106.98207443800004,-6.281468073999974,0]},"properties":{}},{"type":"Feature","geometry":{"type":"Point","coordinates":[106.98222938100008,-6.281225733999975,0]},"properties":{}},{"type":"Feature","geometry":{"type":"Point","coordinates":[106.98155442700005,-6.280338393999955,0]},"properties":{}},{"type":"Feature","geometry":{"type":"Point","coordinates":[106.98170579100008,-6.280105287999959,0]},"properties":{}},{"type":"Feature","geometry":{"type":"Point","coordinates":[106.98182040200004,-6.279997266999942,0]},"properties":{}},{"type":"Feature","geometry":{"type":"Point","coordinates":[106.98229716900005,-6.279488808999929,0]},"properties":{}},{"type":"Feature","geometry":{"type":"Point","coordinates":[106.98257148900007,-6.278941517999954,0]},"properties":{}},{"type":"Feature","geometry":{"type":"Point","coordinates":[106.98183201400008,-6.279484241999967,0]},"properties":{}},{"type":"Feature","geometry":{"type":"Point","coordinates":[106.98168260400007,-6.279564909999976,0]},"properties":{}},{"type":"Feature","geometry":{"type":"Point","coordinates":[106.98155659400004,-6.279717003999963,0]},"properties":{}},{"type":"Feature","geometry":{"type":"Point","coordinates":[106.97981830100008,-6.277831137999954,0]},"properties":{}},{"type":"Feature","geometry":{"type":"Point","coordinates":[106.98216461100009,-6.271743240999967,0]},"properties":{}},{"type":"Feature","geometry":{"type":"Point","coordinates":[106.98307629600004,-6.26524805899993,0]},"properties":{}},{"type":"Feature","geometry":{"type":"Point","coordinates":[106.98259301300004,-6.2654643359999795,0]},"properties":{}},{"type":"Feature","geometry":{"type":"Point","coordinates":[106.99043740000008,-6.258947527999965,0]},"properties":{}},{"type":"Feature","geometry":{"type":"Point","coordinates":[106.98950785200009,-6.258532097999932,0]},"properties":{}},{"type":"Feature","geometry":{"type":"Point","coordinates":[106.98856771500004,-6.255125348999968,0]},"properties":{}},{"type":"Feature","geometry":{"type":"Point","coordinates":[106.98796755900008,-6.255061350999938,0]},"properties":{}},{"type":"Feature","geometry":{"type":"Point","coordinates":[106.98098288900007,-6.257128272999978,0]},"properties":{}},{"type":"Feature","geometry":{"type":"Point","coordinates":[106.97481829800006,-6.2767888899999775,0]},"properties":{}},{"type":"Feature","geometry":{"type":"Point","coordinates":[106.97493186000008,-6.272971644999927,0]},"properties":{}},{"type":"Feature","geometry":{"type":"Point","coordinates":[106.97654446700005,-6.282673902999932,0]},"properties":{}},{"type":"Feature","geometry":{"type":"Point","coordinates":[106.97481708800007,-6.282484690999979,0]},"properties":{}},{"type":"Feature","geometry":{"type":"Point","coordinates":[106.97137544200007,-6.275913499999945,0]},"properties":{}},{"type":"Feature","geometry":{"type":"Point","coordinates":[106.97624791800007,-6.269201851999981,0]},"properties":{}},{"type":"Feature","geometry":{"type":"Point","coordinates":[106.97500214800004,-6.270858057999931,0]},"properties":{}},{"type":"Feature","geometry":{"type":"Point","coordinates":[106.97468474900006,-6.266897960999927,0]},"properties":{}},{"type":"Feature","geometry":{"type":"Point","coordinates":[106.97476615300008,-6.266777047999938,0]},"properties":{}},{"type":"Feature","geometry":{"type":"Point","coordinates":[106.97475753000003,-6.266622389999952,0]},"properties":{}},{"type":"Feature","geometry":{"type":"Point","coordinates":[106.96138749100004,-6.325414931999944,0]},"properties":{}},{"type":"Feature","geometry":{"type":"Point","coordinates":[106.96180430700008,-6.325719757999934,0]},"properties":{}},{"type":"Feature","geometry":{"type":"Point","coordinates":[106.95797661200004,-6.331348038999977,0]},"properties":{}},{"type":"Feature","geometry":{"type":"Point","coordinates":[106.95953148700005,-6.335274559999959,0]},"properties":{}},{"type":"Feature","geometry":{"type":"Point","coordinates":[106.95777175200004,-6.33515869799993,0]},"properties":{}},{"type":"Feature","geometry":{"type":"Point","coordinates":[106.95723529400004,-6.336030920999974,0]},"properties":{}},{"type":"Feature","geometry":{"type":"Point","coordinates":[106.95745701500005,-6.335998169999925,0]},"properties":{}},{"type":"Feature","geometry":{"type":"Point","coordinates":[106.95540566600005,-6.3370807049999485,0]},"properties":{}},{"type":"Feature","geometry":{"type":"Point","coordinates":[106.95532470400008,-6.3387613759999795,0]},"properties":{}},{"type":"Feature","geometry":{"type":"Point","coordinates":[106.95484105500009,-6.3380852129999425,0]},"properties":{}},{"type":"Feature","geometry":{"type":"Point","coordinates":[106.95483376900006,-6.33845402399993,0]},"properties":{}},{"type":"Feature","geometry":{"type":"Point","coordinates":[106.95460955200008,-6.33830424599995,0]},"properties":{}},{"type":"Feature","geometry":{"type":"Point","coordinates":[106.95440256800003,-6.33865138799996,0]},"properties":{}},{"type":"Feature","geometry":{"type":"Point","coordinates":[106.95179049200004,-6.33778966999995,0]},"properties":{}},{"type":"Feature","geometry":{"type":"Point","coordinates":[106.95260673200005,-6.337494661999926,0]},"properties":{}},{"type":"Feature","geometry":{"type":"Point","coordinates":[106.95212002100004,-6.337613032999968,0]},"properties":{}},{"type":"Feature","geometry":{"type":"Point","coordinates":[106.95223398900004,-6.337041299999953,0]},"properties":{}},{"type":"Feature","geometry":{"type":"Point","coordinates":[106.95249522500006,-6.337135157999967,0]},"properties":{}},{"type":"Feature","geometry":{"type":"Point","coordinates":[106.95274207800009,-6.336984779999966,0]},"properties":{}},{"type":"Feature","geometry":{"type":"Point","coordinates":[106.95262631300005,-6.336838388999979,0]},"properties":{}},{"type":"Feature","geometry":{"type":"Point","coordinates":[106.95280439400005,-6.336614856999972,0]},"properties":{}},{"type":"Feature","geometry":{"type":"Point","coordinates":[106.95220352200005,-6.336653101999957,0]},"properties":{}},{"type":"Feature","geometry":{"type":"Point","coordinates":[106.95215031100008,-6.3364164269999605,0]},"properties":{}},{"type":"Feature","geometry":{"type":"Point","coordinates":[106.95139916000005,-6.33315904899996,0]},"properties":{}},{"type":"Feature","geometry":{"type":"Point","coordinates":[106.95225825000006,-6.333471169999939,0]},"properties":{}},{"type":"Feature","geometry":{"type":"Point","coordinates":[106.95207399700007,-6.333398991999957,0]},"properties":{}},{"type":"Feature","geometry":{"type":"Point","coordinates":[106.95160083900004,-6.333828865999976,0]},"properties":{}},{"type":"Feature","geometry":{"type":"Point","coordinates":[106.94856886400004,-6.325590191999936,0]},"properties":{}},{"type":"Feature","geometry":{"type":"Point","coordinates":[106.94954648400005,-6.325730367999938,0]},"properties":{}},{"type":"Feature","geometry":{"type":"Point","coordinates":[106.94929057400009,-6.32568151199996,0]},"properties":{}},{"type":"Feature","geometry":{"type":"Point","coordinates":[106.94722022000008,-6.327213330999939,0]},"properties":{}},{"type":"Feature","geometry":{"type":"Point","coordinates":[106.94741871000008,-6.3274443999999335,0]},"properties":{}},{"type":"Feature","geometry":{"type":"Point","coordinates":[106.94725359900008,-6.3279463469999655,0]},"properties":{}},{"type":"Feature","geometry":{"type":"Point","coordinates":[106.94573673700006,-6.332623198999954,0]},"properties":{}},{"type":"Feature","geometry":{"type":"Point","coordinates":[106.94607162300008,-6.332718682999939,0]},"properties":{}},{"type":"Feature","geometry":{"type":"Point","coordinates":[106.94639570000004,-6.332750919999967,0]},"properties":{}},{"type":"Feature","geometry":{"type":"Point","coordinates":[106.94592151600006,-6.33331839899995,0]},"properties":{}},{"type":"Feature","geometry":{"type":"Point","coordinates":[106.94585477400005,-6.333135385999981,0]},"properties":{}},{"type":"Feature","geometry":{"type":"Point","coordinates":[106.94588858800006,-6.3334537769999315,0]},"properties":{}},{"type":"Feature","geometry":{"type":"Point","coordinates":[106.94661223600008,-6.333480626999972,0]},"properties":{}},{"type":"Feature","geometry":{"type":"Point","coordinates":[106.94915659100008,-6.335109045999957,0]},"properties":{}},{"type":"Feature","geometry":{"type":"Point","coordinates":[106.94951138200008,-6.334777171999974,0]},"properties":{}},{"type":"Feature","geometry":{"type":"Point","coordinates":[106.94950929200007,-6.334942720999948,0]},"properties":{}},{"type":"Feature","geometry":{"type":"Point","coordinates":[106.94948071600004,-6.3350816089999284,0]},"properties":{}},{"type":"Feature","geometry":{"type":"Point","coordinates":[106.95018742700006,-6.335963710999977,0]},"properties":{}},{"type":"Feature","geometry":{"type":"Point","coordinates":[106.95024566400008,-6.335830588999954,0]},"properties":{}},{"type":"Feature","geometry":{"type":"Point","coordinates":[106.95033183300006,-6.33598875399997,0]},"properties":{}},{"type":"Feature","geometry":{"type":"Point","coordinates":[106.95100475200007,-6.3384822789999475,0]},"properties":{}},{"type":"Feature","geometry":{"type":"Point","coordinates":[106.95056659000005,-6.340170174999969,0]},"properties":{}},{"type":"Feature","geometry":{"type":"Point","coordinates":[106.95015356800008,-6.340060071999972,0]},"properties":{}},{"type":"Feature","geometry":{"type":"Point","coordinates":[106.94919987800006,-6.338382924999962,0]},"properties":{}},{"type":"Feature","geometry":{"type":"Point","coordinates":[106.94033325700008,-6.364660255999979,0]},"properties":{}},{"type":"Feature","geometry":{"type":"Point","coordinates":[106.94288688300009,-6.365559916999928,0]},"properties":{}},{"type":"Feature","geometry":{"type":"Point","coordinates":[106.94310189900006,-6.365614620999963,0]},"properties":{}},{"type":"Feature","geometry":{"type":"Point","coordinates":[106.94332156800004,-6.365777346999948,0]},"properties":{}},{"type":"Feature","geometry":{"type":"Point","coordinates":[106.94340369000008,-6.365915094999934,0]},"properties":{}},{"type":"Feature","geometry":{"type":"Point","coordinates":[106.94365063400005,-6.36595295199993,0]},"properties":{}},{"type":"Feature","geometry":{"type":"Point","coordinates":[106.94357338000003,-6.365139183999929,0]},"properties":{}},{"type":"Feature","geometry":{"type":"Point","coordinates":[106.94366087200007,-6.364566191999927,0]},"properties":{}},{"type":"Feature","geometry":{"type":"Point","coordinates":[106.94564916400009,-6.360428107999951,0]},"properties":{}},{"type":"Feature","geometry":{"type":"Point","coordinates":[106.94542677100009,-6.360501635999981,0]},"properties":{}},{"type":"Feature","geometry":{"type":"Point","coordinates":[106.94527027200007,-6.36055538599993,0]},"properties":{}},{"type":"Feature","geometry":{"type":"Point","coordinates":[106.94648030500008,-6.357502269999941,0]},"properties":{}},{"type":"Feature","geometry":{"type":"Point","coordinates":[106.94589806900007,-6.354379684999969,0]},"properties":{}},{"type":"Feature","geometry":{"type":"Point","coordinates":[106.94572349800006,-6.354312894999964,0]},"properties":{}},{"type":"Feature","geometry":{"type":"Point","coordinates":[106.94574292500005,-6.343265977999977,0]},"properties":{}},{"type":"Feature","geometry":{"type":"Point","coordinates":[106.94550909900005,-6.343469918999972,0]},"properties":{}},{"type":"Feature","geometry":{"type":"Point","coordinates":[106.94541879700006,-6.343173619999959,0]},"properties":{}},{"type":"Feature","geometry":{"type":"Point","coordinates":[106.94535717600007,-6.343320587999926,0]},"properties":{}},{"type":"Feature","geometry":{"type":"Point","coordinates":[106.94549659200004,-6.342930122999974,0]},"properties":{}},{"type":"Feature","geometry":{"type":"Point","coordinates":[106.94545960800008,-6.34270685599995,0]},"properties":{}},{"type":"Feature","geometry":{"type":"Point","coordinates":[106.94724274400005,-6.344015543999944,0]},"properties":{}},{"type":"Feature","geometry":{"type":"Point","coordinates":[106.94786744900006,-6.344136606999939,0]},"properties":{}},{"type":"Feature","geometry":{"type":"Point","coordinates":[106.94833556900005,-6.344599918999961,0]},"properties":{}},{"type":"Feature","geometry":{"type":"Point","coordinates":[106.94846740400004,-6.344356760999972,0]},"properties":{}},{"type":"Feature","geometry":{"type":"Point","coordinates":[106.94570265200008,-6.341708169999947,0]},"properties":{}},{"type":"Feature","geometry":{"type":"Point","coordinates":[106.94638387700007,-6.338805775999958,0]},"properties":{}},{"type":"Feature","geometry":{"type":"Point","coordinates":[106.94672412700004,-6.336957044999963,0]},"properties":{}},{"type":"Feature","geometry":{"type":"Point","coordinates":[106.94691864400005,-6.33658517799995,0]},"properties":{}},{"type":"Feature","geometry":{"type":"Point","coordinates":[106.94661139100003,-6.336678278999955,0]},"properties":{}},{"type":"Feature","geometry":{"type":"Point","coordinates":[106.94833931900007,-6.337826154999959,0]},"properties":{}},{"type":"Feature","geometry":{"type":"Point","coordinates":[106.94766918000005,-6.33700946099998,0]},"properties":{}},{"type":"Feature","geometry":{"type":"Point","coordinates":[106.94613972000008,-6.336277630999973,0]},"properties":{}},{"type":"Feature","geometry":{"type":"Point","coordinates":[106.94651225000007,-6.337302123999962,0]},"properties":{}},{"type":"Feature","geometry":{"type":"Point","coordinates":[106.94651874700008,-6.337829736999936,0]},"properties":{}},{"type":"Feature","geometry":{"type":"Point","coordinates":[106.94637600500005,-6.338513868999939,0]},"properties":{}},{"type":"Feature","geometry":{"type":"Point","coordinates":[106.94728907100006,-6.340011168999979,0]},"properties":{}},{"type":"Feature","geometry":{"type":"Point","coordinates":[106.94589964500005,-6.344236039999942,0]},"properties":{}},{"type":"Feature","geometry":{"type":"Point","coordinates":[106.94598361300007,-6.344625937999979,0]},"properties":{}},{"type":"Feature","geometry":{"type":"Point","coordinates":[106.94567585900006,-6.34439419499995,0]},"properties":{}},{"type":"Feature","geometry":{"type":"Point","coordinates":[106.94349679500004,-6.346716894999929,0]},"properties":{}},{"type":"Feature","geometry":{"type":"Point","coordinates":[106.94303168400006,-6.346550204999971,0]},"properties":{}},{"type":"Feature","geometry":{"type":"Point","coordinates":[106.94305363300003,-6.346764395999969,0]},"properties":{}},{"type":"Feature","geometry":{"type":"Point","coordinates":[106.94274643300008,-6.347114534999946,0]},"properties":{}},{"type":"Feature","geometry":{"type":"Point","coordinates":[106.94269093100007,-6.3474717759999635,0]},"properties":{}},{"type":"Feature","geometry":{"type":"Point","coordinates":[106.94288739900009,-6.3479083569999375,0]},"properties":{}},{"type":"Feature","geometry":{"type":"Point","coordinates":[106.94267775100008,-6.342120942999941,0]},"properties":{}},{"type":"Feature","geometry":{"type":"Point","coordinates":[106.94238035700005,-6.3421452929999305,0]},"properties":{}},{"type":"Feature","geometry":{"type":"Point","coordinates":[106.94308834000009,-6.3419186909999326,0]},"properties":{}},{"type":"Feature","geometry":{"type":"Point","coordinates":[106.94409253900005,-6.34200470299993,0]},"properties":{}},{"type":"Feature","geometry":{"type":"Point","coordinates":[106.94404006600007,-6.341771638999944,0]},"properties":{}},{"type":"Feature","geometry":{"type":"Point","coordinates":[106.94381553500006,-6.341634514999953,0]},"properties":{}},{"type":"Feature","geometry":{"type":"Point","coordinates":[106.94276765300003,-6.340838667999947,0]},"properties":{}},{"type":"Feature","geometry":{"type":"Point","coordinates":[106.94305804000004,-6.3408257359999425,0]},"properties":{}},{"type":"Feature","geometry":{"type":"Point","coordinates":[106.94311615500004,-6.340538733999949,0]},"properties":{}},{"type":"Feature","geometry":{"type":"Point","coordinates":[106.94336190700005,-6.340165319999926,0]},"properties":{}},{"type":"Feature","geometry":{"type":"Point","coordinates":[106.94375569000005,-6.338613024999972,0]},"properties":{}},{"type":"Feature","geometry":{"type":"Point","coordinates":[106.94410619100006,-6.33884704999997,0]},"properties":{}},{"type":"Feature","geometry":{"type":"Point","coordinates":[106.94369167800005,-6.328364639999961,0]},"properties":{}},{"type":"Feature","geometry":{"type":"Point","coordinates":[106.94056694000005,-6.337640391999969,0]},"properties":{}},{"type":"Feature","geometry":{"type":"Point","coordinates":[106.94050485800005,-6.33638282499993,0]},"properties":{}},{"type":"Feature","geometry":{"type":"Point","coordinates":[106.94072858600003,-6.3363301819999265,0]},"properties":{}},{"type":"Feature","geometry":{"type":"Point","coordinates":[106.94049956100008,-6.335981057999959,0]},"properties":{}},{"type":"Feature","geometry":{"type":"Point","coordinates":[106.94048027500008,-6.335777342999961,0]},"properties":{}},{"type":"Feature","geometry":{"type":"Point","coordinates":[106.94084704800008,-6.335046985999952,0]},"properties":{}},{"type":"Feature","geometry":{"type":"Point","coordinates":[106.94124383600007,-6.334997492999946,0]},"properties":{}},{"type":"Feature","geometry":{"type":"Point","coordinates":[106.94310020400007,-6.330045062999943,0]},"properties":{}},{"type":"Feature","geometry":{"type":"Point","coordinates":[106.94290266500008,-6.330962568999951,0]},"properties":{}},{"type":"Feature","geometry":{"type":"Point","coordinates":[106.94306282400004,-6.330923183999971,0]},"properties":{}},{"type":"Feature","geometry":{"type":"Point","coordinates":[106.94330281500004,-6.3317162749999625,0]},"properties":{}},{"type":"Feature","geometry":{"type":"Point","coordinates":[106.94518620000008,-6.3327578049999715,0]},"properties":{}},{"type":"Feature","geometry":{"type":"Point","coordinates":[106.94491908900005,-6.332204496999964,0]},"properties":{}},{"type":"Feature","geometry":{"type":"Point","coordinates":[106.94496680200007,-6.331963282999936,0]},"properties":{}},{"type":"Feature","geometry":{"type":"Point","coordinates":[106.94458913200003,-6.331880615999978,0]},"properties":{}},{"type":"Feature","geometry":{"type":"Point","coordinates":[106.92269207100009,-6.353833583999972,0]},"properties":{}},{"type":"Feature","geometry":{"type":"Point","coordinates":[106.92269042300006,-6.353000533999932,0]},"properties":{}},{"type":"Feature","geometry":{"type":"Point","coordinates":[106.92607695900006,-6.343652553999959,0]},"properties":{}},{"type":"Feature","geometry":{"type":"Point","coordinates":[106.92961716400004,-6.353815844999929,0]},"properties":{}},{"type":"Feature","geometry":{"type":"Point","coordinates":[106.92989371900006,-6.352828692999935,0]},"properties":{}},{"type":"Feature","geometry":{"type":"Point","coordinates":[106.94108725000007,-6.347802546999958,0]},"properties":{}},{"type":"Feature","geometry":{"type":"Point","coordinates":[106.94089724900005,-6.348850942999945,0]},"properties":{}},{"type":"Feature","geometry":{"type":"Point","coordinates":[106.94126630000005,-6.348655626999971,0]},"properties":{}},{"type":"Feature","geometry":{"type":"Point","coordinates":[106.93840909100004,-6.346174238999936,0]},"properties":{}},{"type":"Feature","geometry":{"type":"Point","coordinates":[106.93861014600009,-6.346436854999979,0]},"properties":{}},{"type":"Feature","geometry":{"type":"Point","coordinates":[106.93843156000008,-6.346334725999952,0]},"properties":{}},{"type":"Feature","geometry":{"type":"Point","coordinates":[106.93830098400008,-6.346529055999952,0]},"properties":{}},{"type":"Feature","geometry":{"type":"Point","coordinates":[106.93653773500006,-6.356099628999971,0]},"properties":{}},{"type":"Feature","geometry":{"type":"Point","coordinates":[106.93658007300007,-6.355894417999934,0]},"properties":{}},{"type":"Feature","geometry":{"type":"Point","coordinates":[106.93661047400008,-6.355735360999972,0]},"properties":{}},{"type":"Feature","geometry":{"type":"Point","coordinates":[106.93715018100005,-6.355983235999929,0]},"properties":{}},{"type":"Feature","geometry":{"type":"Point","coordinates":[106.93698777700007,-6.356390875999978,0]},"properties":{}},{"type":"Feature","geometry":{"type":"Point","coordinates":[106.94016585200006,-6.360483260999956,0]},"properties":{}},{"type":"Feature","geometry":{"type":"Point","coordinates":[106.94102987700006,-6.360267459999932,0]},"properties":{}},{"type":"Feature","geometry":{"type":"Point","coordinates":[106.94371475300005,-6.357478409999942,0]},"properties":{}},{"type":"Feature","geometry":{"type":"Point","coordinates":[106.94315450200008,-6.357896857999947,0]},"properties":{}},{"type":"Feature","geometry":{"type":"Point","coordinates":[106.94312632400005,-6.357395996999969,0]},"properties":{}},{"type":"Feature","geometry":{"type":"Point","coordinates":[106.94294395200006,-6.357273632999977,0]},"properties":{}},{"type":"Feature","geometry":{"type":"Point","coordinates":[106.93090404800006,-6.362784117999979,0]},"properties":{}},{"type":"Feature","geometry":{"type":"Point","coordinates":[106.93913046700004,-6.352276912999969,0]},"properties":{}},{"type":"Feature","geometry":{"type":"Point","coordinates":[106.93778545100008,-6.353900945999953,0]},"properties":{}},{"type":"Feature","geometry":{"type":"Point","coordinates":[106.93792581300005,-6.354051135999953,0]},"properties":{}},{"type":"Feature","geometry":{"type":"Point","coordinates":[106.93872878900004,-6.345854614999951,0]},"properties":{}},{"type":"Feature","geometry":{"type":"Point","coordinates":[106.94261760100005,-6.34425314899994,0]},"properties":{}},{"type":"Feature","geometry":{"type":"Point","coordinates":[106.94144870500008,-6.345289392999973,0]},"properties":{}},{"type":"Feature","geometry":{"type":"Point","coordinates":[106.94182987400006,-6.345289952999963,0]},"properties":{}},{"type":"Feature","geometry":{"type":"Point","coordinates":[106.94188824000008,-6.345600656999977,0]},"properties":{}},{"type":"Feature","geometry":{"type":"Point","coordinates":[106.94223110900003,-6.345484730999942,0]},"properties":{}},{"type":"Feature","geometry":{"type":"Point","coordinates":[106.93915433100005,-6.341843918999928,0]},"properties":{}},{"type":"Feature","geometry":{"type":"Point","coordinates":[106.94025774800008,-6.335450253999966,0]},"properties":{}},{"type":"Feature","geometry":{"type":"Point","coordinates":[106.93974326400007,-6.336263075999966,0]},"properties":{}},{"type":"Feature","geometry":{"type":"Point","coordinates":[106.93614608800004,-6.345053105999966,0]},"properties":{}},{"type":"Feature","geometry":{"type":"Point","coordinates":[106.93677369000005,-6.3457312849999425,0]},"properties":{}},{"type":"Feature","geometry":{"type":"Point","coordinates":[106.93657250000007,-6.345577252999931,0]},"properties":{}},{"type":"Feature","geometry":{"type":"Point","coordinates":[106.93684333100003,-6.34548076599998,0]},"properties":{}},{"type":"Feature","geometry":{"type":"Point","coordinates":[106.93684545300005,-6.344911980999939,0]},"properties":{}},{"type":"Feature","geometry":{"type":"Point","coordinates":[106.93734442300007,-6.345385858999975,0]},"properties":{}},{"type":"Feature","geometry":{"type":"Point","coordinates":[106.93753726300008,-6.34562707799995,0]},"properties":{}},{"type":"Feature","geometry":{"type":"Point","coordinates":[106.93766008300008,-6.345654284999966,0]},"properties":{}},{"type":"Feature","geometry":{"type":"Point","coordinates":[106.93765888000007,-6.345864133999953,0]},"properties":{}},{"type":"Feature","geometry":{"type":"Point","coordinates":[106.93545275200006,-6.346421902999964,0]},"properties":{}},{"type":"Feature","geometry":{"type":"Point","coordinates":[106.93466727200007,-6.347896553999931,0]},"properties":{}},{"type":"Feature","geometry":{"type":"Point","coordinates":[106.93492018400008,-6.347817041999974,0]},"properties":{}},{"type":"Feature","geometry":{"type":"Point","coordinates":[106.93503487000004,-6.3478678759999525,0]},"properties":{}},{"type":"Feature","geometry":{"type":"Point","coordinates":[106.93453207900006,-6.348549467999931,0]},"properties":{}},{"type":"Feature","geometry":{"type":"Point","coordinates":[106.93466984000008,-6.348971806999941,0]},"properties":{}},{"type":"Feature","geometry":{"type":"Point","coordinates":[106.93481830700006,-6.349478098999953,0]},"properties":{}},{"type":"Feature","geometry":{"type":"Point","coordinates":[106.93507270400005,-6.349457166999969,0]},"properties":{}},{"type":"Feature","geometry":{"type":"Point","coordinates":[106.93487619800004,-6.349613950999981,0]},"properties":{}},{"type":"Feature","geometry":{"type":"Point","coordinates":[106.93671837600004,-6.352740173999962,0]},"properties":{}},{"type":"Feature","geometry":{"type":"Point","coordinates":[106.93618563500007,-6.3535322719999385,0]},"properties":{}},{"type":"Feature","geometry":{"type":"Point","coordinates":[106.93638795400005,-6.353624638999975,0]},"properties":{}},{"type":"Feature","geometry":{"type":"Point","coordinates":[106.93650953900004,-6.353949301999933,0]},"properties":{}},{"type":"Feature","geometry":{"type":"Point","coordinates":[106.93647868800008,-6.3541333139999665,0]},"properties":{}},{"type":"Feature","geometry":{"type":"Point","coordinates":[106.93559845300007,-6.354193748999933,0]},"properties":{}},{"type":"Feature","geometry":{"type":"Point","coordinates":[106.93550429300006,-6.353711304999933,0]},"properties":{}},{"type":"Feature","geometry":{"type":"Point","coordinates":[106.93535174300007,-6.352234282999973,0]},"properties":{}},{"type":"Feature","geometry":{"type":"Point","coordinates":[106.93649623700009,-6.357109135999963,0]},"properties":{}},{"type":"Feature","geometry":{"type":"Point","coordinates":[106.93557027500009,-6.3576057059999584,0]},"properties":{}},{"type":"Feature","geometry":{"type":"Point","coordinates":[106.93238794900009,-6.355289605999928,0]},"properties":{}},{"type":"Feature","geometry":{"type":"Point","coordinates":[106.93200806800007,-6.355491467999968,0]},"properties":{}},{"type":"Feature","geometry":{"type":"Point","coordinates":[106.93116906400007,-6.359845023999981,0]},"properties":{}},{"type":"Feature","geometry":{"type":"Point","coordinates":[106.93039644800007,-6.35079445599996,0]},"properties":{}},{"type":"Feature","geometry":{"type":"Point","coordinates":[106.92729946100008,-6.360242995999954,0]},"properties":{}},{"type":"Feature","geometry":{"type":"Point","coordinates":[106.92661678200005,-6.349528218999978,0]},"properties":{}},{"type":"Feature","geometry":{"type":"Point","coordinates":[106.92624855800005,-6.349559876999933,0]},"properties":{}},{"type":"Feature","geometry":{"type":"Point","coordinates":[106.92257481000007,-6.348560558999964,0]},"properties":{}},{"type":"Feature","geometry":{"type":"Point","coordinates":[106.92243146200008,-6.3485296279999375,0]},"properties":{}},{"type":"Feature","geometry":{"type":"Point","coordinates":[106.92322192700004,-6.354301665999969,0]},"properties":{}},{"type":"Feature","geometry":{"type":"Point","coordinates":[106.92345077300007,-6.354723400999944,0]},"properties":{}},{"type":"Feature","geometry":{"type":"Point","coordinates":[106.91892066800006,-6.363087260999976,0]},"properties":{}},{"type":"Feature","geometry":{"type":"Point","coordinates":[106.91730737400007,-6.361456970999939,0]},"properties":{}},{"type":"Feature","geometry":{"type":"Point","coordinates":[106.91746436900007,-6.362729843999944,0]},"properties":{}},{"type":"Feature","geometry":{"type":"Point","coordinates":[106.93519841100004,-6.289438232999942,0]},"properties":{}},{"type":"Feature","geometry":{"type":"Point","coordinates":[106.93504256900007,-6.28946936899996,0]},"properties":{}},{"type":"Feature","geometry":{"type":"Point","coordinates":[106.93521435000008,-6.289325791999943,0]},"properties":{}},{"type":"Feature","geometry":{"type":"Point","coordinates":[106.93503402000005,-6.2892344209999465,0]},"properties":{}},{"type":"Feature","geometry":{"type":"Point","coordinates":[106.93539575300008,-6.288852539999937,0]},"properties":{}},{"type":"Feature","geometry":{"type":"Point","coordinates":[106.93365378800007,-6.292087586999969,0]},"properties":{}},{"type":"Feature","geometry":{"type":"Point","coordinates":[106.93393162900009,-6.292256170999963,0]},"properties":{}},{"type":"Feature","geometry":{"type":"Point","coordinates":[106.94263895400007,-6.32427992099997,0]},"properties":{}},{"type":"Feature","geometry":{"type":"Point","coordinates":[106.94559359600004,-6.323857225999973,0]},"properties":{}},{"type":"Feature","geometry":{"type":"Point","coordinates":[106.94640355800004,-6.324278581999977,0]},"properties":{}},{"type":"Feature","geometry":{"type":"Point","coordinates":[106.94619023000007,-6.321094567999978,0]},"properties":{}},{"type":"Feature","geometry":{"type":"Point","coordinates":[106.94777711000006,-6.3183731369999805,0]},"properties":{}},{"type":"Feature","geometry":{"type":"Point","coordinates":[106.94880206700009,-6.318900008999947,0]},"properties":{}},{"type":"Feature","geometry":{"type":"Point","coordinates":[106.94863455000007,-6.3188555219999785,0]},"properties":{}},{"type":"Feature","geometry":{"type":"Point","coordinates":[106.94441415500006,-6.3149709879999705,0]},"properties":{}},{"type":"Feature","geometry":{"type":"Point","coordinates":[106.94319702100006,-6.314907182999946,0]},"properties":{}},{"type":"Feature","geometry":{"type":"Point","coordinates":[106.94488492500005,-6.313757450999958,0]},"properties":{}},{"type":"Feature","geometry":{"type":"Point","coordinates":[106.94464656000008,-6.313807795999935,0]},"properties":{}},{"type":"Feature","geometry":{"type":"Point","coordinates":[106.94442226200005,-6.3137050229999545,0]},"properties":{}},{"type":"Feature","geometry":{"type":"Point","coordinates":[106.94453578800005,-6.313447379999957,0]},"properties":{}},{"type":"Feature","geometry":{"type":"Point","coordinates":[106.94272594700004,-6.310295807999978,0]},"properties":{}},{"type":"Feature","geometry":{"type":"Point","coordinates":[106.94495236900008,-6.311829546999945,0]},"properties":{}},{"type":"Feature","geometry":{"type":"Point","coordinates":[106.94505728500008,-6.311565154999926,0]},"properties":{}},{"type":"Feature","geometry":{"type":"Point","coordinates":[106.94544517700007,-6.3110739499999795,0]},"properties":{}},{"type":"Feature","geometry":{"type":"Point","coordinates":[106.94398659200004,-6.306981788999963,0]},"properties":{}},{"type":"Feature","geometry":{"type":"Point","coordinates":[106.94496920300008,-6.308033669999929,0]},"properties":{}},{"type":"Feature","geometry":{"type":"Point","coordinates":[106.94535271600006,-6.308016144999954,0]},"properties":{}},{"type":"Feature","geometry":{"type":"Point","coordinates":[106.94836297000006,-6.305089418999955,0]},"properties":{}},{"type":"Feature","geometry":{"type":"Point","coordinates":[106.94790250500006,-6.304558619999966,0]},"properties":{}},{"type":"Feature","geometry":{"type":"Point","coordinates":[106.94774733000008,-6.304599522999979,0]},"properties":{}},{"type":"Feature","geometry":{"type":"Point","coordinates":[106.94762891600004,-6.304297179999935,0]},"properties":{}},{"type":"Feature","geometry":{"type":"Point","coordinates":[106.94786077800006,-6.304369817999941,0]},"properties":{}},{"type":"Feature","geometry":{"type":"Point","coordinates":[106.94851678000003,-6.3023593419999315,0]},"properties":{}},{"type":"Feature","geometry":{"type":"Point","coordinates":[106.94201332000006,-6.296587435999925,0]},"properties":{}},{"type":"Feature","geometry":{"type":"Point","coordinates":[106.94046237300006,-6.303021804999958,0]},"properties":{}},{"type":"Feature","geometry":{"type":"Point","coordinates":[106.94255977900008,-6.302871867999954,0]},"properties":{}},{"type":"Feature","geometry":{"type":"Point","coordinates":[106.94370587500003,-6.302696357999935,0]},"properties":{}},{"type":"Feature","geometry":{"type":"Point","coordinates":[106.94354764800005,-6.303009498999927,0]},"properties":{}},{"type":"Feature","geometry":{"type":"Point","coordinates":[106.94104242400005,-6.306431672999963,0]},"properties":{}},{"type":"Feature","geometry":{"type":"Point","coordinates":[106.94191045100007,-6.305808308999929,0]},"properties":{}},{"type":"Feature","geometry":{"type":"Point","coordinates":[106.93996018400009,-6.305435935999981,0]},"properties":{}},{"type":"Feature","geometry":{"type":"Point","coordinates":[106.94023643900005,-6.305661206999957,0]},"properties":{}},{"type":"Feature","geometry":{"type":"Point","coordinates":[106.93991654300004,-6.305995743999972,0]},"properties":{}},{"type":"Feature","geometry":{"type":"Point","coordinates":[106.94485264800005,-6.3039639839999495,0]},"properties":{}},{"type":"Feature","geometry":{"type":"Point","coordinates":[106.94382234500006,-6.294779892999941,0]},"properties":{}},{"type":"Feature","geometry":{"type":"Point","coordinates":[106.94391991100008,-6.294652863999943,0]},"properties":{}},{"type":"Feature","geometry":{"type":"Point","coordinates":[106.94459778500004,-6.294922747999976,0]},"properties":{}},{"type":"Feature","geometry":{"type":"Point","coordinates":[106.93975496100006,-6.292414673999929,0]},"properties":{}},{"type":"Feature","geometry":{"type":"Point","coordinates":[106.94000649500003,-6.2954277799999545,0]},"properties":{}},{"type":"Feature","geometry":{"type":"Point","coordinates":[106.94295899300005,-6.29315579799993,0]},"properties":{}},{"type":"Feature","geometry":{"type":"Point","coordinates":[106.94144210600007,-6.292752057999962,0]},"properties":{}},{"type":"Feature","geometry":{"type":"Point","coordinates":[106.94223740400008,-6.292744127999981,0]},"properties":{}},{"type":"Feature","geometry":{"type":"Point","coordinates":[106.94214053800005,-6.292646120999962,0]},"properties":{}},{"type":"Feature","geometry":{"type":"Point","coordinates":[106.94245289800006,-6.292571634999945,0]},"properties":{}},{"type":"Feature","geometry":{"type":"Point","coordinates":[106.94670844900008,-6.285065242999963,0]},"properties":{}},{"type":"Feature","geometry":{"type":"Point","coordinates":[106.94360482900004,-6.3181541279999465,0]},"properties":{}},{"type":"Feature","geometry":{"type":"Point","coordinates":[106.93933443800006,-6.317117951999933,0]},"properties":{}},{"type":"Feature","geometry":{"type":"Point","coordinates":[106.93696779700008,-6.315449185999967,0]},"properties":{}},{"type":"Feature","geometry":{"type":"Point","coordinates":[106.93729131000003,-6.3249720929999285,0]},"properties":{}},{"type":"Feature","geometry":{"type":"Point","coordinates":[106.93377088500006,-6.316715083999952,0]},"properties":{}},{"type":"Feature","geometry":{"type":"Point","coordinates":[106.93362544800004,-6.315218137999977,0]},"properties":{}},{"type":"Feature","geometry":{"type":"Point","coordinates":[106.93366224200008,-6.315441860999954,0]},"properties":{}},{"type":"Feature","geometry":{"type":"Point","coordinates":[106.93373506700004,-6.315026058999933,0]},"properties":{}},{"type":"Feature","geometry":{"type":"Point","coordinates":[106.93467547300008,-6.31106127399994,0]},"properties":{}},{"type":"Feature","geometry":{"type":"Point","coordinates":[106.93416062300008,-6.3117262649999475,0]},"properties":{}},{"type":"Feature","geometry":{"type":"Point","coordinates":[106.93405809800004,-6.315533784999957,0]},"properties":{}},{"type":"Feature","geometry":{"type":"Point","coordinates":[106.93463920900007,-6.315605128999948,0]},"properties":{}},{"type":"Feature","geometry":{"type":"Point","coordinates":[106.93493184000005,-6.315615522999963,0]},"properties":{}},{"type":"Feature","geometry":{"type":"Point","coordinates":[106.93489151100005,-6.315802914999949,0]},"properties":{}},{"type":"Feature","geometry":{"type":"Point","coordinates":[106.93485943500008,-6.316071104999935,0]},"properties":{}},{"type":"Feature","geometry":{"type":"Point","coordinates":[106.93424192400005,-6.3161259299999415,0]},"properties":{}},{"type":"Feature","geometry":{"type":"Point","coordinates":[106.93480887100009,-6.316738347999944,0]},"properties":{}},{"type":"Feature","geometry":{"type":"Point","coordinates":[106.93559812200004,-6.3170378389999655,0]},"properties":{}},{"type":"Feature","geometry":{"type":"Point","coordinates":[106.93853431400004,-6.301618921999932,0]},"properties":{}},{"type":"Feature","geometry":{"type":"Point","coordinates":[106.93837896700006,-6.30156507199996,0]},"properties":{}},{"type":"Feature","geometry":{"type":"Point","coordinates":[106.93873296800007,-6.302020151999955,0]},"properties":{}},{"type":"Feature","geometry":{"type":"Point","coordinates":[106.93811981000005,-6.302366445999951,0]},"properties":{}},{"type":"Feature","geometry":{"type":"Point","coordinates":[106.93801944400008,-6.3024214279999455,0]},"properties":{}},{"type":"Feature","geometry":{"type":"Point","coordinates":[106.93793116700004,-6.302714507999951,0]},"properties":{}},{"type":"Feature","geometry":{"type":"Point","coordinates":[106.93817088300005,-6.30276108299995,0]},"properties":{}},{"type":"Feature","geometry":{"type":"Point","coordinates":[106.93765599100004,-6.304458570999941,0]},"properties":{}},{"type":"Feature","geometry":{"type":"Point","coordinates":[106.93729719700008,-6.305463109999948,0]},"properties":{}},{"type":"Feature","geometry":{"type":"Point","coordinates":[106.93734111400005,-6.305707147999954,0]},"properties":{}},{"type":"Feature","geometry":{"type":"Point","coordinates":[106.93703860500005,-6.3065147419999334,0]},"properties":{}},{"type":"Feature","geometry":{"type":"Point","coordinates":[106.93610245400004,-6.301954792999936,0]},"properties":{}},{"type":"Feature","geometry":{"type":"Point","coordinates":[106.93683922900004,-6.302072394999925,0]},"properties":{}},{"type":"Feature","geometry":{"type":"Point","coordinates":[106.93765491400006,-6.302562015999968,0]},"properties":{}},{"type":"Feature","geometry":{"type":"Point","coordinates":[106.93658776700005,-6.303462861999947,0]},"properties":{}},{"type":"Feature","geometry":{"type":"Point","coordinates":[106.93795323500007,-6.300334436999947,0]},"properties":{}},{"type":"Feature","geometry":{"type":"Point","coordinates":[106.93810200900003,-6.30037041099996,0]},"properties":{}},{"type":"Feature","geometry":{"type":"Point","coordinates":[106.93829828200006,-6.300617227999965,0]},"properties":{}},{"type":"Feature","geometry":{"type":"Point","coordinates":[106.93463887100006,-6.298068641999976,0]},"properties":{}},{"type":"Feature","geometry":{"type":"Point","coordinates":[106.93246628800006,-6.299462702999961,0]},"properties":{}},{"type":"Feature","geometry":{"type":"Point","coordinates":[106.93297822000005,-6.2992556619999505,0]},"properties":{}},{"type":"Feature","geometry":{"type":"Point","coordinates":[106.93265883100008,-6.299019876999978,0]},"properties":{}},{"type":"Feature","geometry":{"type":"Point","coordinates":[106.93608397600008,-6.295750917999953,0]},"properties":{}},{"type":"Feature","geometry":{"type":"Point","coordinates":[106.93736811700006,-6.295303679999961,0]},"properties":{}},{"type":"Feature","geometry":{"type":"Point","coordinates":[106.93075507000009,-6.28480633099997,0]},"properties":{}},{"type":"Feature","geometry":{"type":"Point","coordinates":[106.93048024500007,-6.285405238999942,0]},"properties":{}},{"type":"Feature","geometry":{"type":"Point","coordinates":[106.93017100400004,-6.285713056999953,0]},"properties":{}},{"type":"Feature","geometry":{"type":"Point","coordinates":[106.93015044300006,-6.285356277999938,0]},"properties":{}},{"type":"Feature","geometry":{"type":"Point","coordinates":[106.93004982400004,-6.314730349999934,0]},"properties":{}},{"type":"Feature","geometry":{"type":"Point","coordinates":[106.92979939900005,-6.28898064699996,0]},"properties":{}},{"type":"Feature","geometry":{"type":"Point","coordinates":[106.92871262100005,-6.288355120999938,0]},"properties":{}},{"type":"Feature","geometry":{"type":"Point","coordinates":[106.92989779800007,-6.288294870999948,0]},"properties":{}},{"type":"Feature","geometry":{"type":"Point","coordinates":[106.93000115000007,-6.2881431399999315,0]},"properties":{}},{"type":"Feature","geometry":{"type":"Point","coordinates":[106.91257751100005,-6.284971415999962,0]},"properties":{}},{"type":"Feature","geometry":{"type":"Point","coordinates":[106.91112015800007,-6.283593067999959,0]},"properties":{}},{"type":"Feature","geometry":{"type":"Point","coordinates":[106.91198277700005,-6.283586297999932,0]},"properties":{}},{"type":"Feature","geometry":{"type":"Point","coordinates":[106.91123254300004,-6.2835875939999255,0]},"properties":{}},{"type":"Feature","geometry":{"type":"Point","coordinates":[106.92822062400006,-6.289237729999968,0]},"properties":{}},{"type":"Feature","geometry":{"type":"Point","coordinates":[106.92652519800004,-6.299742802999958,0]},"properties":{}},{"type":"Feature","geometry":{"type":"Point","coordinates":[106.92617768400004,-6.298814198999935,0]},"properties":{}},{"type":"Feature","geometry":{"type":"Point","coordinates":[106.92200943400007,-6.295680152999978,0]},"properties":{}},{"type":"Feature","geometry":{"type":"Point","coordinates":[106.92140781100005,-6.29543111199996,0]},"properties":{}},{"type":"Feature","geometry":{"type":"Point","coordinates":[106.91569692900003,-6.296147012999938,0]},"properties":{}},{"type":"Feature","geometry":{"type":"Point","coordinates":[106.91582281500007,-6.296496265999963,0]},"properties":{}},{"type":"Feature","geometry":{"type":"Point","coordinates":[106.91525006000006,-6.293595853999932,0]},"properties":{}},{"type":"Feature","geometry":{"type":"Point","coordinates":[106.91571906800004,-6.2935339189999695,0]},"properties":{}},{"type":"Feature","geometry":{"type":"Point","coordinates":[106.91557271200008,-6.293540964999977,0]},"properties":{}},{"type":"Feature","geometry":{"type":"Point","coordinates":[106.91567618900007,-6.294038396999952,0]},"properties":{}},{"type":"Feature","geometry":{"type":"Point","coordinates":[106.91448301000008,-6.2949306249999495,0]},"properties":{}},{"type":"Feature","geometry":{"type":"Point","coordinates":[106.91392581400004,-6.29440131299998,0]},"properties":{}},{"type":"Feature","geometry":{"type":"Point","coordinates":[106.91384433400003,-6.294975460999979,0]},"properties":{}},{"type":"Feature","geometry":{"type":"Point","coordinates":[106.91217175900005,-6.293784073999973,0]},"properties":{}},{"type":"Feature","geometry":{"type":"Point","coordinates":[106.92066265300008,-6.301608560999966,0]},"properties":{}},{"type":"Feature","geometry":{"type":"Point","coordinates":[106.92606617300004,-6.309903186999975,0]},"properties":{}},{"type":"Feature","geometry":{"type":"Point","coordinates":[106.92619387200006,-6.3016840869999555,0]},"properties":{}},{"type":"Feature","geometry":{"type":"Point","coordinates":[106.92664755500005,-6.301900574999934,0]},"properties":{}},{"type":"Feature","geometry":{"type":"Point","coordinates":[106.92640008200004,-6.3016618979999635,0]},"properties":{}},{"type":"Feature","geometry":{"type":"Point","coordinates":[106.92874929200008,-6.301157666999927,0]},"properties":{}},{"type":"Feature","geometry":{"type":"Point","coordinates":[106.92470867100008,-6.304024822999963,0]},"properties":{}},{"type":"Feature","geometry":{"type":"Point","coordinates":[106.92511422100006,-6.303979113999958,0]},"properties":{}},{"type":"Feature","geometry":{"type":"Point","coordinates":[106.92569153400007,-6.30241185999995,0]},"properties":{}},{"type":"Feature","geometry":{"type":"Point","coordinates":[106.92512358400006,-6.3111923309999725,0]},"properties":{}},{"type":"Feature","geometry":{"type":"Point","coordinates":[106.92868134300005,-6.314646729999936,0]},"properties":{}},{"type":"Feature","geometry":{"type":"Point","coordinates":[106.92850332200004,-6.314595944999951,0]},"properties":{}},{"type":"Feature","geometry":{"type":"Point","coordinates":[106.92985317200004,-6.319113426999934,0]},"properties":{}},{"type":"Feature","geometry":{"type":"Point","coordinates":[106.93012145300008,-6.319087386999968,0]},"properties":{}},{"type":"Feature","geometry":{"type":"Point","coordinates":[106.92854428200008,-6.323214568999958,0]},"properties":{}},{"type":"Feature","geometry":{"type":"Point","coordinates":[106.92266599700008,-6.323302980999927,0]},"properties":{}},{"type":"Feature","geometry":{"type":"Point","coordinates":[106.92261929200004,-6.32191234499993,0]},"properties":{}},{"type":"Feature","geometry":{"type":"Point","coordinates":[106.92265813400007,-6.321615015999953,0]},"properties":{}},{"type":"Feature","geometry":{"type":"Point","coordinates":[106.92271296600006,-6.321218536999936,0]},"properties":{}},{"type":"Feature","geometry":{"type":"Point","coordinates":[106.92272581400005,-6.319119030999957,0]},"properties":{}},{"type":"Feature","geometry":{"type":"Point","coordinates":[106.92329829300007,-6.314844490999974,0]},"properties":{}},{"type":"Feature","geometry":{"type":"Point","coordinates":[106.92338729400007,-6.313374332999956,0]},"properties":{}},{"type":"Feature","geometry":{"type":"Point","coordinates":[106.92441247900007,-6.31127687299994,0]},"properties":{}},{"type":"Feature","geometry":{"type":"Point","coordinates":[106.92441737100006,-6.311696275999964,0]},"properties":{}},{"type":"Feature","geometry":{"type":"Point","coordinates":[106.99582805000006,-6.307323817999929,0]},"properties":{}},{"type":"Feature","geometry":{"type":"Point","coordinates":[106.99518695600005,-6.309069073999979,0]},"properties":{}},{"type":"Feature","geometry":{"type":"Point","coordinates":[106.99353288400005,-6.323780867999972,0]},"properties":{}},{"type":"Feature","geometry":{"type":"Point","coordinates":[106.99308063700005,-6.323522949999926,0]},"properties":{}},{"type":"Feature","geometry":{"type":"Point","coordinates":[106.99239470800006,-6.323545198999966,0]},"properties":{}},{"type":"Feature","geometry":{"type":"Point","coordinates":[106.99537011400008,-6.319097902999943,0]},"properties":{}},{"type":"Feature","geometry":{"type":"Point","coordinates":[106.99560225600004,-6.319005970999967,0]},"properties":{}},{"type":"Feature","geometry":{"type":"Point","coordinates":[106.98971816700004,-6.319556592999959,0]},"properties":{}},{"type":"Feature","geometry":{"type":"Point","coordinates":[106.98944670400004,-6.319503476999955,0]},"properties":{}},{"type":"Feature","geometry":{"type":"Point","coordinates":[106.98800812400003,-6.321713411999951,0]},"properties":{}},{"type":"Feature","geometry":{"type":"Point","coordinates":[106.98775516600006,-6.321703077999928,0]},"properties":{}},{"type":"Feature","geometry":{"type":"Point","coordinates":[106.98752827200008,-6.321182558999965,0]},"properties":{}},{"type":"Feature","geometry":{"type":"Point","coordinates":[106.98770705400005,-6.32055687999997,0]},"properties":{}},{"type":"Feature","geometry":{"type":"Point","coordinates":[106.98758220400003,-6.3260752689999435,0]},"properties":{}},{"type":"Feature","geometry":{"type":"Point","coordinates":[106.99316689700004,-6.316339764999952,0]},"properties":{}},{"type":"Feature","geometry":{"type":"Point","coordinates":[106.97908460200006,-6.322431043999927,0]},"properties":{}},{"type":"Feature","geometry":{"type":"Point","coordinates":[106.97951350700004,-6.321352095999941,0]},"properties":{}},{"type":"Feature","geometry":{"type":"Point","coordinates":[106.98187263200003,-6.317647821999969,0]},"properties":{}},{"type":"Feature","geometry":{"type":"Point","coordinates":[106.97933551400007,-6.2934017919999405,0]},"properties":{}},{"type":"Feature","geometry":{"type":"Point","coordinates":[106.97863115700005,-6.293082513999934,0]},"properties":{}},{"type":"Feature","geometry":{"type":"Point","coordinates":[106.97873960400005,-6.293398173999947,0]},"properties":{}},{"type":"Feature","geometry":{"type":"Point","coordinates":[106.97799934700004,-6.293285886999968,0]},"properties":{}},{"type":"Feature","geometry":{"type":"Point","coordinates":[106.97823398500009,-6.2930430629999705,0]},"properties":{}},{"type":"Feature","geometry":{"type":"Point","coordinates":[106.97737572700004,-6.310895182999957,0]},"properties":{}},{"type":"Feature","geometry":{"type":"Point","coordinates":[106.97735082300005,-6.310713915999941,0]},"properties":{}},{"type":"Feature","geometry":{"type":"Point","coordinates":[106.97626916600007,-6.301108144999944,0]},"properties":{}},{"type":"Feature","geometry":{"type":"Point","coordinates":[106.97544587900006,-6.298469501999932,0]},"properties":{}},{"type":"Feature","geometry":{"type":"Point","coordinates":[106.97803361900009,-6.294678150999971,0]},"properties":{}},{"type":"Feature","geometry":{"type":"Point","coordinates":[106.97763672500008,-6.294760208999946,0]},"properties":{}},{"type":"Feature","geometry":{"type":"Point","coordinates":[106.97744489400009,-6.29471130099995,0]},"properties":{}},{"type":"Feature","geometry":{"type":"Point","coordinates":[106.97730329800004,-6.294565735999981,0]},"properties":{}},{"type":"Feature","geometry":{"type":"Point","coordinates":[106.97177824200008,-6.286116427999957,0]},"properties":{}},{"type":"Feature","geometry":{"type":"Point","coordinates":[106.97169724100007,-6.286296919999927,0]},"properties":{}},{"type":"Feature","geometry":{"type":"Point","coordinates":[106.97171583200009,-6.287226350999958,0]},"properties":{}},{"type":"Feature","geometry":{"type":"Point","coordinates":[106.97141228000004,-6.2926550569999335,0]},"properties":{}},{"type":"Feature","geometry":{"type":"Point","coordinates":[106.98113584900005,-6.286268375999953,0]},"properties":{}},{"type":"Feature","geometry":{"type":"Point","coordinates":[106.97982927400005,-6.287473146999957,0]},"properties":{}},{"type":"Feature","geometry":{"type":"Point","coordinates":[106.97822348900007,-6.285966950999978,0]},"properties":{}},{"type":"Feature","geometry":{"type":"Point","coordinates":[106.97863252000008,-6.285918209999977,0]},"properties":{}},{"type":"Feature","geometry":{"type":"Point","coordinates":[106.97841002100006,-6.285834156999954,0]},"properties":{}},{"type":"Feature","geometry":{"type":"Point","coordinates":[106.97821110900009,-6.285727412999961,0]},"properties":{}},{"type":"Feature","geometry":{"type":"Point","coordinates":[106.97809898800006,-6.286351299999978,0]},"properties":{}},{"type":"Feature","geometry":{"type":"Point","coordinates":[106.97627729900006,-6.284351825999977,0]},"properties":{}},{"type":"Feature","geometry":{"type":"Point","coordinates":[106.97695447200005,-6.283768927999972,0]},"properties":{}},{"type":"Feature","geometry":{"type":"Point","coordinates":[106.97677433700005,-6.283848988999978,0]},"properties":{}},{"type":"Feature","geometry":{"type":"Point","coordinates":[106.97703158500008,-6.2840191609999465,0]},"properties":{}},{"type":"Feature","geometry":{"type":"Point","coordinates":[106.97714009600008,-6.284161596999979,0]},"properties":{}},{"type":"Feature","geometry":{"type":"Point","coordinates":[106.97694176400006,-6.2842319619999785,0]},"properties":{}},{"type":"Feature","geometry":{"type":"Point","coordinates":[106.97723506500006,-6.284522061999951,0]},"properties":{}},{"type":"Feature","geometry":{"type":"Point","coordinates":[106.97748420700009,-6.284363897999981,0]},"properties":{}},{"type":"Feature","geometry":{"type":"Point","coordinates":[106.98601595900004,-6.285574503999953,0]},"properties":{}},{"type":"Feature","geometry":{"type":"Point","coordinates":[106.98611891200005,-6.288679836999961,0]},"properties":{}},{"type":"Feature","geometry":{"type":"Point","coordinates":[106.98961045400006,-6.289433671999973,0]},"properties":{}},{"type":"Feature","geometry":{"type":"Point","coordinates":[106.96128466400006,-6.310397573999978,0]},"properties":{}},{"type":"Feature","geometry":{"type":"Point","coordinates":[106.96113793800004,-6.310882814999957,0]},"properties":{}},{"type":"Feature","geometry":{"type":"Point","coordinates":[106.97118563900005,-6.295043901999975,0]},"properties":{}},{"type":"Feature","geometry":{"type":"Point","coordinates":[106.97292654100005,-6.285008284999947,0]},"properties":{}},{"type":"Feature","geometry":{"type":"Point","coordinates":[106.96901531400005,-6.2855972219999785,0]},"properties":{}},{"type":"Feature","geometry":{"type":"Point","coordinates":[106.96961460300008,-6.28558800299993,0]},"properties":{}},{"type":"Feature","geometry":{"type":"Point","coordinates":[106.96965562800006,-6.285445091999975,0]},"properties":{}},{"type":"Feature","geometry":{"type":"Point","coordinates":[106.97132158000005,-6.286833832999946,0]},"properties":{}},{"type":"Feature","geometry":{"type":"Point","coordinates":[106.97096291800005,-6.286222479999935,0]},"properties":{}},{"type":"Feature","geometry":{"type":"Point","coordinates":[106.96540305500008,-6.282239064999942,0]},"properties":{}},{"type":"Feature","geometry":{"type":"Point","coordinates":[106.96131397900007,-6.285016353999936,0]},"properties":{}},{"type":"Feature","geometry":{"type":"Point","coordinates":[106.95023183600006,-6.291187114999957,0]},"properties":{}},{"type":"Feature","geometry":{"type":"Point","coordinates":[106.95050101000004,-6.291090545999964,0]},"properties":{}},{"type":"Feature","geometry":{"type":"Point","coordinates":[106.95035779300008,-6.291235556999936,0]},"properties":{}},{"type":"Feature","geometry":{"type":"Point","coordinates":[106.95077841300008,-6.291988824999976,0]},"properties":{}},{"type":"Feature","geometry":{"type":"Point","coordinates":[106.95856696200008,-6.288193995999961,0]},"properties":{}},{"type":"Feature","geometry":{"type":"Point","coordinates":[106.95930815200006,-6.288338947999932,0]},"properties":{}},{"type":"Feature","geometry":{"type":"Point","coordinates":[106.95854492000007,-6.289884480999945,0]},"properties":{}},{"type":"Feature","geometry":{"type":"Point","coordinates":[106.95856446900007,-6.290037833999975,0]},"properties":{}},{"type":"Feature","geometry":{"type":"Point","coordinates":[106.95770700800006,-6.291298474999962,0]},"properties":{}},{"type":"Feature","geometry":{"type":"Point","coordinates":[106.95887584500008,-6.289823207999973,0]},"properties":{}},{"type":"Feature","geometry":{"type":"Point","coordinates":[106.96016620300009,-6.286876057999962,0]},"properties":{}},{"type":"Feature","geometry":{"type":"Point","coordinates":[106.96700353100005,-6.289651540999955,0]},"properties":{}},{"type":"Feature","geometry":{"type":"Point","coordinates":[106.96735062200008,-6.290669513999944,0]},"properties":{}},{"type":"Feature","geometry":{"type":"Point","coordinates":[106.96620363500006,-6.290234530999953,0]},"properties":{}},{"type":"Feature","geometry":{"type":"Point","coordinates":[106.96537639000007,-6.291426805999947,0]},"properties":{}},{"type":"Feature","geometry":{"type":"Point","coordinates":[106.96557774000007,-6.292398135999974,0]},"properties":{}},{"type":"Feature","geometry":{"type":"Point","coordinates":[106.96263872400004,-6.289486049999937,0]},"properties":{}},{"type":"Feature","geometry":{"type":"Point","coordinates":[106.96337102200005,-6.289789336999945,0]},"properties":{}},{"type":"Feature","geometry":{"type":"Point","coordinates":[106.96304771400008,-6.290026250999972,0]},"properties":{}},{"type":"Feature","geometry":{"type":"Point","coordinates":[106.96617325300008,-6.291670625999927,0]},"properties":{}},{"type":"Feature","geometry":{"type":"Point","coordinates":[106.95966623000004,-6.306092365999973,0]},"properties":{}},{"type":"Feature","geometry":{"type":"Point","coordinates":[106.96047093100009,-6.303653779999934,0]},"properties":{}},{"type":"Feature","geometry":{"type":"Point","coordinates":[106.96270112400003,-6.299486615999967,0]},"properties":{}},{"type":"Feature","geometry":{"type":"Point","coordinates":[106.96306190500007,-6.299049301999958,0]},"properties":{}},{"type":"Feature","geometry":{"type":"Point","coordinates":[106.96419389000005,-6.298565144999941,0]},"properties":{}},{"type":"Feature","geometry":{"type":"Point","coordinates":[106.96571287400008,-6.301298120999945,0]},"properties":{}},{"type":"Feature","geometry":{"type":"Point","coordinates":[106.96548741100008,-6.299996524999926,0]},"properties":{}},{"type":"Feature","geometry":{"type":"Point","coordinates":[106.96591305600003,-6.300732665999931,0]},"properties":{}},{"type":"Feature","geometry":{"type":"Point","coordinates":[106.95315286400006,-6.295436708999944,0]},"properties":{}},{"type":"Feature","geometry":{"type":"Point","coordinates":[106.95320080000005,-6.296102041999973,0]},"properties":{}},{"type":"Feature","geometry":{"type":"Point","coordinates":[106.95333679600009,-6.296007324999948,0]},"properties":{}},{"type":"Feature","geometry":{"type":"Point","coordinates":[106.95286698400008,-6.295898962999956,0]},"properties":{}},{"type":"Feature","geometry":{"type":"Point","coordinates":[106.95281454800005,-6.2960608139999295,0]},"properties":{}},{"type":"Feature","geometry":{"type":"Point","coordinates":[106.95300907400008,-6.2961535699999445,0]},"properties":{}},{"type":"Feature","geometry":{"type":"Point","coordinates":[106.95302750700006,-6.296298700999955,0]},"properties":{}},{"type":"Feature","geometry":{"type":"Point","coordinates":[106.95548362700004,-6.292367679999927,0]},"properties":{}},{"type":"Feature","geometry":{"type":"Point","coordinates":[106.95538712100006,-6.292028006999942,0]},"properties":{}},{"type":"Feature","geometry":{"type":"Point","coordinates":[106.95528975700006,-6.291386366999973,0]},"properties":{}},{"type":"Feature","geometry":{"type":"Point","coordinates":[106.95538099900006,-6.300967724999964,0]},"properties":{}},{"type":"Feature","geometry":{"type":"Point","coordinates":[106.95703754300007,-6.301403437999966,0]},"properties":{}},{"type":"Feature","geometry":{"type":"Point","coordinates":[106.95691226900004,-6.301586265999958,0]},"properties":{}},{"type":"Feature","geometry":{"type":"Point","coordinates":[106.96037239600008,-6.2980584839999665,0]},"properties":{}},{"type":"Feature","geometry":{"type":"Point","coordinates":[106.96028490800006,-6.2978118119999635,0]},"properties":{}},{"type":"Feature","geometry":{"type":"Point","coordinates":[106.95494178700005,-6.3040855489999785,0]},"properties":{}},{"type":"Feature","geometry":{"type":"Point","coordinates":[106.95517629200003,-6.304019664999942,0]},"properties":{}},{"type":"Feature","geometry":{"type":"Point","coordinates":[106.95398557300007,-6.304799941999931,0]},"properties":{}},{"type":"Feature","geometry":{"type":"Point","coordinates":[106.95210204000006,-6.300741233999929,0]},"properties":{}},{"type":"Feature","geometry":{"type":"Point","coordinates":[106.95188731000007,-6.300827656999957,0]},"properties":{}},{"type":"Feature","geometry":{"type":"Point","coordinates":[106.95204387200005,-6.30115815399995,0]},"properties":{}},{"type":"Feature","geometry":{"type":"Point","coordinates":[106.95222147900006,-6.3011480869999446,0]},"properties":{}},{"type":"Feature","geometry":{"type":"Point","coordinates":[106.95245085400006,-6.301256714999965,0]},"properties":{}},{"type":"Feature","geometry":{"type":"Point","coordinates":[106.95115136400005,-6.300785385999973,0]},"properties":{}},{"type":"Feature","geometry":{"type":"Point","coordinates":[106.95170935100003,-6.299244327999929,0]},"properties":{}},{"type":"Feature","geometry":{"type":"Point","coordinates":[106.95166027000005,-6.3049441789999605,0]},"properties":{}},{"type":"Feature","geometry":{"type":"Point","coordinates":[106.95425317600007,-6.307080808999956,0]},"properties":{}},{"type":"Feature","geometry":{"type":"Point","coordinates":[106.95017506300007,-6.305483341999945,0]},"properties":{}},{"type":"Feature","geometry":{"type":"Point","coordinates":[106.94984008100005,-6.305647424999961,0]},"properties":{}},{"type":"Feature","geometry":{"type":"Point","coordinates":[106.94992118600004,-6.305468017999942,0]},"properties":{}},{"type":"Feature","geometry":{"type":"Point","coordinates":[106.95018970400008,-6.305145783999933,0]},"properties":{}},{"type":"Feature","geometry":{"type":"Point","coordinates":[106.95061787000009,-6.30448047699997,0]},"properties":{}},{"type":"Feature","geometry":{"type":"Point","coordinates":[106.95003778800009,-6.306590211999946,0]},"properties":{}},{"type":"Feature","geometry":{"type":"Point","coordinates":[106.94981991100008,-6.306633429999977,0]},"properties":{}},{"type":"Feature","geometry":{"type":"Point","coordinates":[106.95103965900006,-6.309938435999925,0]},"properties":{}},{"type":"Feature","geometry":{"type":"Point","coordinates":[106.95119587800008,-6.310079523999946,0]},"properties":{}},{"type":"Feature","geometry":{"type":"Point","coordinates":[106.95116811600008,-6.309880724999971,0]},"properties":{}},{"type":"Feature","geometry":{"type":"Point","coordinates":[106.95094302500007,-6.309903627999972,0]},"properties":{}},{"type":"Feature","geometry":{"type":"Point","coordinates":[106.95275958200006,-6.310302944999933,0]},"properties":{}},{"type":"Feature","geometry":{"type":"Point","coordinates":[106.95258909100005,-6.31052490899998,0]},"properties":{}},{"type":"Feature","geometry":{"type":"Point","coordinates":[106.95286439900008,-6.3103510119999555,0]},"properties":{}},{"type":"Feature","geometry":{"type":"Point","coordinates":[106.95201415100007,-6.310144627999932,0]},"properties":{}},{"type":"Feature","geometry":{"type":"Point","coordinates":[106.95196771100007,-6.309035553999934,0]},"properties":{}},{"type":"Feature","geometry":{"type":"Point","coordinates":[106.95314808500007,-6.309181300999967,0]},"properties":{}},{"type":"Feature","geometry":{"type":"Point","coordinates":[106.95479637400007,-6.306755824999925,0]},"properties":{}},{"type":"Feature","geometry":{"type":"Point","coordinates":[106.95488464700009,-6.311598599999968,0]},"properties":{}},{"type":"Feature","geometry":{"type":"Point","coordinates":[106.95479041700008,-6.311168961999954,0]},"properties":{}},{"type":"Feature","geometry":{"type":"Point","coordinates":[106.95373447600008,-6.30938641399996,0]},"properties":{}},{"type":"Feature","geometry":{"type":"Point","coordinates":[106.95562300300008,-6.313170143999969,0]},"properties":{}},{"type":"Feature","geometry":{"type":"Point","coordinates":[106.95960136900004,-6.315039601999956,0]},"properties":{}},{"type":"Feature","geometry":{"type":"Point","coordinates":[106.96041194800006,-6.314595437999969,0]},"properties":{}},{"type":"Feature","geometry":{"type":"Point","coordinates":[106.96058863300004,-6.309318707999978,0]},"properties":{}},{"type":"Feature","geometry":{"type":"Point","coordinates":[106.97196625400005,-6.300245108999945,0]},"properties":{}},{"type":"Feature","geometry":{"type":"Point","coordinates":[106.96977942300003,-6.300364395999964,0]},"properties":{}},{"type":"Feature","geometry":{"type":"Point","coordinates":[106.96598549500004,-6.304611880999971,0]},"properties":{}},{"type":"Feature","geometry":{"type":"Point","coordinates":[106.96621723400006,-6.302996918999952,0]},"properties":{}},{"type":"Feature","geometry":{"type":"Point","coordinates":[106.96604071200005,-6.303102911999929,0]},"properties":{}},{"type":"Feature","geometry":{"type":"Point","coordinates":[106.96579406800004,-6.302703778999955,0]},"properties":{}},{"type":"Feature","geometry":{"type":"Point","coordinates":[106.96418215900007,-6.305389785999978,0]},"properties":{}},{"type":"Feature","geometry":{"type":"Point","coordinates":[106.95662636600008,-6.3188716269999645,0]},"properties":{}},{"type":"Feature","geometry":{"type":"Point","coordinates":[106.95653968000005,-6.319633297999928,0]},"properties":{}},{"type":"Feature","geometry":{"type":"Point","coordinates":[106.95761248400004,-6.317406885999958,0]},"properties":{}},{"type":"Feature","geometry":{"type":"Point","coordinates":[106.95773237800006,-6.317066310999962,0]},"properties":{}},{"type":"Feature","geometry":{"type":"Point","coordinates":[106.95738368500008,-6.316131243999962,0]},"properties":{}},{"type":"Feature","geometry":{"type":"Point","coordinates":[106.95769234200009,-6.314973011999939,0]},"properties":{}},{"type":"Feature","geometry":{"type":"Point","coordinates":[106.95658992200003,-6.317012294999927,0]},"properties":{}},{"type":"Feature","geometry":{"type":"Point","coordinates":[106.95643846400009,-6.316984927999954,0]},"properties":{}},{"type":"Feature","geometry":{"type":"Point","coordinates":[106.95589567400003,-6.317853189999937,0]},"properties":{}},{"type":"Feature","geometry":{"type":"Point","coordinates":[106.95575723200005,-6.31785108899993,0]},"properties":{}},{"type":"Feature","geometry":{"type":"Point","coordinates":[106.95570166300007,-6.317057765999948,0]},"properties":{}},{"type":"Feature","geometry":{"type":"Point","coordinates":[106.95518981000004,-6.316756181999949,0]},"properties":{}},{"type":"Feature","geometry":{"type":"Point","coordinates":[106.95073671700004,-6.312145138999938,0]},"properties":{}},{"type":"Feature","geometry":{"type":"Point","coordinates":[106.95024584700008,-6.313247546999946,0]},"properties":{}},{"type":"Feature","geometry":{"type":"Point","coordinates":[106.94891749400006,-6.314900890999979,0]},"properties":{}},{"type":"Feature","geometry":{"type":"Point","coordinates":[106.94848734100009,-6.314964341999939,0]},"properties":{}},{"type":"Feature","geometry":{"type":"Point","coordinates":[106.94842699200007,-6.315160668999965,0]},"properties":{}},{"type":"Feature","geometry":{"type":"Point","coordinates":[106.94808129400008,-6.315191346999939,0]},"properties":{}},{"type":"Feature","geometry":{"type":"Point","coordinates":[106.94730858100007,-6.3154237019999755,0]},"properties":{}},{"type":"Feature","geometry":{"type":"Point","coordinates":[106.95289655800008,-6.313604313999974,0]},"properties":{}},{"type":"Feature","geometry":{"type":"Point","coordinates":[106.95666072000006,-6.31449853099997,0]},"properties":{}},{"type":"Feature","geometry":{"type":"Point","coordinates":[106.95628594300007,-6.315279005999969,0]},"properties":{}},{"type":"Feature","geometry":{"type":"Point","coordinates":[106.95621300900007,-6.314601744999948,0]},"properties":{}},{"type":"Feature","geometry":{"type":"Point","coordinates":[106.95543090600006,-6.316181892999964,0]},"properties":{}},{"type":"Feature","geometry":{"type":"Point","coordinates":[106.95512368300007,-6.3161831379999285,0]},"properties":{}},{"type":"Feature","geometry":{"type":"Point","coordinates":[106.95507307000008,-6.316300499999954,0]},"properties":{}},{"type":"Feature","geometry":{"type":"Point","coordinates":[106.95479411700006,-6.315913054999953,0]},"properties":{}},{"type":"Feature","geometry":{"type":"Point","coordinates":[106.95418804800005,-6.319014510999978,0]},"properties":{}},{"type":"Feature","geometry":{"type":"Point","coordinates":[106.95407520400005,-6.3188023799999655,0]},"properties":{}},{"type":"Feature","geometry":{"type":"Point","coordinates":[106.95455503900007,-6.319576931999961,0]},"properties":{}},{"type":"Feature","geometry":{"type":"Point","coordinates":[106.95148392900006,-6.316517578999935,0]},"properties":{}},{"type":"Feature","geometry":{"type":"Point","coordinates":[106.95163256000006,-6.31586299099996,0]},"properties":{}},{"type":"Feature","geometry":{"type":"Point","coordinates":[106.95071029400003,-6.315152386999955,0]},"properties":{}},{"type":"Feature","geometry":{"type":"Point","coordinates":[106.95049102800004,-6.315380409999932,0]},"properties":{}},{"type":"Feature","geometry":{"type":"Point","coordinates":[106.95045421600008,-6.316867079999952,0]},"properties":{}},{"type":"Feature","geometry":{"type":"Point","coordinates":[106.95028404300007,-6.316571532999944,0]},"properties":{}},{"type":"Feature","geometry":{"type":"Point","coordinates":[106.95002837000004,-6.316801772999952,0]},"properties":{}},{"type":"Feature","geometry":{"type":"Point","coordinates":[106.94976941500005,-6.316662606999955,0]},"properties":{}},{"type":"Feature","geometry":{"type":"Point","coordinates":[106.94922852400003,-6.3181142789999285,0]},"properties":{}},{"type":"Feature","geometry":{"type":"Point","coordinates":[106.94942959600007,-6.3175877869999795,0]},"properties":{}},{"type":"Feature","geometry":{"type":"Point","coordinates":[106.95007678600007,-6.317617727999959,0]},"properties":{}},{"type":"Feature","geometry":{"type":"Point","coordinates":[106.95067466100005,-6.317773976999945,0]},"properties":{}},{"type":"Feature","geometry":{"type":"Point","coordinates":[106.95052111700005,-6.3179376529999445,0]},"properties":{}},{"type":"Feature","geometry":{"type":"Point","coordinates":[106.95059896900005,-6.318385435999971,0]},"properties":{}},{"type":"Feature","geometry":{"type":"Point","coordinates":[106.94965142400008,-6.321108270999957,0]},"properties":{}},{"type":"Feature","geometry":{"type":"Point","coordinates":[106.94985437300005,-6.321083098999964,0]},"properties":{}},{"type":"Feature","geometry":{"type":"Point","coordinates":[106.93822868400008,-6.295424167999954,0]},"properties":{}},{"type":"Feature","geometry":{"type":"Point","coordinates":[106.97716149000007,-6.178500756999938,0]},"properties":{}},{"type":"Feature","geometry":{"type":"Point","coordinates":[106.97770856500006,-6.177673372999948,0]},"properties":{}},{"type":"Feature","geometry":{"type":"Point","coordinates":[106.97782757500005,-6.176466955999956,0]},"properties":{}},{"type":"Feature","geometry":{"type":"Point","coordinates":[106.97776884300004,-6.175927970999965,0]},"properties":{}},{"type":"Feature","geometry":{"type":"Point","coordinates":[106.97716422100007,-6.175463795999974,0]},"properties":{}},{"type":"Feature","geometry":{"type":"Point","coordinates":[106.99314844100007,-6.173906343999931,0]},"properties":{}},{"type":"Feature","geometry":{"type":"Point","coordinates":[106.99254059400005,-6.173958254999945,0]},"properties":{}},{"type":"Feature","geometry":{"type":"Point","coordinates":[106.99255050100004,-6.1738295669999275,0]},"properties":{}},{"type":"Feature","geometry":{"type":"Point","coordinates":[106.99493625100007,-6.176729707999925,0]},"properties":{}},{"type":"Feature","geometry":{"type":"Point","coordinates":[106.99565716900008,-6.177368995999927,0]},"properties":{}},{"type":"Feature","geometry":{"type":"Point","coordinates":[106.99299130500003,-6.180365375999941,0]},"properties":{}},{"type":"Feature","geometry":{"type":"Point","coordinates":[106.99306355400006,-6.18067376099998,0]},"properties":{}},{"type":"Feature","geometry":{"type":"Point","coordinates":[106.99341264800006,-6.182420504999925,0]},"properties":{}},{"type":"Feature","geometry":{"type":"Point","coordinates":[106.98815211700008,-6.183075517999953,0]},"properties":{}},{"type":"Feature","geometry":{"type":"Point","coordinates":[106.98809989100005,-6.1828305239999395,0]},"properties":{}},{"type":"Feature","geometry":{"type":"Point","coordinates":[106.98743156900008,-6.182850834999954,0]},"properties":{}},{"type":"Feature","geometry":{"type":"Point","coordinates":[106.98462360300005,-6.181289475999961,0]},"properties":{}},{"type":"Feature","geometry":{"type":"Point","coordinates":[106.98484459800005,-6.18124977399998,0]},"properties":{}},{"type":"Feature","geometry":{"type":"Point","coordinates":[106.98453274000008,-6.181899353999938,0]},"properties":{}},{"type":"Feature","geometry":{"type":"Point","coordinates":[106.98453595800004,-6.1817206929999315,0]},"properties":{}},{"type":"Feature","geometry":{"type":"Point","coordinates":[106.98471444600005,-6.1817161389999455,0]},"properties":{}},{"type":"Feature","geometry":{"type":"Point","coordinates":[106.98490859800006,-6.1817698399999585,0]},"properties":{}},{"type":"Feature","geometry":{"type":"Point","coordinates":[106.98438511400008,-6.181822243999932,0]},"properties":{}},{"type":"Feature","geometry":{"type":"Point","coordinates":[106.98381807500004,-6.18245279599995,0]},"properties":{}},{"type":"Feature","geometry":{"type":"Point","coordinates":[106.98383255100003,-6.182604176999973,0]},"properties":{}},{"type":"Feature","geometry":{"type":"Point","coordinates":[106.98359502400007,-6.18261980099993,0]},"properties":{}},{"type":"Feature","geometry":{"type":"Point","coordinates":[106.98334371700008,-6.182597955999938,0]},"properties":{}},{"type":"Feature","geometry":{"type":"Point","coordinates":[106.98306779900008,-6.1825897639999425,0]},"properties":{}},{"type":"Feature","geometry":{"type":"Point","coordinates":[106.98328042600008,-6.18217091799994,0]},"properties":{}},{"type":"Feature","geometry":{"type":"Point","coordinates":[106.98320566000007,-6.181937126999969,0]},"properties":{}},{"type":"Feature","geometry":{"type":"Point","coordinates":[106.98379906800005,-6.182806637999931,0]},"properties":{}},{"type":"Feature","geometry":{"type":"Point","coordinates":[106.98382166100004,-6.18336654899997,0]},"properties":{}},{"type":"Feature","geometry":{"type":"Point","coordinates":[106.98374784000004,-6.183580099999972,0]},"properties":{}},{"type":"Feature","geometry":{"type":"Point","coordinates":[106.98206408600004,-6.183297616999937,0]},"properties":{}},{"type":"Feature","geometry":{"type":"Point","coordinates":[106.98243669600004,-6.183677753999973,0]},"properties":{}},{"type":"Feature","geometry":{"type":"Point","coordinates":[106.98225508200005,-6.183667853999964,0]},"properties":{}},{"type":"Feature","geometry":{"type":"Point","coordinates":[106.98190416600005,-6.180961944999979,0]},"properties":{}},{"type":"Feature","geometry":{"type":"Point","coordinates":[106.98240621800005,-6.181315922999943,0]},"properties":{}},{"type":"Feature","geometry":{"type":"Point","coordinates":[106.98222199300005,-6.18218137599996,0]},"properties":{}},{"type":"Feature","geometry":{"type":"Point","coordinates":[106.97951290900005,-6.181214689999933,0]},"properties":{}},{"type":"Feature","geometry":{"type":"Point","coordinates":[106.97986615900004,-6.181442471999958,0]},"properties":{}},{"type":"Feature","geometry":{"type":"Point","coordinates":[106.98026294200008,-6.18144922099998,0]},"properties":{}},{"type":"Feature","geometry":{"type":"Point","coordinates":[106.98043428000005,-6.181465579999951,0]},"properties":{}},{"type":"Feature","geometry":{"type":"Point","coordinates":[106.98074148200004,-6.181408380999926,0]},"properties":{}},{"type":"Feature","geometry":{"type":"Point","coordinates":[106.97781375300008,-6.1803832809999335,0]},"properties":{}},{"type":"Feature","geometry":{"type":"Point","coordinates":[106.97760078800007,-6.180298906999951,0]},"properties":{}},{"type":"Feature","geometry":{"type":"Point","coordinates":[106.97761396900006,-6.180029256999944,0]},"properties":{}},{"type":"Feature","geometry":{"type":"Point","coordinates":[106.97759904900005,-6.179830681999931,0]},"properties":{}},{"type":"Feature","geometry":{"type":"Point","coordinates":[106.98443806200004,-6.1809285309999495,0]},"properties":{}},{"type":"Feature","geometry":{"type":"Point","coordinates":[106.98411580100009,-6.180483745999936,0]},"properties":{}},{"type":"Feature","geometry":{"type":"Point","coordinates":[106.98500319700008,-6.180950650999932,0]},"properties":{}},{"type":"Feature","geometry":{"type":"Point","coordinates":[106.98135672200004,-6.177852816999973,0]},"properties":{}},{"type":"Feature","geometry":{"type":"Point","coordinates":[106.98158636200009,-6.177805851999949,0]},"properties":{}},{"type":"Feature","geometry":{"type":"Point","coordinates":[106.99898965100004,-6.186373276999973,0]},"properties":{}},{"type":"Feature","geometry":{"type":"Point","coordinates":[106.99914185200004,-6.186537337999937,0]},"properties":{}},{"type":"Feature","geometry":{"type":"Point","coordinates":[106.97780098500004,-6.18300095799998,0]},"properties":{}},{"type":"Feature","geometry":{"type":"Point","coordinates":[106.97750473800005,-6.182943474999945,0]},"properties":{}},{"type":"Feature","geometry":{"type":"Point","coordinates":[106.97764939400008,-6.182950711999979,0]},"properties":{}},{"type":"Feature","geometry":{"type":"Point","coordinates":[106.97769243500005,-6.182086506999951,0]},"properties":{}},{"type":"Feature","geometry":{"type":"Point","coordinates":[106.97728189800006,-6.182244081999954,0]},"properties":{}},{"type":"Feature","geometry":{"type":"Point","coordinates":[106.98095077000005,-6.18344136099995,0]},"properties":{}},{"type":"Feature","geometry":{"type":"Point","coordinates":[106.98064972400005,-6.183550884999931,0]},"properties":{}},{"type":"Feature","geometry":{"type":"Point","coordinates":[106.99688757200005,-6.20502993599996,0]},"properties":{}},{"type":"Feature","geometry":{"type":"Point","coordinates":[106.99537362100006,-6.202954075999969,0]},"properties":{}},{"type":"Feature","geometry":{"type":"Point","coordinates":[106.99279415000007,-6.189928019999968,0]},"properties":{}},{"type":"Feature","geometry":{"type":"Point","coordinates":[106.99253702100003,-6.195653578999952,0]},"properties":{}},{"type":"Feature","geometry":{"type":"Point","coordinates":[106.99270463400006,-6.195831596999938,0]},"properties":{}},{"type":"Feature","geometry":{"type":"Point","coordinates":[106.99275438600006,-6.19556018399993,0]},"properties":{}},{"type":"Feature","geometry":{"type":"Point","coordinates":[106.99201260000007,-6.194519381999953,0]},"properties":{}},{"type":"Feature","geometry":{"type":"Point","coordinates":[106.99124598200007,-6.19769705799996,0]},"properties":{}},{"type":"Feature","geometry":{"type":"Point","coordinates":[106.99120749200006,-6.197984702999975,0]},"properties":{}},{"type":"Feature","geometry":{"type":"Point","coordinates":[106.99859877900008,-6.202583446999938,0]},"properties":{}},{"type":"Feature","geometry":{"type":"Point","coordinates":[106.99421610300004,-6.2012238549999665,0]},"properties":{}},{"type":"Feature","geometry":{"type":"Point","coordinates":[106.99295768200005,-6.198963127999946,0]},"properties":{}},{"type":"Feature","geometry":{"type":"Point","coordinates":[106.99252834900005,-6.1988552579999805,0]},"properties":{}},{"type":"Feature","geometry":{"type":"Point","coordinates":[106.99203811200005,-6.199513558999968,0]},"properties":{}},{"type":"Feature","geometry":{"type":"Point","coordinates":[106.99212839600006,-6.199835978999943,0]},"properties":{}},{"type":"Feature","geometry":{"type":"Point","coordinates":[106.99591861000005,-6.199872887999959,0]},"properties":{}},{"type":"Feature","geometry":{"type":"Point","coordinates":[106.99606978400004,-6.1999068539999485,0]},"properties":{}},{"type":"Feature","geometry":{"type":"Point","coordinates":[106.99619104600004,-6.1999380399999495,0]},"properties":{}},{"type":"Feature","geometry":{"type":"Point","coordinates":[106.99624647500008,-6.1997115389999635,0]},"properties":{}},{"type":"Feature","geometry":{"type":"Point","coordinates":[106.99606981200009,-6.199673961999963,0]},"properties":{}},{"type":"Feature","geometry":{"type":"Point","coordinates":[106.99593207400005,-6.199609566999925,0]},"properties":{}},{"type":"Feature","geometry":{"type":"Point","coordinates":[106.99622161100007,-6.200090172999978,0]},"properties":{}},{"type":"Feature","geometry":{"type":"Point","coordinates":[106.99611716200008,-6.198332209999933,0]},"properties":{}},{"type":"Feature","geometry":{"type":"Point","coordinates":[106.99585238000009,-6.198212059999946,0]},"properties":{}},{"type":"Feature","geometry":{"type":"Point","coordinates":[106.99621400000007,-6.199315580999951,0]},"properties":{}},{"type":"Feature","geometry":{"type":"Point","coordinates":[106.99710108100004,-6.19908802599997,0]},"properties":{}},{"type":"Feature","geometry":{"type":"Point","coordinates":[106.99671407000005,-6.196565548999956,0]},"properties":{}},{"type":"Feature","geometry":{"type":"Point","coordinates":[106.99749158400004,-6.196558822999975,0]},"properties":{}},{"type":"Feature","geometry":{"type":"Point","coordinates":[106.99439811100007,-6.1967689159999395,0]},"properties":{}},{"type":"Feature","geometry":{"type":"Point","coordinates":[106.99449129100009,-6.196491281999954,0]},"properties":{}},{"type":"Feature","geometry":{"type":"Point","coordinates":[106.99461134000006,-6.196223943999939,0]},"properties":{}},{"type":"Feature","geometry":{"type":"Point","coordinates":[106.99454095800007,-6.196365969999931,0]},"properties":{}},{"type":"Feature","geometry":{"type":"Point","coordinates":[106.98347453700006,-6.200802910999926,0]},"properties":{}},{"type":"Feature","geometry":{"type":"Point","coordinates":[106.98324731900004,-6.200774920999947,0]},"properties":{}},{"type":"Feature","geometry":{"type":"Point","coordinates":[106.98307643200008,-6.200760462999938,0]},"properties":{}},{"type":"Feature","geometry":{"type":"Point","coordinates":[106.98275402100006,-6.200714836999964,0]},"properties":{}},{"type":"Feature","geometry":{"type":"Point","coordinates":[106.97985370400005,-6.20072504999996,0]},"properties":{}},{"type":"Feature","geometry":{"type":"Point","coordinates":[106.97986113600007,-6.20090104999997,0]},"properties":{}},{"type":"Feature","geometry":{"type":"Point","coordinates":[106.97984435300003,-6.20107605499993,0]},"properties":{}},{"type":"Feature","geometry":{"type":"Point","coordinates":[106.97984349500007,-6.201209139999946,0]},"properties":{}},{"type":"Feature","geometry":{"type":"Point","coordinates":[106.98189184200004,-6.197623983999961,0]},"properties":{}},{"type":"Feature","geometry":{"type":"Point","coordinates":[106.98157310500005,-6.197473197999955,0]},"properties":{}},{"type":"Feature","geometry":{"type":"Point","coordinates":[106.98141952600008,-6.197206159999951,0]},"properties":{}},{"type":"Feature","geometry":{"type":"Point","coordinates":[106.98112341500007,-6.197163327999931,0]},"properties":{}},{"type":"Feature","geometry":{"type":"Point","coordinates":[106.96525539600009,-6.229474413999981,0]},"properties":{}},{"type":"Feature","geometry":{"type":"Point","coordinates":[106.96718393300006,-6.228728845999967,0]},"properties":{}},{"type":"Feature","geometry":{"type":"Point","coordinates":[106.96183665600006,-6.2216925959999685,0]},"properties":{}},{"type":"Feature","geometry":{"type":"Point","coordinates":[106.96188586400007,-6.221514033999938,0]},"properties":{}},{"type":"Feature","geometry":{"type":"Point","coordinates":[106.96250234400009,-6.220994957999949,0]},"properties":{}},{"type":"Feature","geometry":{"type":"Point","coordinates":[106.96225819600005,-6.220814230999963,0]},"properties":{}},{"type":"Feature","geometry":{"type":"Point","coordinates":[106.96252978600006,-6.22300946799993,0]},"properties":{}},{"type":"Feature","geometry":{"type":"Point","coordinates":[106.96238567400007,-6.223103487999936,0]},"properties":{}},{"type":"Feature","geometry":{"type":"Point","coordinates":[106.95954857300006,-6.226829352999971,0]},"properties":{}},{"type":"Feature","geometry":{"type":"Point","coordinates":[106.95792451200003,-6.2248260079999795,0]},"properties":{}},{"type":"Feature","geometry":{"type":"Point","coordinates":[106.95828207800008,-6.224650007999969,0]},"properties":{}},{"type":"Feature","geometry":{"type":"Point","coordinates":[106.95791060600004,-6.224535298999967,0]},"properties":{}},{"type":"Feature","geometry":{"type":"Point","coordinates":[106.95869601900006,-6.222035156999937,0]},"properties":{}},{"type":"Feature","geometry":{"type":"Point","coordinates":[106.95768517700009,-6.227481439999963,0]},"properties":{}},{"type":"Feature","geometry":{"type":"Point","coordinates":[106.95760642800008,-6.2282947029999605,0]},"properties":{}},{"type":"Feature","geometry":{"type":"Point","coordinates":[106.95788251600004,-6.228341143999955,0]},"properties":{}},{"type":"Feature","geometry":{"type":"Point","coordinates":[106.95786931300006,-6.228508542999975,0]},"properties":{}},{"type":"Feature","geometry":{"type":"Point","coordinates":[106.95770997700004,-6.228298115999962,0]},"properties":{}},{"type":"Feature","geometry":{"type":"Point","coordinates":[106.95669980400004,-6.227732276999973,0]},"properties":{}},{"type":"Feature","geometry":{"type":"Point","coordinates":[106.95054932600004,-6.220114062999926,0]},"properties":{}},{"type":"Feature","geometry":{"type":"Point","coordinates":[106.95093068600005,-6.21992242999994,0]},"properties":{}},{"type":"Feature","geometry":{"type":"Point","coordinates":[106.96340217000005,-6.21071576199995,0]},"properties":{}},{"type":"Feature","geometry":{"type":"Point","coordinates":[106.96410082600005,-6.210141323999949,0]},"properties":{}},{"type":"Feature","geometry":{"type":"Point","coordinates":[106.96526854500007,-6.2083512959999325,0]},"properties":{}},{"type":"Feature","geometry":{"type":"Point","coordinates":[106.96992493600004,-6.21007663499995,0]},"properties":{}},{"type":"Feature","geometry":{"type":"Point","coordinates":[106.96985935200007,-6.209786029999975,0]},"properties":{}},{"type":"Feature","geometry":{"type":"Point","coordinates":[106.97048516500007,-6.209960269999954,0]},"properties":{}},{"type":"Feature","geometry":{"type":"Point","coordinates":[106.96998238200007,-6.21041355899996,0]},"properties":{}},{"type":"Feature","geometry":{"type":"Point","coordinates":[106.96998524800006,-6.2107470709999575,0]},"properties":{}},{"type":"Feature","geometry":{"type":"Point","coordinates":[106.97375537700009,-6.209844831999931,0]},"properties":{}},{"type":"Feature","geometry":{"type":"Point","coordinates":[106.97403673900004,-6.209588284999938,0]},"properties":{}},{"type":"Feature","geometry":{"type":"Point","coordinates":[106.98223463400006,-6.2236170889999585,0]},"properties":{}},{"type":"Feature","geometry":{"type":"Point","coordinates":[106.98708995000004,-6.216592048999928,0]},"properties":{}},{"type":"Feature","geometry":{"type":"Point","coordinates":[106.98698898600009,-6.216722526999945,0]},"properties":{}},{"type":"Feature","geometry":{"type":"Point","coordinates":[106.98774713600005,-6.217203453999957,0]},"properties":{}},{"type":"Feature","geometry":{"type":"Point","coordinates":[106.98957311700008,-6.217488150999941,0]},"properties":{}},{"type":"Feature","geometry":{"type":"Point","coordinates":[106.98529457200004,-6.215168252999945,0]},"properties":{}},{"type":"Feature","geometry":{"type":"Point","coordinates":[106.98446290000004,-6.216088304999971,0]},"properties":{}},{"type":"Feature","geometry":{"type":"Point","coordinates":[106.98567091900009,-6.22303495999995,0]},"properties":{}},{"type":"Feature","geometry":{"type":"Point","coordinates":[106.98586857400005,-6.222116473999961,0]},"properties":{}},{"type":"Feature","geometry":{"type":"Point","coordinates":[106.98629088500007,-6.222273553999969,0]},"properties":{}},{"type":"Feature","geometry":{"type":"Point","coordinates":[106.98703120800008,-6.2213736399999675,0]},"properties":{}},{"type":"Feature","geometry":{"type":"Point","coordinates":[106.98696844400007,-6.221620692999977,0]},"properties":{}},{"type":"Feature","geometry":{"type":"Point","coordinates":[106.98827293400007,-6.223286177999967,0]},"properties":{}},{"type":"Feature","geometry":{"type":"Point","coordinates":[106.98856049200003,-6.223405066999931,0]},"properties":{}},{"type":"Feature","geometry":{"type":"Point","coordinates":[106.98852346500007,-6.223648948999937,0]},"properties":{}},{"type":"Feature","geometry":{"type":"Point","coordinates":[106.98863788500006,-6.223709182999926,0]},"properties":{}},{"type":"Feature","geometry":{"type":"Point","coordinates":[106.98899389700006,-6.224157353999942,0]},"properties":{}},{"type":"Feature","geometry":{"type":"Point","coordinates":[106.98837956000006,-6.2240604899999425,0]},"properties":{}},{"type":"Feature","geometry":{"type":"Point","coordinates":[106.98829559200004,-6.2244343759999765,0]},"properties":{}},{"type":"Feature","geometry":{"type":"Point","coordinates":[106.98777784700007,-6.224293660999933,0]},"properties":{}},{"type":"Feature","geometry":{"type":"Point","coordinates":[106.97820215700006,-6.2156713899999545,0]},"properties":{}},{"type":"Feature","geometry":{"type":"Point","coordinates":[106.97834156100004,-6.215793824999935,0]},"properties":{}},{"type":"Feature","geometry":{"type":"Point","coordinates":[106.97860545700007,-6.216834444999961,0]},"properties":{}},{"type":"Feature","geometry":{"type":"Point","coordinates":[106.97888643200008,-6.216933837999932,0]},"properties":{}},{"type":"Feature","geometry":{"type":"Point","coordinates":[106.97960633500008,-6.217020555999966,0]},"properties":{}},{"type":"Feature","geometry":{"type":"Point","coordinates":[106.97976141000004,-6.217081453999981,0]},"properties":{}},{"type":"Feature","geometry":{"type":"Point","coordinates":[106.98009967600007,-6.217232616999979,0]},"properties":{}},{"type":"Feature","geometry":{"type":"Point","coordinates":[106.98778546500006,-6.215381388999958,0]},"properties":{}},{"type":"Feature","geometry":{"type":"Point","coordinates":[106.98908548400004,-6.214443929999959,0]},"properties":{}},{"type":"Feature","geometry":{"type":"Point","coordinates":[106.98933834700006,-6.214346783999929,0]},"properties":{}},{"type":"Feature","geometry":{"type":"Point","coordinates":[106.98343881900007,-6.201422347999937,0]},"properties":{}},{"type":"Feature","geometry":{"type":"Point","coordinates":[106.98354387000006,-6.2013216909999755,0]},"properties":{}},{"type":"Feature","geometry":{"type":"Point","coordinates":[106.98409530600009,-6.201515723999933,0]},"properties":{}},{"type":"Feature","geometry":{"type":"Point","coordinates":[106.98287725600005,-6.203956904999927,0]},"properties":{}},{"type":"Feature","geometry":{"type":"Point","coordinates":[106.98434153600004,-6.204235123999979,0]},"properties":{}},{"type":"Feature","geometry":{"type":"Point","coordinates":[106.97807401900008,-6.193937871999935,0]},"properties":{}},{"type":"Feature","geometry":{"type":"Point","coordinates":[106.97801043700008,-6.19442758699995,0]},"properties":{}},{"type":"Feature","geometry":{"type":"Point","coordinates":[106.97784548700008,-6.19438127899997,0]},"properties":{}},{"type":"Feature","geometry":{"type":"Point","coordinates":[106.98398745100008,-6.208110665999925,0]},"properties":{}},{"type":"Feature","geometry":{"type":"Point","coordinates":[106.98390080300004,-6.208373267999946,0]},"properties":{}},{"type":"Feature","geometry":{"type":"Point","coordinates":[106.98415198000004,-6.208115834999944,0]},"properties":{}},{"type":"Feature","geometry":{"type":"Point","coordinates":[106.98419407900008,-6.208236463999981,0]},"properties":{}},{"type":"Feature","geometry":{"type":"Point","coordinates":[106.98592340700009,-6.207953776999943,0]},"properties":{}},{"type":"Feature","geometry":{"type":"Point","coordinates":[106.98838194000007,-6.1902299899999775,0]},"properties":{}},{"type":"Feature","geometry":{"type":"Point","coordinates":[106.97734792400007,-6.187466980999943,0]},"properties":{}},{"type":"Feature","geometry":{"type":"Point","coordinates":[106.97726993500004,-6.187605325999925,0]},"properties":{}},{"type":"Feature","geometry":{"type":"Point","coordinates":[106.97726254800006,-6.187853799999971,0]},"properties":{}},{"type":"Feature","geometry":{"type":"Point","coordinates":[106.98073058600005,-6.18845411999996,0]},"properties":{}},{"type":"Feature","geometry":{"type":"Point","coordinates":[106.99896056200004,-6.192019122999966,0]},"properties":{}},{"type":"Feature","geometry":{"type":"Point","coordinates":[106.99890438100005,-6.192117517999975,0]},"properties":{}},{"type":"Feature","geometry":{"type":"Point","coordinates":[106.99953425500007,-6.192536989999951,0]},"properties":{}},{"type":"Feature","geometry":{"type":"Point","coordinates":[106.99438344600009,-6.195582447999925,0]},"properties":{}},{"type":"Feature","geometry":{"type":"Point","coordinates":[106.99385974600006,-6.196084919999976,0]},"properties":{}},{"type":"Feature","geometry":{"type":"Point","coordinates":[106.99427053900007,-6.196163928999965,0]},"properties":{}},{"type":"Feature","geometry":{"type":"Point","coordinates":[106.99708420800005,-6.215255207999974,0]},"properties":{}},{"type":"Feature","geometry":{"type":"Point","coordinates":[106.99693937100005,-6.215202232999957,0]},"properties":{}},{"type":"Feature","geometry":{"type":"Point","coordinates":[106.99825847100004,-6.211929616999953,0]},"properties":{}},{"type":"Feature","geometry":{"type":"Point","coordinates":[106.99779089300006,-6.212439207999978,0]},"properties":{}},{"type":"Feature","geometry":{"type":"Point","coordinates":[106.99790206700004,-6.212142428999925,0]},"properties":{}},{"type":"Feature","geometry":{"type":"Point","coordinates":[106.99685061800005,-6.20627581399998,0]},"properties":{}},{"type":"Feature","geometry":{"type":"Point","coordinates":[106.99670430700007,-6.206262261999939,0]},"properties":{}},{"type":"Feature","geometry":{"type":"Point","coordinates":[106.99773921400003,-6.204625037999961,0]},"properties":{}},{"type":"Feature","geometry":{"type":"Point","coordinates":[106.99772466500008,-6.204911778999929,0]},"properties":{}},{"type":"Feature","geometry":{"type":"Point","coordinates":[106.99798300300006,-6.204927076999979,0]},"properties":{}},{"type":"Feature","geometry":{"type":"Point","coordinates":[106.99812208000009,-6.204890931999955,0]},"properties":{}},{"type":"Feature","geometry":{"type":"Point","coordinates":[106.99845005500003,-6.204638538999973,0]},"properties":{}},{"type":"Feature","geometry":{"type":"Point","coordinates":[106.99337839700007,-6.231834499999934,0]},"properties":{}},{"type":"Feature","geometry":{"type":"Point","coordinates":[106.99341231400007,-6.231509532999951,0]},"properties":{}},{"type":"Feature","geometry":{"type":"Point","coordinates":[106.99365970300005,-6.231612205999966,0]},"properties":{}},{"type":"Feature","geometry":{"type":"Point","coordinates":[106.99379190000008,-6.2311397729999385,0]},"properties":{}},{"type":"Feature","geometry":{"type":"Point","coordinates":[106.99371803300005,-6.231244745999959,0]},"properties":{}},{"type":"Feature","geometry":{"type":"Point","coordinates":[106.99348195400006,-6.231146369999976,0]},"properties":{}},{"type":"Feature","geometry":{"type":"Point","coordinates":[106.99248415100004,-6.230536989999962,0]},"properties":{}},{"type":"Feature","geometry":{"type":"Point","coordinates":[106.99227567500009,-6.230523220999942,0]},"properties":{}},{"type":"Feature","geometry":{"type":"Point","coordinates":[106.99195191800004,-6.2305568109999285,0]},"properties":{}},{"type":"Feature","geometry":{"type":"Point","coordinates":[106.99217088900008,-6.230718085999968,0]},"properties":{}},{"type":"Feature","geometry":{"type":"Point","coordinates":[106.99253551300006,-6.230716708999978,0]},"properties":{}},{"type":"Feature","geometry":{"type":"Point","coordinates":[106.99562002900007,-6.235707978999926,0]},"properties":{}},{"type":"Feature","geometry":{"type":"Point","coordinates":[106.99581543400006,-6.235681110999963,0]},"properties":{}},{"type":"Feature","geometry":{"type":"Point","coordinates":[106.99590599000004,-6.2354981429999725,0]},"properties":{}},{"type":"Feature","geometry":{"type":"Point","coordinates":[106.99605305600005,-6.23558953099996,0]},"properties":{}},{"type":"Feature","geometry":{"type":"Point","coordinates":[106.99354733000007,-6.233577842999978,0]},"properties":{}},{"type":"Feature","geometry":{"type":"Point","coordinates":[106.99373357700006,-6.233542421999971,0]},"properties":{}},{"type":"Feature","geometry":{"type":"Point","coordinates":[106.94840172200009,-6.233609145999935,0]},"properties":{}},{"type":"Feature","geometry":{"type":"Point","coordinates":[106.94815171000005,-6.233554286999947,0]},"properties":{}},{"type":"Feature","geometry":{"type":"Point","coordinates":[106.94818155900003,-6.233367929999929,0]},"properties":{}},{"type":"Feature","geometry":{"type":"Point","coordinates":[106.94846695700005,-6.23346343399993,0]},"properties":{}},{"type":"Feature","geometry":{"type":"Point","coordinates":[106.95978241800009,-6.236403670999948,0]},"properties":{}},{"type":"Feature","geometry":{"type":"Point","coordinates":[106.95968268300004,-6.236722105999945,0]},"properties":{}},{"type":"Feature","geometry":{"type":"Point","coordinates":[106.95184591100008,-6.248880621999945,0]},"properties":{}},{"type":"Feature","geometry":{"type":"Point","coordinates":[106.95218319500009,-6.248078781999936,0]},"properties":{}},{"type":"Feature","geometry":{"type":"Point","coordinates":[106.95241905600005,-6.249554223999951,0]},"properties":{}},{"type":"Feature","geometry":{"type":"Point","coordinates":[106.96613301000008,-6.248255550999943,0]},"properties":{}},{"type":"Feature","geometry":{"type":"Point","coordinates":[106.96598865700008,-6.248092357999951,0]},"properties":{}},{"type":"Feature","geometry":{"type":"Point","coordinates":[106.96584691200007,-6.2479262619999645,0]},"properties":{}},{"type":"Feature","geometry":{"type":"Point","coordinates":[106.96315246800003,-6.247738690999938,0]},"properties":{}},{"type":"Feature","geometry":{"type":"Point","coordinates":[106.96166595100004,-6.2477361909999445,0]},"properties":{}},{"type":"Feature","geometry":{"type":"Point","coordinates":[106.96319844500005,-6.23728140399993,0]},"properties":{}},{"type":"Feature","geometry":{"type":"Point","coordinates":[106.96275898500005,-6.237059546999944,0]},"properties":{}},{"type":"Feature","geometry":{"type":"Point","coordinates":[106.96290354000007,-6.237107919999971,0]},"properties":{}},{"type":"Feature","geometry":{"type":"Point","coordinates":[106.96640999400006,-6.238224335999973,0]},"properties":{}},{"type":"Feature","geometry":{"type":"Point","coordinates":[106.96533814700007,-6.238183402999937,0]},"properties":{}},{"type":"Feature","geometry":{"type":"Point","coordinates":[106.97128918800007,-6.239316600999928,0]},"properties":{}},{"type":"Feature","geometry":{"type":"Point","coordinates":[106.97114624000005,-6.239553195999974,0]},"properties":{}},{"type":"Feature","geometry":{"type":"Point","coordinates":[106.97418643900005,-6.238861473999975,0]},"properties":{}},{"type":"Feature","geometry":{"type":"Point","coordinates":[106.97601965700005,-6.235146089999944,0]},"properties":{}},{"type":"Feature","geometry":{"type":"Point","coordinates":[106.97637753900005,-6.235369053999932,0]},"properties":{}},{"type":"Feature","geometry":{"type":"Point","coordinates":[106.97622513200008,-6.235370710999973,0]},"properties":{}},{"type":"Feature","geometry":{"type":"Point","coordinates":[106.98371528800004,-6.231633621999947,0]},"properties":{}},{"type":"Feature","geometry":{"type":"Point","coordinates":[106.98406336100004,-6.231674894999969,0]},"properties":{}},{"type":"Feature","geometry":{"type":"Point","coordinates":[106.98786216400003,-6.2392262749999645,0]},"properties":{}},{"type":"Feature","geometry":{"type":"Point","coordinates":[106.98805917000004,-6.2394315729999335,0]},"properties":{}},{"type":"Feature","geometry":{"type":"Point","coordinates":[106.98896257100006,-6.240446254999938,0]},"properties":{}},{"type":"Feature","geometry":{"type":"Point","coordinates":[106.99026139300008,-6.242960767999932,0]},"properties":{}},{"type":"Feature","geometry":{"type":"Point","coordinates":[106.99039176700006,-6.243153297999925,0]},"properties":{}},{"type":"Feature","geometry":{"type":"Point","coordinates":[106.98548938600004,-6.238548478999974,0]},"properties":{}},{"type":"Feature","geometry":{"type":"Point","coordinates":[106.98578666600008,-6.238511465999977,0]},"properties":{}},{"type":"Feature","geometry":{"type":"Point","coordinates":[106.98621349800004,-6.238617532999967,0]},"properties":{}},{"type":"Feature","geometry":{"type":"Point","coordinates":[106.98770301400003,-6.238805117999959,0]},"properties":{}},{"type":"Feature","geometry":{"type":"Point","coordinates":[106.98447998000006,-6.233415781999952,0]},"properties":{}},{"type":"Feature","geometry":{"type":"Point","coordinates":[106.98528712000007,-6.232694351999953,0]},"properties":{}},{"type":"Feature","geometry":{"type":"Point","coordinates":[106.98557188300003,-6.232429103999948,0]},"properties":{}},{"type":"Feature","geometry":{"type":"Point","coordinates":[106.98386929200007,-6.233884319999959,0]},"properties":{}},{"type":"Feature","geometry":{"type":"Point","coordinates":[106.99224674800007,-6.239851425999973,0]},"properties":{}},{"type":"Feature","geometry":{"type":"Point","coordinates":[106.99274175600004,-6.239469745999941,0]},"properties":{}},{"type":"Feature","geometry":{"type":"Point","coordinates":[106.99112696200007,-6.244337220999967,0]},"properties":{}},{"type":"Feature","geometry":{"type":"Point","coordinates":[106.99191960300004,-6.244584200999952,0]},"properties":{}},{"type":"Feature","geometry":{"type":"Point","coordinates":[106.99196311600008,-6.244097095999962,0]},"properties":{}},{"type":"Feature","geometry":{"type":"Point","coordinates":[106.99078229200006,-6.2450549239999305,0]},"properties":{}},{"type":"Feature","geometry":{"type":"Point","coordinates":[106.99046821400009,-6.244472342999927,0]},"properties":{}},{"type":"Feature","geometry":{"type":"Point","coordinates":[106.99051255400008,-6.246427806999975,0]},"properties":{}},{"type":"Feature","geometry":{"type":"Point","coordinates":[106.98352658500005,-6.24689331299993,0]},"properties":{}},{"type":"Feature","geometry":{"type":"Point","coordinates":[106.98438770400008,-6.245578952999949,0]},"properties":{}},{"type":"Feature","geometry":{"type":"Point","coordinates":[106.97322382000004,-6.249049639999953,0]},"properties":{}},{"type":"Feature","geometry":{"type":"Point","coordinates":[106.97468569400007,-6.248529721999944,0]},"properties":{}},{"type":"Feature","geometry":{"type":"Point","coordinates":[106.97494027400006,-6.2484757849999255,0]},"properties":{}},{"type":"Feature","geometry":{"type":"Point","coordinates":[106.97517711900008,-6.248463051999977,0]},"properties":{}},{"type":"Feature","geometry":{"type":"Point","coordinates":[106.97482491200009,-6.248527299999978,0]},"properties":{}},{"type":"Feature","geometry":{"type":"Point","coordinates":[106.97541446800005,-6.248343904999956,0]},"properties":{}},{"type":"Feature","geometry":{"type":"Point","coordinates":[106.97617042500008,-6.2481789599999615,0]},"properties":{}},{"type":"Feature","geometry":{"type":"Point","coordinates":[106.97626397700009,-6.248406892999981,0]},"properties":{}},{"type":"Feature","geometry":{"type":"Point","coordinates":[106.97707562100004,-6.248082616999966,0]},"properties":{}},{"type":"Feature","geometry":{"type":"Point","coordinates":[106.97835852400004,-6.248288897999942,0]},"properties":{}},{"type":"Feature","geometry":{"type":"Point","coordinates":[106.97368888800008,-6.248965078999959,0]},"properties":{}},{"type":"Feature","geometry":{"type":"Point","coordinates":[106.98998207400007,-6.249474237999948,0]},"properties":{}},{"type":"Feature","geometry":{"type":"Point","coordinates":[106.97541618000008,-6.249378183999966,0]},"properties":{}},{"type":"Feature","geometry":{"type":"Point","coordinates":[106.97529004500007,-6.249423952999962,0]},"properties":{}},{"type":"Feature","geometry":{"type":"Point","coordinates":[106.97636784800005,-6.249193516999981,0]},"properties":{}},{"type":"Feature","geometry":{"type":"Point","coordinates":[106.99435490700006,-6.249764967999965,0]},"properties":{}},{"type":"Feature","geometry":{"type":"Point","coordinates":[106.99680777100008,-6.246698135999964,0]},"properties":{}},{"type":"Feature","geometry":{"type":"Point","coordinates":[106.99698282600008,-6.2466645629999675,0]},"properties":{}},{"type":"Feature","geometry":{"type":"Point","coordinates":[106.99693882000008,-6.246853230999932,0]},"properties":{}},{"type":"Feature","geometry":{"type":"Point","coordinates":[106.99686161600005,-6.246507079999958,0]},"properties":{}},{"type":"Feature","geometry":{"type":"Point","coordinates":[106.99299298400007,-6.246272675999933,0]},"properties":{}},{"type":"Feature","geometry":{"type":"Point","coordinates":[106.99280887000003,-6.246300043999952,0]},"properties":{}},{"type":"Feature","geometry":{"type":"Point","coordinates":[106.99285801500008,-6.246537903999979,0]},"properties":{}},{"type":"Feature","geometry":{"type":"Point","coordinates":[106.99301722000007,-6.246612972999969,0]},"properties":{}},{"type":"Feature","geometry":{"type":"Point","coordinates":[106.99317454400006,-6.2466450139999665,0]},"properties":{}},{"type":"Feature","geometry":{"type":"Point","coordinates":[106.99619166600007,-6.2452357679999295,0]},"properties":{}},{"type":"Feature","geometry":{"type":"Point","coordinates":[106.99665019900004,-6.249841329999981,0]},"properties":{}},{"type":"Feature","geometry":{"type":"Point","coordinates":[106.99994455200004,-6.237159089999977,0]},"properties":{}},{"type":"Feature","geometry":{"type":"Point","coordinates":[106.99908810500006,-6.236521616999937,0]},"properties":{}},{"type":"Feature","geometry":{"type":"Point","coordinates":[106.99866824300005,-6.236466071999928,0]},"properties":{}},{"type":"Feature","geometry":{"type":"Point","coordinates":[106.99931553200008,-6.236171506999938,0]},"properties":{}},{"type":"Feature","geometry":{"type":"Point","coordinates":[106.99948001800004,-6.236091774999977,0]},"properties":{}},{"type":"Feature","geometry":{"type":"Point","coordinates":[106.99378883200006,-6.2321216219999656,0]},"properties":{}},{"type":"Feature","geometry":{"type":"Point","coordinates":[106.99399745900007,-6.232031870999947,0]},"properties":{}},{"type":"Feature","geometry":{"type":"Point","coordinates":[106.92137877400006,-6.381424888999959,0]},"properties":{}},{"type":"Feature","geometry":{"type":"Point","coordinates":[106.92281430100007,-6.3811165619999315,0]},"properties":{}},{"type":"Feature","geometry":{"type":"Point","coordinates":[106.92333470700004,-6.382772501999966,0]},"properties":{}},{"type":"Feature","geometry":{"type":"Point","coordinates":[106.92134214900005,-6.384691338999971,0]},"properties":{}},{"type":"Feature","geometry":{"type":"Point","coordinates":[106.92143592500008,-6.384149239999942,0]},"properties":{}},{"type":"Feature","geometry":{"type":"Point","coordinates":[106.92121744100007,-6.384330155999976,0]},"properties":{}},{"type":"Feature","geometry":{"type":"Point","coordinates":[106.92087218600005,-6.38429943899996,0]},"properties":{}},{"type":"Feature","geometry":{"type":"Point","coordinates":[106.92045850100004,-6.384434158999966,0]},"properties":{}},{"type":"Feature","geometry":{"type":"Point","coordinates":[106.92573584900003,-6.375896935999947,0]},"properties":{}},{"type":"Feature","geometry":{"type":"Point","coordinates":[106.92510870300003,-6.377070562999961,0]},"properties":{}},{"type":"Feature","geometry":{"type":"Point","coordinates":[106.92765426200003,-6.375576398999954,0]},"properties":{}},{"type":"Feature","geometry":{"type":"Point","coordinates":[106.92667901700008,-6.37755210499995,0]},"properties":{}},{"type":"Feature","geometry":{"type":"Point","coordinates":[106.93698201500007,-6.377297313999975,0]},"properties":{}},{"type":"Feature","geometry":{"type":"Point","coordinates":[106.93698388300004,-6.377602263999961,0]},"properties":{}},{"type":"Feature","geometry":{"type":"Point","coordinates":[106.93661050600008,-6.377035974999956,0]},"properties":{}},{"type":"Feature","geometry":{"type":"Point","coordinates":[106.93600256600007,-6.377299727999969,0]},"properties":{}},{"type":"Feature","geometry":{"type":"Point","coordinates":[106.91911819200004,-6.37538709699993,0]},"properties":{}},{"type":"Feature","geometry":{"type":"Point","coordinates":[106.91970329800006,-6.375881100999948,0]},"properties":{}},{"type":"Feature","geometry":{"type":"Point","coordinates":[106.92019729700007,-6.376080427999966,0]},"properties":{}},{"type":"Feature","geometry":{"type":"Point","coordinates":[106.91519385300006,-6.378876144999936,0]},"properties":{}},{"type":"Feature","geometry":{"type":"Point","coordinates":[106.91540182300008,-6.3785652579999805,0]},"properties":{}},{"type":"Feature","geometry":{"type":"Point","coordinates":[106.91422973800007,-6.377827779999961,0]},"properties":{}},{"type":"Feature","geometry":{"type":"Point","coordinates":[106.91408523000007,-6.377511149999975,0]},"properties":{}},{"type":"Feature","geometry":{"type":"Point","coordinates":[106.91276376600007,-6.378213225999957,0]},"properties":{}},{"type":"Feature","geometry":{"type":"Point","coordinates":[106.91258390600007,-6.378281973999947,0]},"properties":{}},{"type":"Feature","geometry":{"type":"Point","coordinates":[106.91240510100005,-6.377855438999973,0]},"properties":{}},{"type":"Feature","geometry":{"type":"Point","coordinates":[106.91178187100007,-6.3783889249999675,0]},"properties":{}},{"type":"Feature","geometry":{"type":"Point","coordinates":[106.91265885200005,-6.378800663999925,0]},"properties":{}},{"type":"Feature","geometry":{"type":"Point","coordinates":[106.91019737100004,-6.3943843489999495,0]},"properties":{}},{"type":"Feature","geometry":{"type":"Point","coordinates":[106.90919473700006,-6.394167375999928,0]},"properties":{}},{"type":"Feature","geometry":{"type":"Point","coordinates":[106.90888611100007,-6.393902437999941,0]},"properties":{}},{"type":"Feature","geometry":{"type":"Point","coordinates":[106.90865257800004,-6.394073190999961,0]},"properties":{}},{"type":"Feature","geometry":{"type":"Point","coordinates":[106.91451169500004,-6.38604982399994,0]},"properties":{}},{"type":"Feature","geometry":{"type":"Point","coordinates":[106.91433241300007,-6.385958541999969,0]},"properties":{}},{"type":"Feature","geometry":{"type":"Point","coordinates":[106.92045176300007,-6.384808579999969,0]},"properties":{}},{"type":"Feature","geometry":{"type":"Point","coordinates":[106.92090386700005,-6.384676428999967,0]},"properties":{}},{"type":"Feature","geometry":{"type":"Point","coordinates":[106.91629480600005,-6.38704802999996,0]},"properties":{}},{"type":"Feature","geometry":{"type":"Point","coordinates":[106.91612712100005,-6.386867377999977,0]},"properties":{}},{"type":"Feature","geometry":{"type":"Point","coordinates":[106.91625059600005,-6.386654720999957,0]},"properties":{}},{"type":"Feature","geometry":{"type":"Point","coordinates":[106.91609244600005,-6.38702111799995,0]},"properties":{}},{"type":"Feature","geometry":{"type":"Point","coordinates":[106.91674804900003,-6.386079202999952,0]},"properties":{}},{"type":"Feature","geometry":{"type":"Point","coordinates":[106.91670093100004,-6.3862162629999375,0]},"properties":{}},{"type":"Feature","geometry":{"type":"Point","coordinates":[106.91688000800008,-6.385353786999929,0]},"properties":{}},{"type":"Feature","geometry":{"type":"Point","coordinates":[106.91709717800006,-6.385280376999958,0]},"properties":{}},{"type":"Feature","geometry":{"type":"Point","coordinates":[106.91702379900005,-6.385038978999944,0]},"properties":{}},{"type":"Feature","geometry":{"type":"Point","coordinates":[106.91733470000008,-6.38416760399997,0]},"properties":{}},{"type":"Feature","geometry":{"type":"Point","coordinates":[106.91757464900007,-6.383707415999936,0]},"properties":{}},{"type":"Feature","geometry":{"type":"Point","coordinates":[106.91964718400004,-6.394438835999949,0]},"properties":{}},{"type":"Feature","geometry":{"type":"Point","coordinates":[106.91996961000007,-6.394307799999979,0]},"properties":{}},{"type":"Feature","geometry":{"type":"Point","coordinates":[106.91738710900006,-6.3839468929999725,0]},"properties":{}},{"type":"Feature","geometry":{"type":"Point","coordinates":[106.91755422500006,-6.384241918999976,0]},"properties":{}},{"type":"Feature","geometry":{"type":"Point","coordinates":[106.91784926100007,-6.384158905999925,0]},"properties":{}},{"type":"Feature","geometry":{"type":"Point","coordinates":[106.91989833700006,-6.386853413999972,0]},"properties":{}},{"type":"Feature","geometry":{"type":"Point","coordinates":[106.91971236900008,-6.386714420999965,0]},"properties":{}},{"type":"Feature","geometry":{"type":"Point","coordinates":[106.90676803400004,-6.379864501999975,0]},"properties":{}},{"type":"Feature","geometry":{"type":"Point","coordinates":[106.93502815400007,-6.380764330999966,0]},"properties":{}},{"type":"Feature","geometry":{"type":"Point","coordinates":[106.93583222100006,-6.380744402999937,0]},"properties":{}},{"type":"Feature","geometry":{"type":"Point","coordinates":[106.93626011800006,-6.380691078999973,0]},"properties":{}},{"type":"Feature","geometry":{"type":"Point","coordinates":[106.93599061500004,-6.381458326999962,0]},"properties":{}},{"type":"Feature","geometry":{"type":"Point","coordinates":[106.90909247500008,-6.379622629999972,0]},"properties":{}},{"type":"Feature","geometry":{"type":"Point","coordinates":[106.90924135400007,-6.379484831999946,0]},"properties":{}},{"type":"Feature","geometry":{"type":"Point","coordinates":[106.90855111300004,-6.380471891999946,0]},"properties":{}},{"type":"Feature","geometry":{"type":"Point","coordinates":[106.90951635000005,-6.378919727999971,0]},"properties":{}},{"type":"Feature","geometry":{"type":"Point","coordinates":[106.90945913200005,-6.38906305699993,0]},"properties":{}},{"type":"Feature","geometry":{"type":"Point","coordinates":[106.91036460500004,-6.38869632799998,0]},"properties":{}},{"type":"Feature","geometry":{"type":"Point","coordinates":[106.90577741000004,-6.38347500499998,0]},"properties":{}},{"type":"Feature","geometry":{"type":"Point","coordinates":[106.90630560100004,-6.384608994999951,0]},"properties":{}},{"type":"Feature","geometry":{"type":"Point","coordinates":[106.90601849700005,-6.386348333999933,0]},"properties":{}},{"type":"Feature","geometry":{"type":"Point","coordinates":[106.90679300700003,-6.38448974399995,0]},"properties":{}},{"type":"Feature","geometry":{"type":"Point","coordinates":[106.90784466400004,-6.384283413999981,0]},"properties":{}},{"type":"Feature","geometry":{"type":"Point","coordinates":[106.90591921700008,-6.38259738499994,0]},"properties":{}},{"type":"Feature","geometry":{"type":"Point","coordinates":[106.90584221500006,-6.38289006499997,0]},"properties":{}},{"type":"Feature","geometry":{"type":"Point","coordinates":[106.90542924100004,-6.382876584999963,0]},"properties":{}},{"type":"Feature","geometry":{"type":"Point","coordinates":[106.90883958500007,-6.38710728999996,0]},"properties":{}},{"type":"Feature","geometry":{"type":"Point","coordinates":[106.90792947500006,-6.3887346569999295,0]},"properties":{}},{"type":"Feature","geometry":{"type":"Point","coordinates":[106.90688693700008,-6.383765280999967,0]},"properties":{}},{"type":"Feature","geometry":{"type":"Point","coordinates":[106.90648926800009,-6.384078043999978,0]},"properties":{}}],"fileName":"BANGUNAN_PT_25K"}