{"type":"FeatureCollection","features":[{"type":"Feature","geometry":{"bbox":[106.96638943972708,-6.3486403281471855,106.99748710800009,-6.249778998999959],"type":"MultiLineString","coordinates":[[[106.99748710800009,-6.249778998999959,0],[106.99748426800002,-6.249784276999952,0],[106.99736814100001,-6.250000099999957,0],[106.99692856200005,-6.250817062999962,0],[106.99671459300002,-6.2516771169998915,0],[106.99662363300004,-6.25207046899993,0],[106.99652029700012,-6.2525173429999565,0],[106.99626544500008,-6.25301212799995,0],[106.99572293200004,-6.253162333999944,0],[106.99500928700006,-6.2529921709999865,0],[106.99457374200009,-6.252707410999962,0],[106.99413004400004,-6.25287699199996,0],[106.99387451600005,-6.253194004999989,0],[106.99372902400009,-6.253885901999949,0],[106.99367370900003,-6.254923127999971,0],[106.99374540400002,-6.255963978999938,0],[106.99362957300012,-6.256665638999907,0],[106.99332718000005,-6.2576445459999,0],[106.99304288800008,-6.258188824999904,0],[106.99274737300004,-6.2583775969999795,0],[106.99214478500001,-6.258310749999955,0],[106.9917991140001,-6.258292308999939,0],[106.99152271200006,-6.258313109999973,0],[106.99130656400011,-6.258600343999936,0],[106.99090087800003,-6.259298812999907,0],[106.99016296600009,-6.260002833999982,0],[106.98956592400006,-6.26080014399996,0],[106.98940646300011,-6.261013091999905,0],[106.98909246800007,-6.26153772999997,0],[106.98860020800001,-6.262662765999975,0],[106.98828800600002,-6.263661462999918,0],[106.98829133300003,-6.264540447999904,0],[106.98842271500007,-6.265325603999942,0],[106.98866175700005,-6.265867897999959,0],[106.98903006500005,-6.266646734999918,0],[106.98938838600012,-6.267395978999916,0],[106.98938030800008,-6.267870075999975,0],[106.98916464400008,-6.268285702999991,0],[106.98832626700008,-6.269026429999906,0],[106.98779383400009,-6.269235852999914,0],[106.9873689340001,-6.269158453999994,0],[106.98695200200007,-6.268577326999962,0],[106.9862418810001,-6.26650196299993,0],[106.98592455600004,-6.26614761500001,0],[106.985578466,-6.266020531999976,0],[106.98533239100009,-6.266228867999894,0],[106.98529412600003,-6.266554934999961,0],[106.9859531590001,-6.26848821099996,0],[106.98603443399999,-6.269090363999956,0],[106.985976593,-6.269628235999962,0],[106.98579054800007,-6.270043748999969,0],[106.98464686600002,-6.270512271999921,0],[106.98327045000009,-6.270804878999973,0],[106.98303476800004,-6.27115144599996,0],[106.98295737800004,-6.271576423999951,0],[106.98293051700003,-6.272307379999946,0],[106.9825964230001,-6.272945986999938,0],[106.98245002200007,-6.273400856999915,0],[106.98246086700007,-6.273657601999931,0],[106.9831835400001,-6.274138809999956,0],[106.98351998300005,-6.274325186999922,0],[106.98358992700005,-6.274542203999937,0],[106.9836719130001,-6.275332004999916,0],[106.98368658500006,-6.276078819999979,0],[106.98375716500004,-6.276463731999941,0],[106.983975752,-6.276818454999981,0],[106.98482874400007,-6.277812737000003,0],[106.98509846400009,-6.278631454999887,0],[106.98506248100004,-6.279408367999954,0],[106.9849655310001,-6.279882802999952,0],[106.98471084800008,-6.2804269699999455,0],[106.98437589500007,-6.280635644999981,0],[106.98374440200006,-6.280766432999966,0],[106.98322052100005,-6.28063014999997,0],[106.98303129500002,-6.280206180999885,0],[106.98314829600011,-6.279810680999935,0],[106.98364898600006,-6.279038424999987,0],[106.98371642600004,-6.2785937309999635,0],[106.98368568100008,-6.278297555999972,0],[106.98355637700004,-6.278051134999922,0],[106.98306159900004,-6.277776469999933,0],[106.98202371800005,-6.2775038619999375,0],[106.98138744100008,-6.277455982999884,0],[106.98032131700006,-6.277548904999934,0],[106.97990647000002,-6.27752084500001,0],[106.97939172100007,-6.277186992999921,0],[106.97887162900011,-6.276760296999965,0],[106.97852594300011,-6.276741850999949,0],[106.97816073000008,-6.276782735999957,0],[106.97800325700011,-6.276921601999989,0],[106.97799498600006,-6.2773463189999585,0],[106.97808657900008,-6.278066952999987,0],[106.97799927200005,-6.278482093999964,0],[106.97759541800012,-6.278750283999949,0],[106.97589760700006,-6.2789245959999835,0],[106.97509385299999,-6.279012300999957,0],[106.97477849600001,-6.279181390999915,0],[106.97469048000002,-6.279408880999908,0],[106.97470102400008,-6.279586617999959,0],[106.97496842300009,-6.279793013999983,0],[106.97552248600002,-6.280077338999972,0],[106.97667827300009,-6.280191492000002,0],[106.97792293300004,-6.280305305999915,0],[106.97830251000009,-6.280493612999953,0],[106.97851040100007,-6.28063109699996,0],[106.97866917900005,-6.280837902000018,0],[106.9788478190001,-6.281074259999945,0],[106.97893762500006,-6.281320831999919,0],[106.97889049000007,-6.281913594999937,0],[106.97864567500007,-6.282457725999928,0],[106.97841978700002,-6.282784501999965,0],[106.97788763200005,-6.283072930999937,0],[106.97750266700008,-6.2831138929999515,0],[106.9766731870001,-6.2831170289999445,0],[106.9763671060001,-6.283128060999969,0],[106.97609161900004,-6.283395765999915,0],[106.97567870600007,-6.28388127299994,0],[106.97490042300007,-6.285105987999932,0],[106.97481292900002,-6.285471747999997,0],[106.97524343500002,-6.287030600000014,0],[106.97530605800006,-6.287775867999949,0],[106.97531764800004,-6.288230140999966,0],[106.97531876600004,-6.288526429999967,0],[106.97532961100005,-6.288783176999983,0],[106.97512343100004,-6.289100002999907,0],[106.97461012400002,-6.289151324999979,0],[106.97372022900002,-6.288848517999972,0],[106.97345922100001,-6.288873139999966,0],[106.97317337100007,-6.2890124899999496,0],[106.97275225200005,-6.28994246799998,0],[106.97220018900002,-6.292167948999998,0],[106.97199332300005,-6.293403820000025,0],[106.97214390200007,-6.2936650739999696,0],[106.97309498100007,-6.2946339659999335,0],[106.97375769900002,-6.295167574999942,0],[106.9741965960001,-6.295851640999965,0],[106.9742116520001,-6.296537310999943,0],[106.97417679900006,-6.297210700999971,0],[106.97403325400008,-6.297366784999918,0],[106.973356041,-6.297754123999903,0],[106.97129523900011,-6.298532256999982,0],[106.97121285600005,-6.298684677999981,0],[106.97120670000007,-6.2988852109999645,0],[106.97140796300002,-6.299091873999922,0],[106.97171983800007,-6.299298117999934,0],[106.972093644,-6.299428073999939,0],[106.97301309200004,-6.299424596999918,0],[106.97329715800002,-6.29958946099997,0],[106.97355516500005,-6.300176183999932,0],[106.97393616000004,-6.301472209999963,0],[106.97406790300002,-6.301575422999976,0],[106.97429663900003,-6.301733581999917,0],[106.97470527500009,-6.301932543999948,0],[106.97500377100009,-6.302256374999919,0],[106.9750812540001,-6.302636356999917,0],[106.97491757600007,-6.303049918999941,0],[106.97439992300005,-6.303273130999935,0],[106.97318393300006,-6.303471328999903,0],[106.97238005700008,-6.303927463999985,0],[106.97207744600009,-6.304099170999981,0],[106.97200218400008,-6.304306878999936,0],[106.97197502370588,-6.304533693983176,0]],[[106.97242638690852,-6.306872103235365,0],[106.97242709200006,-6.3068748199999565,0],[106.9724292632452,-6.306893955730912,0]],[[106.9728013880002,-6.310390396440761,0],[106.97288517060898,-6.3109136687694285,0]],[[106.97297208074326,-6.311092258240196,0],[106.9730599363917,-6.311240952302503,0]],[[106.97359005513732,-6.311952668785585,0],[106.97376067441753,-6.312108541416299,0]],[[106.97421732901726,-6.312359083069145,0],[106.97738760837301,-6.313182995122572,0]],[[106.97875888967911,-6.313524722956336,0],[106.9790294520001,-6.313590686999897,0],[106.97956953000003,-6.313809883000003,0],[106.97973781093802,-6.313893232967731,0]],[[106.97998140762377,-6.3140138870128855,0],[106.98031758600011,-6.314180397000017,0],[106.98074765700008,-6.314559033999993,0],[106.98088050800006,-6.314952630999963,0],[106.98085801899997,-6.315024260069128,0]],[[106.97713609480783,-6.318013836860674,0],[106.9769000683786,-6.318238543655356,0]],[[106.97645971763784,-6.3188509303817515,0],[106.97636455700007,-6.319147307000021,0],[106.97639013926029,-6.319704591595469,0]],[[106.97652879991453,-6.320025382143994,0],[106.97696552300005,-6.320746280999982,0],[106.97699090923254,-6.320811549736975,0]],[[106.97719971800504,-6.321380347848253,0],[106.97726618800006,-6.321637053999966,0],[106.97724496456567,-6.32181602658312,0]],[[106.97684936334589,-6.323336213439161,0],[106.97673658772914,-6.323632811562467,0]],[[106.97698927822628,-6.325297761095287,0],[106.97700393500011,-6.325332863999959,0],[106.97703912997008,-6.32553340450354,0]],[[106.97716545783433,-6.326253219110749,0],[106.97720886700002,-6.326500563999941,0],[106.97720161215653,-6.326602913350536,0]],[[106.97712485894884,-6.327685726646896,0],[106.97712356800007,-6.327703938999944,0],[106.97706620500011,-6.328547096035335,0]],[[106.97701641174882,-6.329912118274576,0],[106.97703122451405,-6.33052267111122,0]],[[106.97419013510472,-6.330137912867022,0],[106.97385866500011,-6.330212359000013,0],[106.9735327154795,-6.330362461994847,0]],[[106.97484526417784,-6.330339815598089,0],[106.97474585472456,-6.33023093886486,0]],[[106.97522448613275,-6.331772191000821,0],[106.97514714800005,-6.331773239999931,0],[106.97502170500006,-6.331510981999903,0],[106.9750822980001,-6.331082077999943,0],[106.97494151828423,-6.3305816311258685,0]],[[106.9732018839185,-6.330655755929941,0],[106.97312631095124,-6.330747373970562,0]],[[106.97277456986379,-6.331278509231579,0],[106.97256239000006,-6.3316945199999015,0],[106.97246762560151,-6.33212876250319,0]],[[106.97699642461394,-6.331298884987861,0],[106.97697088100004,-6.331386021999956,0],[106.9768266180001,-6.331628563999951,0],[106.976688605454,-6.331694587321694,0]],[[106.97665981650562,-6.331708359562375,0],[106.97656437600007,-6.331754016999939,0],[106.97650145077726,-6.331754870505206,0]],[[106.97244021757429,-6.332713487849466,0],[106.97245615975795,-6.332779057423236,0]],[[106.97328001078037,-6.3330073115721515,0],[106.9738391370001,-6.332913460999949,0],[106.97395822928262,-6.332916849635366,0]],[[106.97405065738104,-6.332919479571723,0],[106.97405348400007,-6.332919559999921,0],[106.97426801500005,-6.332974056999989,0],[106.97445497100007,-6.333049400999917,0],[106.97455227149324,-6.33316406411865,0]],[[106.97488216537977,-6.333722903159382,0],[106.97495050200004,-6.33386013999994,0],[106.97504614790084,-6.334105185859633,0]],[[106.97545027186162,-6.335034640793273,0],[106.97548064100002,-6.335095743999945,0],[106.97546106781908,-6.335170286900775,0]],[[106.97541307225609,-6.335353074180132,0],[106.9753988630001,-6.335407188999957,0],[106.97533455146169,-6.335429541252184,0]],[[106.97511261088839,-6.335506679380069,0],[106.97493625500002,-6.335567973999938,0],[106.97434298240726,-6.335751015128592,0]],[[106.97424175733556,-6.335833921413807,0],[106.97416124656463,-6.335929061838767,0]],[[106.97411948199505,-6.336078335167398,0],[106.97413025900002,-6.336315329999957,0],[106.97411795700008,-6.336716393999923,0],[106.97354031300006,-6.337534454999931,0],[106.97350107675044,-6.337579061097236,0]],[[106.97319445160801,-6.337927650757928,0],[106.97317269415288,-6.337952385924199,0]],[[106.97304644351796,-6.338150382570388,0],[106.97281387351532,-6.338738307892148,0]],[[106.97274886276351,-6.339082100808328,0],[106.97277588296986,-6.339870046416289,0]],[[106.97551719729428,-6.339415835907706,0],[106.97555210200008,-6.339414455999963,0],[106.97555910405652,-6.3394156789398455,0]],[[106.97596252533984,-6.339775335580404,0],[106.975975309,-6.33980003299998,0],[106.97598483796402,-6.3398571956254575,0]],[[106.9737138508875,-6.340039546110303,0],[106.97409225653662,-6.339864355970219,0]],[[106.97601765112395,-6.340054036159463,0],[106.97602483800001,-6.340097148999961,0],[106.97599836700005,-6.340408383999955,0],[106.97582167899999,-6.340836938999887,0],[106.97575378474312,-6.340903900020438,0]],[[106.97314308172517,-6.340249658835122,0],[106.97315742662057,-6.340250082330316,0]],[[106.96870631822556,-6.341459838918466,0],[106.96795517200006,-6.341541278999989,0],[106.96680069019133,-6.341620686988529,0]],[[106.96911767513097,-6.341532919789598,0],[106.96896585588554,-6.34149488671744,0]],[[106.97505334622446,-6.341509712742381,0],[106.97501591000012,-6.341535622999965,0],[106.97480681502456,-6.341592238132369,0]],[[106.97465595066578,-6.341633086582414,0],[106.97409981215152,-6.341783668180804,0]],[[106.96674112040365,-6.341633716930721,0],[106.96638943972708,-6.341774304401186,0]],[[106.97003053777992,-6.342109611419692,0],[106.96955580251486,-6.341732474112975,0]],[[106.97052097715073,-6.342718102098248,0],[106.97046829600008,-6.342698031999953,0],[106.97022876400007,-6.342524898999928,0],[106.97012145437976,-6.342233915031008,0]],[[106.97300184010899,-6.342303912536666,0],[106.97285604021994,-6.3424321246954225,0]],[[106.97262027779257,-6.342639447279767,0],[106.9725608140001,-6.342691737999965,0],[106.97189379524512,-6.342830409628901,0]],[[106.96750121964543,-6.342731442474873,0],[106.96759093600004,-6.34273316899993,0],[106.96762747165899,-6.342751973479237,0]],[[106.96794852205467,-6.342917214388548,0],[106.96801198300005,-6.342949877000008,0],[106.96802453212011,-6.342994131086625,0]],[[106.97158584743396,-6.342919353942682,0],[106.97128410700007,-6.343008833999912,0],[106.97110840106636,-6.342941894775526,0]],[[106.96844096460931,-6.344959913657037,0],[106.96860201456438,-6.345285692550322,0]],[[106.96869044491453,-6.345399598892902,0],[106.96879173000009,-6.345500120999896,0],[106.96907983965897,-6.345709256395564,0]],[[106.9695278285582,-6.346034446241726,0],[106.96990380900009,-6.346307365999985,0],[106.97029636621785,-6.346495613316831,0]],[[106.97243139556849,-6.346545973490196,0],[106.97258313,-6.346555680999925,0],[106.97266565500009,-6.346730010999961,0],[106.97266497017881,-6.34679667123738,0]],[[106.97099066174434,-6.346552466755766,0],[106.97143242858087,-6.346549371177305,0]],[[106.97266407389621,-6.346883915037386,0],[106.97266167400002,-6.34711751999996,0],[106.9724347605248,-6.34743956007741,0]],[[106.9722588400024,-6.347689229951074,0],[106.97210257100004,-6.347911009999978,0],[106.97135110900003,-6.348350484000013,0],[106.97046242100004,-6.348583088999897,0],[106.97034828504806,-6.3486403281471855,0]]]},"properties":{}},{"type":"Feature","geometry":{"bbox":[106.99294815300004,-6.249825399999979,106.99691918300007,-6.247320617999945],"type":"LineString","coordinates":[[106.99691918300007,-6.249825399999979,0],[106.99690699400004,-6.249639195999938,0],[106.996809796,-6.249428877999945,0],[106.99671902400003,-6.2492477639999695,0],[106.99525727200006,-6.248316174999983,0],[106.99501483200007,-6.248153409999928,0],[106.99459087600007,-6.247933354999928,0],[106.99411373200003,-6.2476605390000035,0],[106.99354116000009,-6.24738186499995,0],[106.99301684900004,-6.247324425999993,0],[106.99294815300004,-6.247320617999945,0]]},"properties":{}},{"type":"Feature","geometry":{"bbox":[106.93402752600005,-6.29187002799995,106.94457640800006,-6.253820316300056],"type":"LineString","coordinates":[[106.93527272800006,-6.29187002799995,0],[106.93528069500009,-6.291730049999915,0],[106.93528779500006,-6.291690531999931,0],[106.93533185900006,-6.2914454259999015,0],[106.93530775500003,-6.291170275999962,0],[106.93533209600008,-6.291091979999967,0],[106.93564960500007,-6.290914048999989,0],[106.93574750900008,-6.290806909999917,0],[106.93582906000007,-6.290717660999993,0],[106.93600710900007,-6.29036838299996,0],[106.93610919500007,-6.290168132,0],[106.93614373600009,-6.289393656999957,0],[106.93601253300007,-6.288877341999958,0],[106.93597729500009,-6.28866028599994,0],[106.93610559700005,-6.288344048999976,0],[106.93614779000008,-6.2881353939999425,0],[106.93612678700002,-6.28805365899993,0],[106.93605275600002,-6.2879385679999995,0],[106.936001994,-6.287662747999915,0],[106.93595734700004,-6.287239976999929,0],[106.93592669300007,-6.286986928999953,0],[106.93591119700004,-6.286754863999937,0],[106.93590173600005,-6.286613079999929,0],[106.93587428600009,-6.2863811220000105,0],[106.93586757400007,-6.286159150999941,0],[106.9359022500001,-6.2859239979999355,0],[106.93598633300003,-6.285353904000017,0],[106.93602576200001,-6.2852458059999545,0],[106.93613233900004,-6.2851556599999565,0],[106.93616164200006,-6.285133906999933,0],[106.9362864890001,-6.285041251999905,0],[106.93631623500006,-6.285014813999938,0],[106.93638855200001,-6.2849182219999395,0],[106.93648571000006,-6.284841979999937,0],[106.93660584400004,-6.284779620999929,0],[106.93674236300006,-6.2846307049999535,0],[106.936784613,-6.284532686999926,0],[106.93679474600005,-6.284089281000009,0],[106.93656875500008,-6.283739790999958,0],[106.93640695600003,-6.283488738999969,0],[106.93637871800009,-6.283344157999997,0],[106.93639271900008,-6.283215947999958,0],[106.93664817100009,-6.282904836999974,0],[106.93676722500008,-6.282668014999919,0],[106.93684125300007,-6.28250415899995,0],[106.93690367200008,-6.282386989999937,0],[106.93685692100004,-6.2819030999999566,0],[106.93682646900001,-6.281802367999971,0],[106.9367535520001,-6.281731646999981,0],[106.9363294990001,-6.281698761000014,0],[106.93621297200005,-6.281680584999931,0],[106.93597518000009,-6.28149427699997,0],[106.93590330300009,-6.281372351999918,0],[106.93587744200009,-6.2811546009999315,0],[106.93591938100009,-6.281021315000006,0],[106.93612081700006,-6.28080536299999,0],[106.93632893100005,-6.280582253000004,0],[106.93646662600007,-6.280445691999985,0],[106.93649408400003,-6.280418457999952,0],[106.93684911800001,-6.280134860999935,0],[106.93691615100005,-6.280048911999929,0],[106.93697318000007,-6.279920922999997,0],[106.93707821200005,-6.279823702999947,0],[106.93737382900008,-6.279608911999938,0],[106.93747745500005,-6.279520232999973,0],[106.93751261900012,-6.27949013999997,0],[106.93761203900007,-6.279224540999932,0],[106.93775829,-6.278833846999936,0],[106.93783277600005,-6.278684084999979,0],[106.93786317100007,-6.278622971999896,0],[106.93801265000009,-6.278318653999941,0],[106.9380362260001,-6.278206719000005,0],[106.9379580130001,-6.278006132000018,0],[106.93791504800001,-6.2779518909999705,0],[106.937878491,-6.277905734999971,0],[106.93785026600007,-6.277855136999959,0],[106.93784987900004,-6.277725949999928,0],[106.93789754800008,-6.277590851999941,0],[106.93800057200008,-6.2773296249999095,0],[106.93800839100001,-6.277284181999969,0],[106.93804204800004,-6.277088696999959,0],[106.93803238700004,-6.2768557869999615,0],[106.93818032100002,-6.275610870999985,0],[106.93818317100008,-6.275433273999946,0],[106.938235864,-6.275298347999973,0],[106.93830936700004,-6.275110146999944,0],[106.93852731600005,-6.274695752999941,0],[106.93861638300004,-6.274555222999949,0],[106.938690062,-6.274438979000012,0],[106.93887045300002,-6.274164906999983,0],[106.9390882970001,-6.273996070999958,0],[106.93956082800011,-6.27348405799996,0],[106.93960339600008,-6.273382168999968,0],[106.93961770000003,-6.2733479859999814,0],[106.94001023200009,-6.272841557999913,0],[106.94020830100004,-6.272586017999997,0],[106.94040580300005,-6.272331212999964,0],[106.94060695600008,-6.272071692999896,0],[106.94063252200006,-6.27203870599992,0],[106.94076819600009,-6.271855093999916,0],[106.94112425600007,-6.271316053999991,0],[106.94116882400003,-6.271251478999977,0],[106.94120755000003,-6.271195361999952,0],[106.94146793700008,-6.271077169999943,0],[106.9415582840001,-6.271036159999925,0],[106.94178426100005,-6.270939214999986,0],[106.942002577,-6.270764264999988,0],[106.94226204300006,-6.270614684999957,0],[106.94255715900006,-6.270490750000006,0],[106.94269548800004,-6.270360830999914,0],[106.94280486800004,-6.27016243399993,0],[106.94283526000007,-6.2699738599999595,0],[106.9427294380001,-6.269624938999955,0],[106.94261761300008,-6.269416430999934,0],[106.94249916200005,-6.269194937999904,0],[106.94232288500004,-6.268612149000001,0],[106.94222107900005,-6.268290996999985,0],[106.94214745500008,-6.268070006999908,0],[106.94211603200006,-6.268016861999952,0],[106.94206988000006,-6.267938781999975,0],[106.94205434900002,-6.267890161999949,0],[106.94211456000002,-6.2678340099999215,0],[106.94214019500002,-6.267651139999979,0],[106.94217270400013,-6.267419222999974,0],[106.94216164000001,-6.267261658999905,0],[106.94207550400009,-6.2671657809999655,0],[106.94203779800007,-6.2670433229999585,0],[106.94198515900007,-6.266979858999948,0],[106.94194453000009,-6.266917227999917,0],[106.942006968,-6.266793603999902,0],[106.94207478100012,-6.266677300999961,0],[106.94219455100007,-6.266530028999943,0],[106.942423444,-6.2662618989999626,0],[106.94255039000002,-6.2659786039999705,0],[106.94256483500007,-6.26564344099995,0],[106.94256599100008,-6.265513732999965,0],[106.94263607,-6.265389655000002,0],[106.94275674100005,-6.265297992999967,0],[106.94366169300005,-6.265021371999994,0],[106.94390365400008,-6.264959266999918,0],[106.94391326800009,-6.2649569889999075,0],[106.94413287600004,-6.264904992999957,0],[106.94426118100009,-6.264832929999946,0],[106.94438177500004,-6.2646060210000005,0],[106.94443326100011,-6.264509135999978,0],[106.9445672300001,-6.264105088999942,0],[106.94457640800006,-6.2640239199999765,0],[106.9444448120001,-6.263992917999898,0],[106.94427994900005,-6.263969297999987,0],[106.94426068600005,-6.263908279000001,0],[106.94421596100008,-6.263766608000003,0],[106.94419080900005,-6.263540256999926,0],[106.94432839100006,-6.263184422999972,0],[106.94434032200007,-6.262895252999938,0],[106.94429646100008,-6.262698824999939,0],[106.944248337,-6.262595464999913,0],[106.94395559400003,-6.262353225999943,0],[106.94361643700003,-6.262235735999992,0],[106.94342354600006,-6.262096891999962,0],[106.94327952900005,-6.261897851999924,0],[106.94318073300005,-6.261603367999983,0],[106.94307264500007,-6.26138575999992,0],[106.94277820900005,-6.26111561599995,0],[106.94263416500003,-6.260865060000002,0],[106.94256944900009,-6.260792463999946,0],[106.94228123900005,-6.2606883279999455,0],[106.94200578400009,-6.26044673799994,0],[106.94132703000005,-6.260274826999927,0],[106.941124658,-6.260191139999931,0],[106.94075333600001,-6.260087780999905,0],[106.940432215,-6.260016457999955,0],[106.94034693100005,-6.25998693799991,0],[106.94021012600011,-6.2599395889999006,0],[106.93988938900013,-6.259810861999908,0],[106.93958928200007,-6.25973646899997,0],[106.93936329800003,-6.259718280999975,0],[106.93931386000011,-6.259728679999947,0],[106.93903655000008,-6.259786997999976,0],[106.93882687500005,-6.259825003999923,0],[106.93841744800001,-6.259926393999963,0],[106.93806394800008,-6.2601231869999925,0],[106.93788139100008,-6.2601892459999515,0],[106.93764916200004,-6.260270858999954,0],[106.9374812990001,-6.260320608999985,0],[106.93719832300005,-6.260300613999929,0],[106.9370563150001,-6.260253671999953,0],[106.93701528800008,-6.2602002099999705,0],[106.93703271300011,-6.260047005999995,0],[106.93703931400003,-6.259921128999972,0],[106.93694607500004,-6.259696691999965,0],[106.93694339100009,-6.259689278999973,0],[106.93677993400006,-6.259237814999922,0],[106.93671571500008,-6.259125833999983,0],[106.93665520600004,-6.259020301999955,0],[106.93661448500005,-6.2589492989999425,0],[106.93654171800007,-6.258837049999981,0],[106.9365216900001,-6.25868341499997,0],[106.93657674800004,-6.258305110999933,0],[106.93671096700004,-6.258143610999982,0],[106.93689819800008,-6.257859931999958,0],[106.93693040400008,-6.2577238519999785,0],[106.9368116090001,-6.257520204999915,0],[106.93668634300005,-6.257303642999938,0],[106.93656679500002,-6.257187596999929,0],[106.93652439400006,-6.257158324999994,0],[106.93472554900008,-6.257237971999922,0],[106.93414787800006,-6.257258497999933,0],[106.93406359000002,-6.257244053999981,0],[106.93404415,-6.256534909000015,0],[106.93404352800005,-6.256488701999922,0],[106.9340398620001,-6.256216584999967,0],[106.93403860200009,-6.256082752999907,0],[106.9340334270001,-6.2555329699998925,0],[106.93402774600007,-6.254929211999942,0],[106.93402752600005,-6.254906247999907,0],[106.93403104900008,-6.254741188999928,0],[106.93405070005784,-6.253820316300056,0]]},"properties":{}},{"type":"Feature","geometry":{"bbox":[106.99294815300004,-6.249865068999975,106.99702700100002,-6.247320617999945],"type":"LineString","coordinates":[[106.99294815300004,-6.247320617999945,0],[106.99311837600001,-6.2474306419999,0],[106.99318848500003,-6.247502079999949,0],[106.99319920600004,-6.247541736999944,0],[106.99319921900003,-6.247533202999948,0],[106.99325171500003,-6.247696715999977,0],[106.99334073200002,-6.247765549999899,0],[106.99364793700003,-6.247917663999962,0],[106.99400093000011,-6.248107982999988,0],[106.99465470700002,-6.248498725999989,0],[106.99521785800009,-6.24883723099993,0],[106.9956270380001,-6.249070097999924,0],[106.99584538700005,-6.249188897999984,0],[106.99647781300006,-6.249573661999934,0],[106.99675758900011,-6.249754129999944,0],[106.9968669350001,-6.249806178999988,0],[106.99691918300007,-6.249825399999979,0],[106.99702700100002,-6.249865068999975,0]]},"properties":{}},{"type":"Feature","geometry":{"bbox":[106.99473772600005,-6.246382067999916,106.9974936730001,-6.245199214999923],"type":"LineString","coordinates":[[106.99473772600005,-6.245199214999923,0],[106.99502043300001,-6.245462687999963,0],[106.99507490300007,-6.245517430999962,0],[106.99509945500006,-6.245525998999961,0],[106.99551976800011,-6.245676970000018,0],[106.99572216000007,-6.2457310619999635,0],[106.99575123700008,-6.245743933999963,0],[106.9960414210001,-6.245829678999952,0],[106.99679100400004,-6.2459143319999395,0],[106.99712352700001,-6.2459840939999385,0],[106.99725681700004,-6.245998975999926,0],[106.99740813100003,-6.246015867999992,0],[106.9974936730001,-6.246019005999896,0],[106.99746509100004,-6.246382067999916,0]]},"properties":{}},{"type":"Feature","geometry":{"bbox":[107.03887189091046,-6.247099591700193,107.03898600945814,-6.2469642475321425],"type":"LineString","coordinates":[[107.03887189091046,-6.247099591700193,0],[107.03887884600003,-6.247081726999985,0],[107.03897030800005,-6.2469760129999425,0],[107.03898600945814,-6.2469642475321425,0]]},"properties":{}},{"type":"Feature","geometry":{"bbox":[107.03144641800004,-6.223042752171397,107.0314954434878,-6.2230342399999845],"type":"LineString","coordinates":[[107.0314954434878,-6.223042752171397,0],[107.03144641800004,-6.2230342399999845,0]]},"properties":{}},{"type":"Feature","geometry":{"bbox":[107.01080282900004,-6.172156264999932,107.0115122115746,-6.168253039513376],"type":"MultiLineString","coordinates":[[[107.01132928794316,-6.169172937464078,0],[107.0113498790001,-6.1690382739999645,0],[107.01141763300011,-6.16874719399995,0],[107.01150979,-6.16826569499999,0],[107.0115121200001,-6.168253517999959,0],[107.0115122115746,-6.168253039513376,0]],[[107.01103973314675,-6.170692245949054,0],[107.01118187500005,-6.170136974999922,0],[107.011291394655,-6.169420749437775,0]],[[107.01080282900004,-6.172156264999932,0],[107.01090444842004,-6.171494942621029,0]]]},"properties":{}},{"type":"Feature","geometry":{"bbox":[107.00270567800004,-6.317397893999958,107.01411666300005,-6.293045128999923],"type":"LineString","coordinates":[[107.00291224600008,-6.317397893999958,0],[107.00295574000003,-6.317246401999947,0],[107.0030316950001,-6.316856261999908,0],[107.0030415030001,-6.316537897999945,0],[107.00298754600009,-6.316494393999987,0],[107.00270567800004,-6.316364223999964,0],[107.0027226170001,-6.316285928999969,0],[107.00297251900008,-6.315488582999899,0],[107.00314785800003,-6.315380395000007,0],[107.00314494100006,-6.315293776999946,0],[107.00314674300003,-6.315268970999936,0],[107.00317163800004,-6.314926247999912,0],[107.00322190400003,-6.314528838999893,0],[107.00323276000003,-6.314273828999932,0],[107.00340531200001,-6.313565234999922,0],[107.00349355600012,-6.313022474999956,0],[107.00348601900004,-6.312871685999914,0],[107.00351728700004,-6.312515665999944,0],[107.0036028220001,-6.3122199119998985,0],[107.00403032000013,-6.311091350999957,0],[107.0042758750001,-6.310400286999977,0],[107.00487052100002,-6.308970522999983,0],[107.00553075600001,-6.307916855999933,0],[107.00569700900009,-6.307643464999961,0],[107.00582977800006,-6.307389241999976,0],[107.005874211,-6.307287244999975,0],[107.00596190000007,-6.307260751999914,0],[107.0061845270001,-6.307182569999929,0],[107.00622401400008,-6.307168702999936,0],[107.0062595680001,-6.307032168000008,0],[107.00628906000006,-6.306832270999989,0],[107.00630234400009,-6.30651096499996,0],[107.00623412500003,-6.306313532999967,0],[107.00624064400004,-6.3061007519999475,0],[107.00633878500008,-6.3058953839999194,0],[107.00644595000007,-6.30564218199993,0],[107.006566594,-6.305242757999922,0],[107.0065794770001,-6.3052000899999445,0],[107.00663759500011,-6.305007676999923,0],[107.00701547900012,-6.304292570999996,0],[107.00710735200008,-6.304198185000002,0],[107.00746436400004,-6.303788727999963,0],[107.00748241200003,-6.303552440999953,0],[107.00755303700001,-6.303374554999978,0],[107.00759111900005,-6.303216374999947,0],[107.00763115200007,-6.302745685999993,0],[107.00772897200008,-6.302628456999974,0],[107.0081157160001,-6.302359089999891,0],[107.00832471100009,-6.302063890999891,0],[107.00865030000003,-6.301855367999957,0],[107.0087155910001,-6.301796550999976,0],[107.00873686800008,-6.3017773839999,0],[107.00891052400006,-6.301517181999953,0],[107.00899373300011,-6.3014586029999915,0],[107.00927240100008,-6.301330100000017,0],[107.00945623300001,-6.301326470999895,0],[107.00958911700008,-6.301302398999946,0],[107.00982118800009,-6.30103539899997,0],[107.00996395400009,-6.300991940999927,0],[107.01010820800003,-6.300926725999949,0],[107.01009536100013,-6.30076977399993,0],[107.01022587900009,-6.300490507999916,0],[107.01019537100005,-6.300411989999903,0],[107.01029776000009,-6.300244846999929,0],[107.01045112200008,-6.300076595999952,0],[107.01058052000003,-6.299968601999987,0],[107.01087282800006,-6.299724658999965,0],[107.01129334200004,-6.29938944299994,0],[107.01132666200004,-6.299362879999963,0],[107.01143585100002,-6.29938992499998,0],[107.01150624000007,-6.299296505999978,0],[107.01169710000005,-6.299133253999971,0],[107.01198194000008,-6.298991336999952,0],[107.0123031560001,-6.298617221999995,0],[107.01241116300007,-6.298543746999956,0],[107.01253253800007,-6.298520668,0],[107.012705607,-6.298270648000008,0],[107.01286606700005,-6.298029056999914,0],[107.01360341100003,-6.2971394159999345,0],[107.01376664700004,-6.296748388999999,0],[107.01376566800005,-6.296604563999912,0],[107.01386590400008,-6.296509881999983,0],[107.01406109400007,-6.296293615999941,0],[107.0140979370001,-6.296105227999897,0],[107.0140506380001,-6.2959436619999405,0],[107.01396929400002,-6.295430760999958,0],[107.01401790700005,-6.295311895999893,0],[107.01411666300005,-6.295116957999928,0],[107.01409901600002,-6.294905725999948,0],[107.01385494000007,-6.2941898469999575,0],[107.01381474800012,-6.293816302999959,0],[107.01372974400002,-6.293685268999953,0],[107.01363170000008,-6.293640442999974,0],[107.01330400600004,-6.293511863999994,0],[107.0132691860001,-6.293498201999929,0],[107.01334240100003,-6.293111537,0],[107.0133035910001,-6.293045128999923,0]]},"properties":{}},{"type":"Feature","geometry":{"bbox":[106.99566291700005,-6.294961862999974,106.99928374600006,-6.284992152999928],"type":"LineString","coordinates":[[106.99655538399999,-6.294961862999974,0],[106.99652883200011,-6.294873047999909,0],[106.99639952000007,-6.294235459999912,0],[106.9963322030001,-6.2940051399999515,0],[106.99629008700008,-6.293775147999929,0],[106.9961788290001,-6.293213513999911,0],[106.99609212400013,-6.292981279999969,0],[106.99603549700005,-6.292950123999967,0],[106.99588644000006,-6.292938624999993,0],[106.99581996400008,-6.292902497999934,0],[106.99581043300009,-6.292822550999981,0],[106.99583854400001,-6.2924111849999615,0],[106.99586890500004,-6.291919094000013,0],[106.99578822300002,-6.2918045019999465,0],[106.99575551400007,-6.291707121999972,0],[106.99573592500005,-6.291572307999919,0],[106.99567929400007,-6.291182456999904,0],[106.99566291700005,-6.29095866899995,0],[106.9956946920001,-6.290877468999982,0],[106.99583456600004,-6.290649195999924,0],[106.9960521350001,-6.290257484999932,0],[106.9962034790001,-6.289989949000001,0],[106.99638877900007,-6.2897064349999905,0],[106.99655381100004,-6.2894317039999965,0],[106.99656994500005,-6.289407205000012,0],[106.99673954200004,-6.2891498069999425,0],[106.99689892700009,-6.2889039379999385,0],[106.99729808900007,-6.288249556999974,0],[106.99744512600007,-6.288009276999988,0],[106.99773941900008,-6.287519893999997,0],[106.99795969200001,-6.287150610999996,0],[106.998103482,-6.2869095479999455,0],[106.99823516700008,-6.286674047,0],[106.99836466200013,-6.286463397999979,0],[106.99857720000004,-6.286151074999983,0],[106.99891378700009,-6.2856075109999505,0],[106.99907035300008,-6.285340569999979,0],[106.99914539000007,-6.285212626999963,0],[106.99925791800005,-6.285033314999959,0],[106.99928374600006,-6.284992152999928,0]]},"properties":{}},{"type":"Feature","geometry":{"bbox":[106.95518171500002,-6.270184693999996,106.95652559300002,-6.257081906999888],"type":"LineString","coordinates":[[106.95631257400007,-6.270184693999996,0],[106.95631620100002,-6.269536283999992,0],[106.95629159700012,-6.269320167999963,0],[106.95626295300005,-6.26926133599998,0],[106.95616305300004,-6.269056124999965,0],[106.9561047180001,-6.268730466999932,0],[106.95607185800004,-6.268597568999949,0],[106.95592930300006,-6.26850145199999,0],[106.95584298600004,-6.268440040999971,0],[106.95580420000002,-6.268309786999941,0],[106.95588132100009,-6.268061267999984,0],[106.95610694300011,-6.267482476999968,0],[106.95613777500009,-6.266979028999968,0],[106.95612572000006,-6.266833096999973,0],[106.9560691950001,-6.266772253999912,0],[106.95579488900005,-6.266593892999898,0],[106.95565773900007,-6.266456790999923,0],[106.95554302500008,-6.266274219000005,0],[106.9554359480001,-6.265951481999947,0],[106.95540759500007,-6.2658276439999145,0],[106.95529484200006,-6.265363416999962,0],[106.95518171500002,-6.2649686539999845,0],[106.95531590100003,-6.26396729999991,0],[106.95548250100005,-6.2635498499999205,0],[106.95551297600008,-6.263343473999987,0],[106.9555208080001,-6.26280415499995,0],[106.95559396200012,-6.262696546999928,0],[106.95566146100002,-6.262603389999947,0],[106.95569043600003,-6.262358051999987,0],[106.95569106200007,-6.261863548999928,0],[106.95573273300006,-6.26168168699998,0],[106.95580900500006,-6.261431010999933,0],[106.95578338900008,-6.261137036999946,0],[106.95576565500002,-6.260933543999984,0],[106.95575812300002,-6.260528965999994,0],[106.95569259000011,-6.26011838499995,0],[106.95566803600012,-6.259723363999951,0],[106.95564390900007,-6.259487102999943,0],[106.95554417300009,-6.259206052999959,0],[106.95548626600001,-6.259025980999981,0],[106.95548712400007,-6.258999315999995,0],[106.95549006600005,-6.25890836099993,0],[106.95554735200008,-6.258831488999965,0],[106.95559840100013,-6.258758879999997,0],[106.95562718300003,-6.2585490109999515,0],[106.95565010900006,-6.2580546329999915,0],[106.955650458,-6.258048718999946,0],[106.95566432400008,-6.257812432999936,0],[106.95568443800006,-6.257672022999953,0],[106.95569261900002,-6.257614916999936,0],[106.95570780900003,-6.257401734999972,0],[106.9557708570001,-6.257154199999919,0],[106.95580776000004,-6.257092031999926,0],[106.95592740100008,-6.257103981999938,0],[106.9560949940001,-6.2570898050000086,0],[106.95623247900002,-6.257081906999888,0],[106.95635282900011,-6.257153225999927,0],[106.95644162800009,-6.257204826999933,0],[106.95652559300002,-6.2572199199999385,0]]},"properties":{}},{"type":"Feature","geometry":{"bbox":[106.97989735400007,-6.1976714199999545,106.9851275840001,-6.196781307999936],"type":"LineString","coordinates":[[106.97989735400007,-6.196781307999936,0],[106.98003655100004,-6.196898446999947,0],[106.98012913200006,-6.1969134169999425,0],[106.98101568800006,-6.1970427629999865,0],[106.98125196200006,-6.197077238999997,0],[106.98160627000007,-6.197129843999997,0],[106.98263234700005,-6.1972817559999545,0],[106.98299330300007,-6.197312509999923,0],[106.98327317900005,-6.197343069999965,0],[106.98504770700006,-6.197630754999965,0],[106.9851275840001,-6.1976714199999545,0]]},"properties":{}},{"type":"Feature","geometry":{"bbox":[106.92196935500004,-6.380134957999887,106.92725417700007,-6.375000013999925],"type":"LineString","coordinates":[[106.92196935500004,-6.380134957999887,57.64870000000519],[106.9221921500001,-6.379998409999958,57.42149999999674],[106.92233416000003,-6.379914917999978,57.42149999999674],[106.92276701600005,-6.379692443999955,57.42149999999674],[106.92313624700006,-6.379537474999923,57.42149999999674],[106.92338816500002,-6.3794771149999026,57.25990000000456],[106.92363335400006,-6.379415659999969,57.243700000006356],[106.92389416500006,-6.379336208999968,57.19520000000193],[106.9241704350001,-6.379195039000011,57.19520000000193],[106.924408687,-6.379076432999968,57.19520000000193],[106.92459037700011,-6.378939295999901,57.19520000000193],[106.9247963330001,-6.378799789999993,57.19520000000193],[106.92494828300006,-6.378638903999915,57.19520000000193],[106.92499833800011,-6.378427523999923,57.19520000000193],[106.92507618300007,-6.378228381999966,57.12859999999637],[106.92528655500007,-6.378034900999944,56.63969999999972],[106.92544801400001,-6.377944889999958,56.23979999999574],[106.92562028400006,-6.377862549999984,55.75089999999909],[106.92580319600009,-6.3777431649999645,55.17320000000473],[106.92594908600009,-6.377610048999964,55.017699999996694],[106.92607481900009,-6.377444640999956,54.773199999995995],[106.92620643300006,-6.377203671999913,54.63989999999467],[106.92630261500003,-6.376965917999959,54.50659999999334],[106.92640053300005,-6.37677902399995,54.128899999996065],[106.9265353200001,-6.376562706999993,53.973299999997835],[106.92666863500003,-6.37636335799993,53.68450000000303],[106.92679435100004,-6.376193320999983,53.26230000000214],[106.92691700200005,-6.376027914999975,53.129000000000815],[106.92707782300005,-6.375769884999942,53.10670000000391],[106.92718641500005,-6.375552119999954,52.99559999999474],[106.92724870400006,-6.37531603899996,52.7957000000024],[106.92725417700007,-6.37513103599993,52.61789999999746],[106.92724023400007,-6.375000013999925,52.56680000000051]]},"properties":{}},{"type":"Feature","geometry":{"bbox":[106.97698603200006,-6.18331536099989,106.98394633200006,-6.18311559299997],"type":"LineString","coordinates":[[106.97698603200006,-6.18331536099989,0],[106.97714974600011,-6.183292528999955,0],[106.97723356700003,-6.183233369999945,0],[106.97735154500002,-6.1831355959999375,0],[106.97747673900007,-6.183119904999971,0],[106.97790901200004,-6.18311559299997,0],[106.97970276200004,-6.183124163999969,0],[106.98091383200006,-6.1831381659999725,0],[106.98136474900006,-6.18314338299996,0],[106.98149414400002,-6.183144880999995,0],[106.98192836900007,-6.183145927999904,0],[106.98330011500006,-6.183149253999913,0],[106.98350423100007,-6.1831518189999475,0],[106.98394633200006,-6.183157373999963,0]]},"properties":{}},{"type":"Feature","geometry":{"bbox":[106.99928374600006,-6.286728356999964,107.00318995700005,-6.284992152999928],"type":"LineString","coordinates":[[106.99928374600006,-6.284992152999928,0],[106.9995021500001,-6.285122680999981,0],[106.99972927000006,-6.285254919999909,0],[106.99999903800008,-6.285419751999958,0],[107.00011466700006,-6.285490404999942,0],[107.00022231700008,-6.2855596529999875,0],[107.00025352400009,-6.285576114000017,0],[107.00093261600006,-6.285849413999893,0],[107.00138212800003,-6.2859121539999325,0],[107.00155784500001,-6.285949498000003,0],[107.00178065700005,-6.286003901999974,0],[107.00188602400007,-6.286062244999917,0],[107.0025820160001,-6.286447611000005,0],[107.00302981100003,-6.286689435999941,0],[107.00311250700013,-6.286709533000005,0],[107.00318995700005,-6.286728356999964,0]]},"properties":{}},{"type":"Feature","geometry":{"bbox":[107.02387028100007,-6.303431867999924,107.02640814500009,-6.303025034999925],"type":"LineString","coordinates":[[107.02387028100007,-6.303159228999926,0],[107.02390912700008,-6.303164619999928,0],[107.02424026600004,-6.303231311999939,0],[107.02454782900008,-6.3032789369999715,0],[107.024738917,-6.303250105999984,0],[107.02489059800011,-6.303227221999956,0],[107.02492648600007,-6.303296831999942,0],[107.02505481700011,-6.303385347999983,0],[107.02524863700008,-6.303431867999924,0],[107.02535964700012,-6.303385356999984,0],[107.02571641700006,-6.303099713999886,0],[107.02616444000009,-6.3030294719999365,0],[107.02640814500009,-6.303025034999925,0]]},"properties":{}},{"type":"Feature","geometry":{"bbox":[107.01819346200004,-6.199974632000009,107.0198860400001,-6.1938044416896805],"type":"LineString","coordinates":[[107.01819346200004,-6.199974632000009,0],[107.01823319500004,-6.199934827999913,0],[107.01851693500006,-6.199739976999956,0],[107.01871830400003,-6.199603797999968,0],[107.01885519400008,-6.1994356700000015,0],[107.01896780300007,-6.199296483999943,0],[107.01918176700009,-6.199187179999958,0],[107.01970841600006,-6.198935811999943,0],[107.01974867000011,-6.198871622999961,0],[107.01973579400001,-6.198837398999972,0],[107.01957284700003,-6.198413330999967,0],[107.01957479100011,-6.198176293999984,0],[107.01973260900012,-6.1975208099999275,0],[107.01985709200002,-6.196903006999969,0],[107.0198860400001,-6.196440978999933,0],[107.01986468200002,-6.1964140830000165,0],[107.01946799200006,-6.196202150999978,0],[107.01945730600006,-6.196159401999994,0],[107.01942018400011,-6.195609948999918,0],[107.01919304900005,-6.19557408099997,0],[107.01915568700007,-6.195486437999913,0],[107.01916962900007,-6.195425377999923,0],[107.01922069900003,-6.195240851999932,0],[107.01927797800006,-6.194845390999985,0],[107.01926969000009,-6.194290637999915,0],[107.0191817950001,-6.19397046099998,0],[107.0191474520001,-6.193804937999962,0],[107.01914734903988,-6.1938044416896805,0]]},"properties":{}},{"type":"Feature","geometry":{"bbox":[106.96668083523382,-6.201708107999908,106.97018756800013,-6.19956179738738],"type":"LineString","coordinates":[[106.96668083523382,-6.19956179738738,0],[106.96684971500008,-6.199671356999962,0],[106.9669379190001,-6.199757939999932,0],[106.96720124300003,-6.200152850999922,0],[106.967295414,-6.200272411999956,0],[106.96745749800002,-6.200390518999958,0],[106.96809052100008,-6.200858073999919,0],[106.968337659,-6.2010706230000086,0],[106.96865514900007,-6.201147774999997,0],[106.96924833800004,-6.201288019999966,0],[106.96934532000007,-6.201400337999933,0],[106.96943341600007,-6.201457718999974,0],[106.96959920100002,-6.201479867999941,0],[106.97011301600008,-6.201566269999985,0],[106.97018756800013,-6.201708107999908,0]]},"properties":{}},{"type":"Feature","geometry":{"bbox":[106.935224894,-6.2941568719999825,106.93535665100008,-6.29187002799995],"type":"LineString","coordinates":[[106.93530878000011,-6.2941568719999825,0],[106.93535665100008,-6.294137110999946,0],[106.93532873000007,-6.293897958999965,0],[106.93528334100004,-6.2936533739999785,0],[106.935287192,-6.293241254999986,0],[106.935224894,-6.292710091999913,0],[106.93527272800006,-6.29187002799995,0]]},"properties":{}},{"type":"Feature","geometry":{"bbox":[106.99172372500009,-6.232908471999947,106.99969976300011,-6.21304785999998],"type":"LineString","coordinates":[[106.99172372500009,-6.21304785999998,0],[106.99175274400008,-6.213072214999952,0],[106.99195089700005,-6.213218219999954,0],[106.99215192700007,-6.213331919999947,0],[106.99237151400003,-6.213474552999935,0],[106.99242611400011,-6.213536259999978,0],[106.99251734100002,-6.213610963999942,0],[106.99278371700004,-6.213801870999928,0],[106.99296309400005,-6.213956724999951,0],[106.99336461900005,-6.214271876999915,0],[106.99363705300003,-6.214478336999944,0],[106.99368978400013,-6.2145234869999495,0],[106.99374037500004,-6.214566800999892,0],[106.9938246830001,-6.214638981999913,0],[106.993881575,-6.214736254999968,0],[106.99420815900002,-6.2155972409999745,0],[106.99443161200004,-6.216182869999935,0],[106.99446363500003,-6.216277822999887,0],[106.99472768200012,-6.217060848999926,0],[106.99500743600008,-6.21789043099991,0],[106.99511189200011,-6.218478261999964,0],[106.99523968300011,-6.219247779999952,0],[106.99526179300008,-6.2193469559999865,0],[106.9953370750001,-6.219684555999942,0],[106.99544967600008,-6.2199117699999125,0],[106.995838512,-6.220657418999968,0],[106.99637500700008,-6.221812619999982,0],[106.99639750700008,-6.221880765999936,0],[106.99685908800008,-6.223278895999977,0],[106.99702754000008,-6.223795096999966,0],[106.99724985300008,-6.224401863999988,0],[106.9973617590001,-6.224690656999902,0],[106.99742800100007,-6.2248779589999454,0],[106.9975591450001,-6.225232206999946,0],[106.99769499100005,-6.22558541599995,0],[106.99789488500006,-6.226132867999949,0],[106.99799414700003,-6.226410606999925,0],[106.99808602700007,-6.226735693,0],[106.99865694800006,-6.228435449999951,0],[106.99877386100006,-6.228719403999909,0],[106.99878269300008,-6.228749449999997,0],[106.99884399100009,-6.229007450999939,0],[106.99887171500006,-6.229071336999896,0],[106.99909867800002,-6.229658844999923,0],[106.99922113000011,-6.230009842999921,0],[106.99928301800009,-6.230187214999942,0],[106.99954762500003,-6.230945677999992,0],[106.99969976300011,-6.231434308999921,0],[106.9996879400001,-6.23162610099998,0],[106.99954786900005,-6.23238418099991,0],[106.99944212900002,-6.23272972499999,0],[106.99943068700004,-6.232802519999973,0],[106.99943071900005,-6.232810837999951,0],[106.99943324300008,-6.232854793999946,0],[106.99943479300003,-6.232908471999947,0]]},"properties":{}},{"type":"Feature","geometry":{"bbox":[107.00376632800004,-6.2221287269999355,107.01803696100005,-6.20587695999996],"type":"LineString","coordinates":[[107.00376632800004,-6.2221287269999355,0],[107.00436097200013,-6.221385810999928,0],[107.0051410670001,-6.22038298199991,0],[107.00532761000008,-6.2203081759999375,0],[107.00573739700006,-6.220133451999958,0],[107.00775619900011,-6.219138872,0],[107.00817022500009,-6.218963000999926,0],[107.00854544600006,-6.2187503549999175,0],[107.00858883100008,-6.2187487889999655,0],[107.0087264210001,-6.218703603999957,0],[107.00908840800012,-6.218513039999911,0],[107.00907472800006,-6.218472019999981,0],[107.00904937500009,-6.21842119899995,0],[107.00897825100007,-6.218278642999968,0],[107.00857561700006,-6.217471565999981,0],[107.00794723900012,-6.216097213999953,0],[107.00751402600007,-6.215189048999951,0],[107.00757039800003,-6.2151508539999885,0],[107.0077699330001,-6.215150819999986,0],[107.00968281300001,-6.215174044999953,0],[107.01000104700005,-6.215124123999908,0],[107.01019312500004,-6.215013611000002,0],[107.01022863900005,-6.2149186019999565,0],[107.01021063300007,-6.21471850800001,0],[107.01021369100006,-6.212449288999926,0],[107.01025972500005,-6.212305690999946,0],[107.01026367200011,-6.212188805999956,0],[107.01034131400004,-6.212063783999914,0],[107.01134688800003,-6.211896964999967,0],[107.01138518700009,-6.21097239099994,0],[107.01133241100007,-6.210413329999957,0],[107.01118836900005,-6.209445953999941,0],[107.01109776600002,-6.209069496999968,0],[107.01104474400007,-6.208785718999936,0],[107.01115083600006,-6.208094799999968,0],[107.01119341100012,-6.207529914999947,0],[107.01123528000004,-6.207214928999997,0],[107.011392695,-6.206452763999907,0],[107.01160362200004,-6.205891677999935,0],[107.01161930400009,-6.205884394999954,0],[107.01171315600004,-6.20587695999996,0],[107.01292869100008,-6.206019323999927,0],[107.01399296000002,-6.206246646999906,0],[107.01456701800001,-6.206460518999927,0],[107.01527319800009,-6.206745940999918,0],[107.01740054800007,-6.207367389,0],[107.01803696100005,-6.207539087999995,0]]},"properties":{}},{"type":"Feature","geometry":{"bbox":[106.9983696370001,-6.197743862999998,107.000296479,-6.188108319999978],"type":"LineString","coordinates":[[106.9983696370001,-6.197567672999986,0],[106.99844239800008,-6.197573103999991,0],[106.99901320500005,-6.197682406999975,0],[106.99939515100003,-6.197743862999998,0],[106.9994228150001,-6.197686973999998,0],[106.99944806400006,-6.197588603999941,0],[106.99986305000003,-6.197667637999908,0],[106.99985731100008,-6.196774777999929,0],[106.99985654900011,-6.196387597999957,0],[106.99987429700006,-6.196269096000011,0],[106.99993035800009,-6.196215569999934,0],[106.99999883900007,-6.196197248000017,0],[107.00021201800003,-6.196140227999917,0],[107.00024557900005,-6.1961282669999935,0],[107.000296479,-6.196110120000002,0],[107.00027781300005,-6.195790605999944,0],[107.00027525400012,-6.195746676999951,0],[107.00026470900004,-6.195566189999939,0],[107.00022227000008,-6.195204336999931,0],[107.00021663200006,-6.195156232999947,0],[107.00013989800001,-6.194906226999956,0],[107.00013758400009,-6.194898695999955,0],[107.00011756400004,-6.1948193659999635,0],[107.00010951200008,-6.194787445999987,0],[107.00009927800004,-6.194746908999919,0],[107.00007411100007,-6.194432943999965,0],[107.00005646600005,-6.1943579619999785,0],[106.99999882900006,-6.194113085999968,0],[106.99999768300006,-6.194108222999921,0],[106.99991890700002,-6.193793655000006,0],[106.99986201100003,-6.193394887999963,0],[106.99981905700011,-6.193150422999986,0],[106.99966265600005,-6.192751840999959,0],[106.99951736300002,-6.192242059999968,0],[106.99951771700005,-6.191884755999981,0],[106.99955735100005,-6.191609484999942,0],[106.99959416900008,-6.1914284389999725,0],[106.99960172200008,-6.191265611999912,0],[106.99960762200003,-6.191138547999968,0],[106.99958193600013,-6.190935966999993,0],[106.99968553200009,-6.1903783359999505,0],[106.99959873500009,-6.189911901999993,0],[106.99956122900001,-6.189653022999979,0],[106.99953416700008,-6.189264874999926,0],[106.99951117700004,-6.188863954999972,0],[106.99950830600007,-6.188813816999909,0],[106.9995226140001,-6.188746163999996,0],[106.99964462500007,-6.188696341999959,0],[106.99971000900007,-6.188623994999924,0],[106.99979233700013,-6.188372818999925,0],[106.99981062400003,-6.18820542299993,0],[106.99982123400012,-6.188108319999978,0]]},"properties":{}},{"type":"Feature","geometry":{"bbox":[107.00079719000004,-6.3367818540000105,107.00346782300004,-6.334351264999986],"type":"LineString","coordinates":[[107.00079719000004,-6.3367818540000105,0],[107.00081489700008,-6.336586160999984,0],[107.0008900860001,-6.336412449999999,0],[107.00098577000001,-6.336236526999921,0],[107.00110403500013,-6.3359970139999096,0],[107.00114406700006,-6.335831024999942,0],[107.00128483700007,-6.335180313999926,0],[107.00132364000008,-6.3350542349999746,0],[107.00143471300004,-6.334951265999981,0],[107.00149786800002,-6.334892717999933,0],[107.00155726800006,-6.334779288999963,0],[107.00162028500003,-6.3347108869999875,0],[107.00183408600013,-6.334813145999922,0],[107.00197057200005,-6.334900919999901,0],[107.00199927800011,-6.334914333999945,0],[107.00206695800003,-6.334839206999947,0],[107.00209896300002,-6.334803678999938,0],[107.0021235620001,-6.334776371999988,0],[107.00222192300006,-6.334743978999972,0],[107.00250475700003,-6.334650842999993,0],[107.00270772400003,-6.334582026999984,0],[107.00289039900004,-6.334605560999977,0],[107.00301015400001,-6.334527907999947,0],[107.00306522800012,-6.334494822999963,0],[107.00320882100002,-6.334494485999935,0],[107.00335239400007,-6.334454169999974,0],[107.00346782300004,-6.334351264999986,0]]},"properties":{}},{"type":"Feature","geometry":{"bbox":[106.95952713700004,-6.24048267299994,106.96086605100007,-6.237184933999933],"type":"LineString","coordinates":[[106.96086605100007,-6.237184933999933,0],[106.96019110300008,-6.238823059999936,0],[106.96009697500003,-6.239116059999931,0],[106.96006070200004,-6.2392332129999435,0],[106.95971865400007,-6.239969215,0],[106.95952713700004,-6.24048267299994,0]]},"properties":{}},{"type":"Feature","geometry":{"bbox":[106.96010031100012,-6.212972392999953,106.96010037852646,-6.212971858626785],"type":"LineString","coordinates":[[106.96010031100012,-6.212972392999953,0],[106.96010037852646,-6.212971858626785,0]]},"properties":{}},{"type":"Feature","geometry":{"bbox":[107.02979841200002,-6.21249549999993,107.03130511800185,-6.206654277932737],"type":"LineString","coordinates":[[107.02979841200002,-6.21249549999993,0],[107.02983890700008,-6.212301340999941,0],[107.02987058100004,-6.212200207999922,0],[107.02994083000009,-6.212049835999915,0],[107.02995065100001,-6.212002976999946,0],[107.03011801300009,-6.211368890999973,0],[107.03026824100009,-6.210773510999916,0],[107.03027861700005,-6.210732389999977,0],[107.03063132800011,-6.209082705999906,0],[107.03098161700005,-6.207857318999947,0],[107.03119868800006,-6.2070363259999635,0],[107.03130511800185,-6.206654277932737,0]]},"properties":{}},{"type":"Feature","geometry":{"bbox":[106.99943479300003,-6.232908471999947,107.00691403700007,-6.226215343000023],"type":"LineString","coordinates":[[107.00691403700007,-6.226215343000023,0],[107.00686222400005,-6.226338720999928,0],[107.00672993600003,-6.226474546999976,0],[107.00602855500009,-6.2272394339999355,0],[107.00601559900008,-6.22725355999995,0],[107.00580061700005,-6.2274741229999915,0],[107.00535677400009,-6.227941536999941,0],[107.00479257000005,-6.228450183999927,0],[107.00478911800012,-6.228452375999931,0],[107.00475940800006,-6.228479492999954,0],[107.00418477000002,-6.2290126799999275,0],[107.00388535100004,-6.229323798999912,0],[107.00385652800004,-6.229353752999904,0],[107.00325911300008,-6.229967877000002,0],[107.0029146940001,-6.230291101000011,0],[107.00238784500003,-6.230791251000005,0],[107.00204006100003,-6.231068396999932,0],[107.00154582200008,-6.231479578999936,0],[107.00104515800004,-6.231842767999966,0],[107.00075802300009,-6.232029962999912,0],[107.00028853600006,-6.232314903999951,0],[106.99999942900003,-6.232505412999993,0],[106.99976792700006,-6.232657971000004,0],[106.99952274600011,-6.2328425649999115,0],[106.99943479300003,-6.232908471999947,0]]},"properties":{}},{"type":"Feature","geometry":{"bbox":[106.98211169000005,-6.248205864999916,106.9905538420001,-6.2438499259999265],"type":"LineString","coordinates":[[106.98211169000005,-6.247911473999983,0],[106.9821133130001,-6.24791788699998,0],[106.98222933800011,-6.247896474999985,0],[106.98234160000007,-6.247893004999964,0],[106.98255939500005,-6.24792014699999,0],[106.98310239700004,-6.247973646999975,0],[106.98329315400011,-6.24803296899991,0],[106.98332145600006,-6.248096762999948,0],[106.98333502300002,-6.248100672000005,0],[106.98339234800005,-6.248117162999948,0],[106.98403230300006,-6.24818327,0],[106.98407661800009,-6.248187848999935,0],[106.98441393800003,-6.24816095499993,0],[106.98447680900007,-6.248150916999988,0],[106.9845178840001,-6.248144360999978,0],[106.98495186800004,-6.248173009999951,0],[106.9851790700001,-6.248181554999947,0],[106.98632758300009,-6.2482045489999845,0],[106.9863932250001,-6.248205864999916,0],[106.9870523170001,-6.248123805999965,0],[106.98737623900008,-6.248039794999942,0],[106.98829018100011,-6.247828390999947,0],[106.98833323000012,-6.247818427999922,0],[106.98857844800007,-6.247791371999904,0],[106.98861938300008,-6.247781380999966,0],[106.9890885040001,-6.247666911999909,0],[106.99034389500004,-6.247367746999936,0],[106.99040246200009,-6.247339904999942,0],[106.99040546800008,-6.2473368739999575,0],[106.9904529990001,-6.2472890039999935,0],[106.99026780000005,-6.246362282999966,0],[106.99021203100006,-6.246164461999941,0],[106.99013392800008,-6.2458419349999,0],[106.99009446800001,-6.245520228999927,0],[106.99011068900002,-6.245176776999932,0],[106.99012651,-6.244763187999995,0],[106.99015359600011,-6.244519180999967,0],[106.99020577700007,-6.244288893000009,0],[106.99031630100006,-6.243916442999923,0],[106.9905538420001,-6.2438499259999265,0]]},"properties":{}},{"type":"Feature","geometry":{"bbox":[106.92533516900009,-6.272609776000008,106.92687579200002,-6.272472037999892],"type":"LineString","coordinates":[[106.92687579200002,-6.272609776000008,0],[106.9253975340001,-6.272477458999985,0],[106.92533516900009,-6.272472037999892,0]]},"properties":{}},{"type":"Feature","geometry":{"bbox":[106.99275046800004,-6.245012249999908,106.99333810500008,-6.237441558999938],"type":"LineString","coordinates":[[106.99333810500008,-6.237441558999938,0],[106.99330812000008,-6.237819218999922,0],[106.99324059600009,-6.238639479999934,0],[106.99322368300002,-6.238844916999968,0],[106.99311014600003,-6.2402431989999325,0],[106.99309623700013,-6.240435505999946,0],[106.99307967200009,-6.24064225099991,0],[106.99297304300006,-6.242027714999969,0],[106.9929628120001,-6.242179559000009,0],[106.99292177000008,-6.24275123199997,0],[106.99285092900008,-6.243694669999959,0],[106.99280945400002,-6.244245044999934,0],[106.99275046800004,-6.245012249999908,0]]},"properties":{}},{"type":"Feature","geometry":{"bbox":[106.99473772600005,-6.245932030999983,106.99859174200009,-6.245199214999923],"type":"LineString","coordinates":[[106.99473772600005,-6.245199214999923,0],[106.99491488400007,-6.245205802999935,0],[106.99512702100012,-6.245213695999967,0],[106.99515751100006,-6.245213272999932,0],[106.99541108800008,-6.245244767999962,0],[106.99577050500007,-6.245287605999954,0],[106.99614862500009,-6.245331067999908,0],[106.99671483200004,-6.2454540259999565,0],[106.996926908,-6.24547470299998,0],[106.99701468500007,-6.245483255999977,0],[106.99733144400008,-6.245555899999948,0],[106.99742007900004,-6.245576220999942,0],[106.99757354800003,-6.245677989999924,0],[106.99779515000007,-6.245835443999985,0],[106.99831078800011,-6.24586722599995,0],[106.99847036000008,-6.245932030999983,0],[106.99859174200009,-6.245917193999999,0]]},"properties":{}},{"type":"Feature","geometry":{"bbox":[106.97698603200006,-6.18331536099989,106.97736305266692,-6.172130694105908],"type":"LineString","coordinates":[[106.97698603200006,-6.18331536099989,0],[106.97699968800003,-6.183173421999959,0],[106.9769993720001,-6.183088283999931,0],[106.97711400400007,-6.182916783999952,0],[106.97711669800012,-6.18273249199998,0],[106.97711877900012,-6.182589862999992,0],[106.97712159600009,-6.1824363099999875,0],[106.9771368070001,-6.1816090139999265,0],[106.97715197200002,-6.180783635999935,0],[106.97716175200011,-6.180522578000007,0],[106.97719540700007,-6.179623761999979,0],[106.97721984100004,-6.1790221399999385,0],[106.97722763600007,-6.178639867999928,0],[106.9772528240001,-6.1774044349999375,0],[106.97725648600006,-6.177225085000019,0],[106.97729166200013,-6.1754238669999335,0],[106.97733348200003,-6.174358342999968,0],[106.97735166500011,-6.1738587619999326,0],[106.97736305100008,-6.172130945999969,0],[106.97736305266692,-6.172130694105908,0]]},"properties":{}},{"type":"Feature","geometry":{"bbox":[106.96533989900004,-6.207642937999973,106.96612930196721,-6.206964233489069],"type":"LineString","coordinates":[[106.96533989900004,-6.207642937999973,0],[106.96546915600007,-6.207529762000023,0],[106.96570872200009,-6.207378203999918,0],[106.96605848000007,-6.2070103819999485,0],[106.96612930196721,-6.206964233489069,0]]},"properties":{}},{"type":"Feature","geometry":{"bbox":[106.99294815300004,-6.247320617999945,106.99746509100004,-6.246352351999944],"type":"LineString","coordinates":[[106.99746509100004,-6.246382067999916,0],[106.99723199900002,-6.2463636149999875,0],[106.99717957800004,-6.2463582089998955,0],[106.99670285100002,-6.246352351999944,0],[106.99580101900001,-6.246481061999935,0],[106.99538064200006,-6.246585197999936,0],[106.99361995900003,-6.2469542049999145,0],[106.993351305,-6.247050124999946,0],[106.99296462800008,-6.247188188999912,0],[106.99294815300004,-6.247320617999945,0]]},"properties":{}},{"type":"Feature","geometry":{"bbox":[106.97457997100011,-6.204014717999977,106.97899666300006,-6.195530412999998],"type":"LineString","coordinates":[[106.97899666300006,-6.204014717999977,0],[106.97892096600002,-6.203929653999955,0],[106.97858598,-6.203553219999984,0],[106.978101715,-6.203043292999981,0],[106.97777352100012,-6.202748400999917,0],[106.97773972000007,-6.20271803199998,0],[106.97733381500005,-6.202326066999968,0],[106.97694022400009,-6.2018834169999355,0],[106.976938143,-6.201880205999936,0],[106.97667608300009,-6.20147472899996,0],[106.97642358400006,-6.200774101999988,0],[106.976278042,-6.200370241999968,0],[106.97616996200013,-6.200123555999896,0],[106.9760601730001,-6.199895870999976,0],[106.97581587100005,-6.1991953839999265,0],[106.97558680900002,-6.198538561999937,0],[106.9754664660001,-6.198193499999986,0],[106.97532620300004,-6.197785000999938,0],[106.97510026500008,-6.197018091999988,0],[106.97471047800008,-6.195939391999998,0],[106.97466279300004,-6.195804678999954,0],[106.97462484000009,-6.195697484999966,0],[106.97457997100011,-6.195530412999998,0]]},"properties":{}},{"type":"Feature","geometry":{"bbox":[107.00687953300006,-6.347649408999915,107.01208457500005,-6.327277375999911],"type":"LineString","coordinates":[[107.00883296800004,-6.347649408999915,0],[107.008901204,-6.347566240999962,0],[107.00902945900005,-6.3472962470000045,0],[107.00924437600005,-6.346530846999913,0],[107.00943015800007,-6.3458815439999245,0],[107.00953340900008,-6.345520679999909,0],[107.00967277100007,-6.345244205999949,0],[107.00974202700012,-6.34506305099997,0],[107.0097525640001,-6.3449301379998975,0],[107.0097708700001,-6.344699129999968,0],[107.00952435300005,-6.343811236999956,0],[107.00933474900008,-6.343574517999999,0],[107.00934950800006,-6.3434493179999425,0],[107.00936730600002,-6.343231421999944,0],[107.00942230200003,-6.343054479999958,0],[107.00955214200003,-6.3427950319999855,0],[107.00969445500009,-6.342606278999911,0],[107.00969827400004,-6.342582079999952,0],[107.00975978300008,-6.34219239299995,0],[107.0099714890001,-6.342172766999925,0],[107.0101627020001,-6.342104192999935,0],[107.01014194600008,-6.342006435000018,0],[107.01013982200007,-6.341934080999982,0],[107.01013836400004,-6.341884289999948,0],[107.0102131830001,-6.341827937999904,0],[107.01037529300002,-6.341683470999941,0],[107.01084311500009,-6.341253911999926,0],[107.01105415300006,-6.341010493999947,0],[107.011178048,-6.340758707999987,0],[107.01118518700007,-6.340719018999989,0],[107.01122892700003,-6.340475671999927,0],[107.01125022800002,-6.340345591999911,0],[107.01128579400003,-6.339921135999964,0],[107.01121709100003,-6.3397673039999365,0],[107.01115363000011,-6.339620474999956,0],[107.01121908200011,-6.339506813999966,0],[107.01145337200005,-6.339259472999929,0],[107.01158188500003,-6.33919448699997,0],[107.011871441,-6.33903585599999,0],[107.01200588300011,-6.338875556999961,0],[107.01208457500005,-6.338692602000011,0],[107.01205918400008,-6.3385086769999806,0],[107.01203549500008,-6.338397847999959,0],[107.01203195000005,-6.338306224999927,0],[107.01203064500002,-6.3382726249999894,0],[107.01199874200005,-6.33798672799996,0],[107.01162364600002,-6.33713441299996,0],[107.01149787600009,-6.336951282999996,0],[107.01142996000006,-6.336585116999986,0],[107.01143091100005,-6.336317416999952,0],[107.01147185700006,-6.33444041099999,0],[107.01138295200008,-6.3343964739999965,0],[107.01124737200006,-6.334414475999976,0],[107.01095654900006,-6.334420312999926,0],[107.01095563600008,-6.334420334999928,0],[107.01023160800013,-6.334373515999962,0],[107.00998285000006,-6.334372860999997,0],[107.0098330590001,-6.334583014999977,0],[107.00974744600003,-6.334628468999918,0],[107.00945229300004,-6.334678242999951,0],[107.00925682100002,-6.334647464999891,0],[107.00906754000009,-6.334516175999953,0],[107.00890665100009,-6.334319746999954,0],[107.00868281500004,-6.334066767999984,0],[107.00834361200005,-6.333778215999912,0],[107.00795871900009,-6.333257014999953,0],[107.00792287000006,-6.333127752999916,0],[107.00781279500009,-6.332976357999913,0],[107.00775094600004,-6.332904651000019,0],[107.0075392030001,-6.332659172999959,0],[107.00727876200006,-6.332455017999942,0],[107.0070281650001,-6.332296336999958,0],[107.00689808500009,-6.332124107000007,0],[107.00687953300006,-6.331971841999932,0],[107.00696362200009,-6.331838246999981,0],[107.00712356800008,-6.331632086999976,0],[107.00713525200008,-6.331606437999897,0],[107.0074906890001,-6.330826003999983,0],[107.00751274600005,-6.330788425999982,0],[107.00769944900013,-6.330470310999951,0],[107.00775475100009,-6.330473115999917,0],[107.00795469700002,-6.330518821999968,0],[107.00806865400004,-6.330465898999941,0],[107.00832483100001,-6.330177014999931,0],[107.00876430900004,-6.329581011999911,0],[107.0095400870001,-6.328409655999982,0],[107.01003742500004,-6.327277375999911,0]]},"properties":{}},{"type":"Feature","geometry":{"bbox":[106.95100103300007,-6.2500032209999485,106.96739458500005,-6.249464757999894],"type":"LineString","coordinates":[[106.96739458500005,-6.249464757999894,0],[106.96694694200005,-6.2494743709999785,0],[106.9651538250001,-6.2494768179999145,0],[106.96418689600003,-6.249484679999943,0],[106.96270773500004,-6.24950324999997,0],[106.96197376900005,-6.249515789999942,0],[106.9601839360001,-6.249634954999943,0],[106.95969328800001,-6.249672169999913,0],[106.95940998800002,-6.249688658999945,0],[106.95906355000005,-6.249714640999963,0],[106.95783034500006,-6.249806905999959,0],[106.95732015700013,-6.249835006999975,0],[106.95686902600002,-6.249859857999988,0],[106.95645409400005,-6.249893253999998,0],[106.95557602400005,-6.249941817000019,0],[106.95493236500009,-6.249978223000012,0],[106.95454415100004,-6.25000013499996,0],[106.95454407900012,-6.25000013899996,0],[106.95449091000008,-6.250003144999942,0],[106.95446318200008,-6.2500032209999485,0],[106.95442805600003,-6.25000014299996,0],[106.95384894000007,-6.249949412999937,0],[106.95345030800003,-6.249895581999924,0],[106.95256623700007,-6.2498565079999775,0],[106.95100103300007,-6.249887968999916,0]]},"properties":{}},{"type":"Feature","geometry":{"bbox":[106.96659866079581,-6.199167902517592,106.96736750613859,-6.19743161347847],"type":"MultiLineString","coordinates":[[[106.96659866506253,-6.197431668017687,0],[106.96659866079581,-6.19743161347847,0]],[[106.96709266405749,-6.199167902517592,0],[106.96724195500012,-6.198930553999952,0],[106.9673039560001,-6.198786860999965,0],[106.96736750613859,-6.198504731871017,0]]]},"properties":{}},{"type":"Feature","geometry":{"bbox":[106.99978815000004,-6.261469875999952,107.00723695200006,-6.258029506999955],"type":"LineString","coordinates":[[107.00032633500008,-6.261469875999952,0],[107.00031603900003,-6.261435306999934,0],[107.00026734100008,-6.26092263399997,0],[107.00031072800003,-6.26086132599996,0],[107.00035823700006,-6.260774352999958,0],[107.00037561700007,-6.260593036999966,0],[107.00031661400007,-6.260556265999943,0],[107.00012210200005,-6.260527696999889,0],[107.00006265900002,-6.260469998999911,0],[107.00002985100006,-6.26033175499993,0],[107.00004153600005,-6.260194813999968,0],[107.00009549600007,-6.260107879999969,0],[107.00027272199999,-6.259972062000012,0],[107.00041780500001,-6.259943771999891,0],[107.00077623300008,-6.259938219999965,0],[107.00082860300007,-6.259545133999948,0],[107.00079970500008,-6.259392001999979,0],[107.00079393200004,-6.2593614209999355,0],[107.00069075800012,-6.259200977999983,0],[107.0004394000001,-6.2591038889999435,0],[107.00002254800008,-6.2589136579999245,0],[106.99999968600005,-6.258884908999944,0],[106.9999949140001,-6.2588789109999805,0],[106.99985996500004,-6.258709249999976,0],[106.99978815000004,-6.258638832999923,0],[106.99986433600013,-6.258594567999991,0],[106.99999969800005,-6.2584980029999056,0],[107.00000960100007,-6.258490930999942,0],[107.00003292000005,-6.258474297999987,0],[107.00020516100008,-6.258365006999915,0],[107.00076092100007,-6.258056315999953,0],[107.00080920100007,-6.258029506999955,0],[107.00102912000006,-6.258106003999979,0],[107.00116581900008,-6.258139666000011,0],[107.00134759300002,-6.258204446999953,0],[107.00155611000004,-6.2582642429999265,0],[107.002061315,-6.258443069999979,0],[107.00216127400002,-6.258482729999974,0],[107.00228648700008,-6.258532410999999,0],[107.00253853000007,-6.258505746999925,0],[107.00261909900007,-6.2584809839999185,0],[107.00301478600004,-6.258359367999981,0],[107.00315081900001,-6.2583249009999715,0],[107.00330503300006,-6.258284342999991,0],[107.00341401000011,-6.258312287999994,0],[107.00334024000004,-6.258442729999951,0],[107.0033129820001,-6.258478336999966,0],[107.00316521200004,-6.258671351999949,0],[107.0031185500001,-6.258783563999907,0],[107.00315156600007,-6.2588292299999555,0],[107.00343573300005,-6.2590553049999205,0],[107.00347774300006,-6.259097273999929,0],[107.00347969200004,-6.2590992199999125,0],[107.00352370200004,-6.25913975299998,0],[107.00355392300006,-6.2590946149999755,0],[107.00395242500008,-6.258649480000004,0],[107.00403450900002,-6.258557781999967,0],[107.00411530500006,-6.258549879999935,0],[107.00435297500009,-6.258606860999942,0],[107.00565569400005,-6.2590578029999495,0],[107.00589378300003,-6.25913688699992,0],[107.0060792940001,-6.25919818799993,0],[107.00634899200013,-6.2593163239999345,0],[107.00638475000007,-6.259327687999898,0],[107.00642903600009,-6.259343275999944,0],[107.00723695200006,-6.259602179999961,0]]},"properties":{}},{"type":"Feature","geometry":{"bbox":[106.96335593455575,-6.210593635350962,106.96567271000004,-6.207537614999962],"type":"LineString","coordinates":[[106.96533989900004,-6.207642937999973,0],[106.96541543500007,-6.2076335259999045,0],[106.96566493700001,-6.207537614999962,0],[106.96567271000004,-6.207570214999995,0],[106.9655531080001,-6.2077995869999665,0],[106.96524378400008,-6.208254422999941,0],[106.96497825200005,-6.208693255999924,0],[106.96471746900005,-6.209109134999961,0],[106.96405120499999,-6.210135115999941,0],[106.96374070900006,-6.210427895999919,0],[106.96353835800001,-6.210576151999929,0],[106.96344030800007,-6.210587906999924,0],[106.96335593455575,-6.210593635350962,0]]},"properties":{}},{"type":"Feature","geometry":{"bbox":[106.99130004600002,-6.198580131000002,106.99338527700007,-6.17234760668474],"type":"LineString","coordinates":[[106.99130004600002,-6.198580131000002,0],[106.99132741200006,-6.198375975999985,0],[106.99137372500007,-6.1980305210000015,0],[106.99142381900005,-6.197874359999959,0],[106.991591896,-6.197605304999991,0],[106.99218557100001,-6.19711804899991,0],[106.992291788,-6.197011301999959,0],[106.9924013770001,-6.196777806999913,0],[106.99246927000004,-6.196458525999963,0],[106.99257862800003,-6.195944285999959,0],[106.99278100600007,-6.194885263999909,0],[106.9928960410001,-6.194290266999973,0],[106.99290022300008,-6.194196307999926,0],[106.99252713600004,-6.1938997409999015,0],[106.99243260000011,-6.193811395999964,0],[106.9923755670001,-6.1936902989999805,0],[106.99237600400005,-6.193667062999923,0],[106.99237748500008,-6.193587479,0],[106.99248128700006,-6.193407753999962,0],[106.99261828300011,-6.193123120999948,0],[106.9927437060001,-6.192876928000006,0],[106.99285183000008,-6.192676889999975,0],[106.99288941000007,-6.192522475999988,0],[106.99297517300006,-6.192239734999953,0],[106.99297233900009,-6.19221644699998,0],[106.99296824800011,-6.192182883999957,0],[106.9928843390001,-6.192126648999922,0],[106.99259174000005,-6.192084586999995,0],[106.99248842700011,-6.192059578999968,0],[106.99240927300005,-6.191984935999921,0],[106.99235682600006,-6.191862818999942,0],[106.99247461400003,-6.19178479699997,0],[106.99255865800006,-6.191732613999916,0],[106.9925654720001,-6.191687627999924,0],[106.99262027100009,-6.191326166999948,0],[106.99263886400004,-6.191247079999888,0],[106.99271429600006,-6.191191872999939,0],[106.9927685090001,-6.191131809999943,0],[106.99266248900004,-6.191030732999929,0],[106.99261224200005,-6.1909870559999565,0],[106.99261418000003,-6.190747383999932,0],[106.99261944000003,-6.190723766999932,0],[106.99269667900002,-6.190377030999931,0],[106.99281193500006,-6.19009136700001,0],[106.99297193100006,-6.18947674599996,0],[106.993154744,-6.188948325999936,0],[106.9931591910001,-6.188929738999908,0],[106.99328335700007,-6.188411004999976,0],[106.99338323200007,-6.187993746000002,0],[106.99338527700007,-6.187941807999968,0],[106.99324628700002,-6.187920694999908,0],[106.99311332400003,-6.187969851999979,0],[106.99301222100011,-6.188018590999926,0],[106.99292745100011,-6.187975765999935,0],[106.9925290310001,-6.187752125999994,0],[106.99233338700007,-6.187503331999926,0],[106.99230337500008,-6.187425574999976,0],[106.99212734600007,-6.186690488999906,0],[106.99211755200007,-6.186651413999959,0],[106.9920513580001,-6.186387297999955,0],[106.99192944300005,-6.185867108999991,0],[106.99185856500004,-6.1857633599999335,0],[106.99179447200007,-6.1856865179999705,0],[106.991781744,-6.185565968999944,0],[106.99187400800008,-6.185274903999931,0],[106.99193210100009,-6.185126957999946,0],[106.991949263,-6.185083244999971,0],[106.9919557680001,-6.184849196999968,0],[106.99199590200004,-6.18453255199997,0],[106.99199572300003,-6.184424369999901,0],[106.99199486700005,-6.183920641999967,0],[106.99198778900008,-6.183673408999939,0],[106.9922403340001,-6.18325633799998,0],[106.99245684500008,-6.182800805999948,0],[106.9924904100001,-6.18255381799994,0],[106.99286793300007,-6.182515063999931,0],[106.99302976100005,-6.182510270999979,0],[106.9931270210001,-6.182472820999989,0],[106.99314883000004,-6.18231670199995,0],[106.99316077800006,-6.182231175999979,0],[106.99311247000006,-6.181732960999968,0],[106.99272154400003,-6.179978885999963,0],[106.99252414500005,-6.178876276999949,0],[106.99247347400004,-6.178634298,0],[106.99233878200008,-6.1782448509999295,0],[106.99201095600004,-6.1773102119999574,0],[106.99162156400007,-6.176512338999933,0],[106.99152889900003,-6.17628282999995,0],[106.99147421800004,-6.174725950000008,0],[106.99146997500004,-6.174255422999979,0],[106.99132981100009,-6.172543295999981,0],[106.99132222600008,-6.172348085999905,0],[106.99132220736627,-6.17234760668474,0]]},"properties":{}},{"type":"Feature","geometry":{"bbox":[106.96336992911814,-6.210576554020923,106.96533989900004,-6.207642937999973],"type":"MultiLineString","coordinates":[[[106.96466198436717,-6.208513516258078,0],[106.96496953500012,-6.207967231999893,0],[106.96533989900004,-6.207642937999973,0]],[[106.96336992911814,-6.210576554020923,0],[106.96344328300005,-6.210491138999911,0],[106.96364851800007,-6.210228937999977,0],[106.96383816100004,-6.209981793999956,0],[106.96400695200006,-6.209715090000005,0],[106.96430529000006,-6.2091964019999875,0],[106.96449791266676,-6.20881810365818,0]]]},"properties":{}},{"type":"Feature","geometry":{"bbox":[106.97101918689182,-6.188573200236773,106.97143620100005,-6.184305968022256],"type":"MultiLineString","coordinates":[[[106.97124333213331,-6.187716409550996,0],[106.9712705360001,-6.187634126000001,0],[106.97127913700011,-6.187375919999953,0],[106.97123274400009,-6.187062784999979,0],[106.97121568700001,-6.186830802999969,0],[106.97124752700007,-6.1864569299999435,0],[106.97132965100012,-6.186010161999926,0],[106.97143620100005,-6.1843077459999325,0],[106.97143583864795,-6.184305968022256,0]],[[106.97114322743855,-6.187998195756743,0],[106.97114606400002,-6.187952143999935,0],[106.97115894649998,-6.187923432339241,0]],[[106.97101918689182,-6.188573200236773,0],[106.97104774000006,-6.188554079000001,0],[106.97106894258756,-6.188538875065801,0]]]},"properties":{}},{"type":"Feature","geometry":{"bbox":[106.96240616834918,-6.214148360337061,106.96322589672671,-6.210748932240621],"type":"MultiLineString","coordinates":[[[106.96311978596822,-6.210888974667521,0],[106.96318934500009,-6.210797171000008,0],[106.96322589672671,-6.210748932240621,0]],[[106.96240616834918,-6.214148360337061,0],[106.96243611000003,-6.214009523999968,0],[106.96273825000007,-6.2132724799999135,0],[106.96274358239194,-6.213183945289773,0]]]},"properties":{}},{"type":"Feature","geometry":{"bbox":[107.00376632800004,-6.226215343000023,107.00691403700007,-6.2221287269999355],"type":"LineString","coordinates":[[107.00691403700007,-6.226215343000023,0],[107.00666827900008,-6.22596364199998,0],[107.00639965700006,-6.225709649999926,0],[107.0058247800001,-6.225216950999927,0],[107.00582396400003,-6.225216248999958,0],[107.00538521900005,-6.2248170019999645,0],[107.00510875700009,-6.224551231000001,0],[107.00459815000004,-6.224120133999948,0],[107.00445356800006,-6.224006171999934,0],[107.00427115900007,-6.223665863999932,0],[107.00405483200011,-6.223262298999936,0],[107.00391893800006,-6.222966664999989,0],[107.00380674300001,-6.222530599999969,0],[107.0037755560001,-6.222220491999979,0],[107.00376632800004,-6.2221287269999355,0]]},"properties":{}},{"type":"Feature","geometry":{"bbox":[106.91372464400008,-6.2985726679999505,106.91372693663,-6.298572629284431],"type":"LineString","coordinates":[[106.91372693663,-6.298572629284431,0],[106.91372464400008,-6.2985726679999505,0]]},"properties":{}},{"type":"Feature","geometry":{"bbox":[106.96935290300016,-6.201708107999908,106.9709461369429,-6.188622949014581],"type":"MultiLineString","coordinates":[[[106.97062254732539,-6.189101941583212,0],[106.97087378300006,-6.188673025999984,0],[106.9709461369429,-6.188622949014581,0]],[[106.97030425885985,-6.189767823369989,0],[106.97033813900006,-6.189676893,0],[106.97050006000005,-6.189374159999909,0],[106.9705957876026,-6.189152474539787,0]],[[106.9697043459128,-6.191373517459324,0],[106.96974305900002,-6.1912558429999915,0],[106.96975198400006,-6.191228722999968,0],[106.96994174900003,-6.190797124999962,0],[106.97001834900007,-6.190546775999943,0],[106.97026848600007,-6.1898638389999245,0],[106.97027234089896,-6.1898534914251275,0]],[[106.96964225514232,-6.191589688163949,0],[106.96966778100001,-6.19151928799994,0],[106.96967074258015,-6.191486942529638,0]],[[106.9694602164622,-6.192459689775324,0],[106.96947502400005,-6.192384241999919,0],[106.96948343398734,-6.192341392317095,0]],[[106.96935290300016,-6.193732572131465,0],[106.96935294889279,-6.1937303246403825,0]],[[106.9695440906187,-6.194775668734069,0],[106.96946175400011,-6.1943781039999575,0],[106.96949152399999,-6.19421067999996,0],[106.96944451600011,-6.194051045999986,0],[106.9694421066616,-6.194043510753248,0]],[[106.97018756800013,-6.201708107999908,0],[106.97027187100008,-6.2010871209999525,0],[106.97027625200009,-6.2007509969999415,0],[106.97031946900002,-6.199551113999961,0],[106.97045731000006,-6.198635968999914,0],[106.97050993300006,-6.198217527999931,0],[106.97055944300007,-6.198028694999939,0],[106.97051425200006,-6.19782331599991,0],[106.97046629100001,-6.197599430999949,0],[106.97039397500006,-6.197173669999893,0],[106.97032891300009,-6.196984077999927,0],[106.97029736300006,-6.196810200999929,0],[106.9702753910001,-6.196283942999996,0],[106.97020109500009,-6.196139997999987,0],[106.97009328000004,-6.195910213999982,0],[106.9701121100001,-6.195815981999912,0],[106.97010452800001,-6.19568869499995,0],[106.97011510600008,-6.195449864999906,0],[106.96998603600005,-6.1952957249999425,0],[106.96988320800007,-6.195246174000017,0],[106.96976944600007,-6.195183399999975,0],[106.96975843800006,-6.195177320000004,0],[106.96958741400003,-6.194962137999964,0],[106.96958105100003,-6.194954132999923,0],[106.96958091218308,-6.194953462718049,0]]]},"properties":{}},{"type":"Feature","geometry":{"bbox":[106.9414285290001,-6.32758104299999,106.9417687470001,-6.325897522999961],"type":"LineString","coordinates":[[106.94175204000005,-6.32758104299999,0],[106.94176340300001,-6.32720951099998,0],[106.9417687470001,-6.326891035999919,0],[106.9416313520001,-6.326303732999998,0],[106.94151037200004,-6.326085434999966,0],[106.9414285290001,-6.325954572999974,0],[106.94143586200009,-6.325897522999961,0]]},"properties":{}},{"type":"Feature","geometry":{"bbox":[106.89818443600011,-6.397194595103565,106.89818518122993,-6.397193039999964],"type":"LineString","coordinates":[[106.89818518122993,-6.397194595103565,63.549199999994016],[106.89818443600011,-6.397193039999964,63.53500000000349]]},"properties":{}},{"type":"Feature","geometry":{"bbox":[106.99091111000008,-6.208457231999935,106.99270531200003,-6.202044973999891],"type":"LineString","coordinates":[[106.99091111000008,-6.202044973999891,0],[106.99093724100003,-6.202144940999991,0],[106.99107296400005,-6.202738724000005,0],[106.99100542400006,-6.203058247999975,0],[106.99099433700003,-6.203110716999964,0],[106.991100149,-6.203579260999918,0],[106.99129925600005,-6.203711105999991,0],[106.99148377100003,-6.203724705999962,0],[106.99164003300008,-6.203753844999975,0],[106.99170899800002,-6.203813914999971,0],[106.99173268600002,-6.203900925999976,0],[106.99176945800005,-6.203962093999975,0],[106.99190800100006,-6.204144243999947,0],[106.99193473400004,-6.204274665999991,0],[106.99187761700003,-6.204407998999921,0],[106.99183593400004,-6.204547637999928,0],[106.99182625300004,-6.204824994999962,0],[106.99187404800008,-6.204946640999902,0],[106.99194337100005,-6.20497227299998,0],[106.99215259600004,-6.205029483000006,0],[106.99228582700005,-6.205033474999981,0],[106.99258142400008,-6.205018041999947,0],[106.99269066600006,-6.205079054999933,0],[106.99270531200003,-6.205149364999977,0],[106.99267471200007,-6.20536277199996,0],[106.99263400200007,-6.2054244850000035,0],[106.99260074700008,-6.205462806999977,0],[106.9924720760001,-6.20565987599994,0],[106.99243920700003,-6.205772025999982,0],[106.99243932800005,-6.206078130999996,0],[106.99248777200006,-6.206634603999943,0],[106.99251228200005,-6.206973634999928,0],[106.9924990370001,-6.207525991999978,0],[106.99247995000003,-6.208322003999937,0],[106.99247670900003,-6.208457231999935,0]]},"properties":{}},{"type":"Feature","geometry":{"bbox":[106.93907745600009,-6.313386190999941,106.94070440900006,-6.307815565999901],"type":"LineString","coordinates":[[106.93907745600009,-6.313386190999941,0],[106.93910584200005,-6.313299642999974,0],[106.93916997800002,-6.31325521999994,0],[106.93927570200006,-6.313180245999954,0],[106.93931423000005,-6.313082548999953,0],[106.93936074900009,-6.3128716449999995,0],[106.93936694300007,-6.312843539999983,0],[106.93938981700009,-6.3127668309999425,0],[106.93942887500003,-6.3127146179999745,0],[106.93949543700003,-6.312644752999967,0],[106.93958506800008,-6.312438724999973,0],[106.93969096300005,-6.312392907999913,0],[106.93975184600002,-6.3122755889999755,0],[106.93974870600003,-6.312191807999971,0],[106.93974696700006,-6.312069360999965,0],[106.93977057300006,-6.311783790999963,0],[106.93975587600009,-6.311532592999962,0],[106.93959098600004,-6.311392011999965,0],[106.93954390100005,-6.311254119999925,0],[106.93953781100008,-6.310972393999974,0],[106.93962701900008,-6.310750119999968,0],[106.93975352600008,-6.310048681999929,0],[106.93970398300006,-6.3100248709999125,0],[106.9396099200001,-6.3099793289999635,0],[106.93942775100003,-6.309699433999986,0],[106.93942715200006,-6.309603934999901,0],[106.93950892500008,-6.309372285999919,0],[106.93964455600012,-6.309173110999959,0],[106.93972530900005,-6.308854218999953,0],[106.93995062200013,-6.308404569999963,0],[106.94007949400013,-6.308168893999914,0],[106.94025701100007,-6.307815565999901,0],[106.94039057900002,-6.307868330000003,0],[106.94070440900006,-6.307962861000009,0]]},"properties":{}},{"type":"Feature","geometry":{"bbox":[107.01803696100005,-6.207539087999995,107.01824658500009,-6.199974632000009],"type":"LineString","coordinates":[[107.01803696100005,-6.207539087999995,0],[107.01805189000005,-6.207393248999919,0],[107.01805703800002,-6.207342998999936,0],[107.01815171900004,-6.206514018999913,0],[107.01817665800007,-6.205305249999997,0],[107.01819597200007,-6.204687846999983,0],[107.01824658500009,-6.203070393999914,0],[107.01824646900008,-6.202854672999917,0],[107.01824620100005,-6.202352135999904,0],[107.01819231700003,-6.200134394999994,0],[107.01819346200004,-6.199974632000009,0]]},"properties":{}},{"type":"Feature","geometry":{"bbox":[106.91558033700007,-6.389578852999948,106.92195147400008,-6.380553031000018],"type":"LineString","coordinates":[[106.91558033700007,-6.389578852999948,60.96249999999418],[106.9156999900001,-6.389388224999985,60.741299999994226],[106.91584299900003,-6.389195982999977,60.741299999994226],[106.91598059100005,-6.388978462999921,60.741299999994226],[106.9160810850001,-6.388805011999958,60.741299999994226],[106.91617235100001,-6.388655564999938,60.741299999994226],[106.91637297700001,-6.388211489999966,60.741299999994226],[106.91644532400005,-6.387983562999937,60.741299999994226],[106.91655352500003,-6.387736867999953,60.741299999994226],[106.91668447500003,-6.387522039999942,60.741299999994226],[106.9168142710001,-6.387356472999921,60.741299999994226],[106.91698936600002,-6.38720404600001,60.722099999999045],[106.91730300900005,-6.387091045999986,60.722099999999045],[106.9175183280001,-6.387018358000011,60.722099999999045],[106.91811331000012,-6.386818318999891,60.722099999999045],[106.91842407900008,-6.386686134999968,60.722099999999045],[106.9188150130001,-6.386564438999935,60.722099999999045],[106.91909502800009,-6.3864493220000025,60.722099999999045],[106.91934578900005,-6.386342016999917,60.522200000006706],[106.91958887400008,-6.3862409159999896,60.2554999999993],[106.91980722400004,-6.386118315999971,60.2554999999993],[106.92001178500009,-6.386015813000016,60.2554999999993],[106.92024406800003,-6.385911667999926,60.23330000000715],[106.92027302700002,-6.3858252349999685,60.23330000000715],[106.92023087300001,-6.385678942999943,60.23330000000715],[106.92014394100009,-6.385506615999896,60.23330000000715],[106.92008184100011,-6.385381988999976,60.23330000000715],[106.9200365390001,-6.385215672999982,60.23330000000715],[106.92005748000004,-6.385046026999889,60.23330000000715],[106.92024182700003,-6.3848958069999835,60.23330000000715],[106.92046787600007,-6.384773187999963,60.23330000000715],[106.92055709099999,-6.3847312299999555,60.23330000000715],[106.92057688000003,-6.384664874999972,60.23330000000715],[106.92049337400005,-6.384585026999938,60.23330000000715],[106.92035595100005,-6.384509999999947,60.23330000000715],[106.92018577800009,-6.384396688999987,60.23330000000715],[106.92001278400008,-6.384285502999935,60.23330000000715],[106.91995165400009,-6.384195481999948,60.23330000000715],[106.91994518500007,-6.3840385509999305,60.23330000000715],[106.92009717200004,-6.38377508399998,60.23330000000715],[106.92029020200003,-6.383474186999953,59.75250000000233],[106.92045807500006,-6.38326363299994,59.75250000000233],[106.92066704200003,-6.38302938299992,59.75250000000233],[106.92071197200002,-6.382982129000007,59.75250000000233],[106.9208256420001,-6.3829620849999475,59.75250000000233],[106.92096669500005,-6.382922319999944,59.75250000000233],[106.92115260500006,-6.382815681999913,59.75250000000233],[106.92135000200005,-6.382634446999928,59.75250000000233],[106.92154541700006,-6.382447333999989,59.75250000000233],[106.92172932800008,-6.382330892999947,59.75250000000233],[106.92186613000004,-6.382202856999923,59.75250000000233],[106.92195147400008,-6.381949447999917,59.75250000000233],[106.92194667400013,-6.381714032999978,59.75250000000233],[106.92189902300001,-6.381557255999974,59.75250000000233],[106.9217477330001,-6.381481304999996,59.75250000000233],[106.92152986900001,-6.381433069000002,59.75250000000233],[106.92138260500009,-6.381384569999986,59.75250000000233],[106.92127832300007,-6.381292747999938,59.75250000000233],[106.9212817630001,-6.38116324699997,59.75250000000233],[106.92134771600004,-6.380968768999955,59.55460000000312],[106.92146058900005,-6.3807348769999646,59.1021000000037],[106.92163997300007,-6.380553031000018,57.64870000000519]]},"properties":{}},{"type":"Feature","geometry":{"bbox":[107.0133035910001,-6.293045128999923,107.02693667137093,-6.278846209868442],"type":"MultiLineString","coordinates":[[[107.02533135660262,-6.278947085331447,0],[107.0254485620001,-6.278966668999912,0],[107.02616125100009,-6.27905156899992,0],[107.02670422300007,-6.27920829299992,0],[107.02676621200006,-6.279173046999935,0],[107.026793528,-6.279155130999962,0],[107.0268880870001,-6.279007619000014,0],[107.02693667137093,-6.278846209868442,0]],[[107.0133035910001,-6.293045128999923,0],[107.01330587000011,-6.293003432999937,0],[107.0133562020001,-6.292788873999948,0],[107.01346959500007,-6.292495317999995,0],[107.01365198200006,-6.292119568999992,0],[107.01367441300005,-6.292085931999962,0],[107.01369332900002,-6.292098733999955,0],[107.0137061650001,-6.292107416999963,0],[107.01388371500005,-6.292162623000001,0],[107.01464026400004,-6.292322229999973,0],[107.01500617600001,-6.29237550499994,0],[107.01508828500006,-6.29232063699993,0],[107.01510490800011,-6.292230852999962,0],[107.01512683800006,-6.291841935000024,0],[107.01523833100005,-6.291520034999946,0],[107.01539196800006,-6.291271481999987,0],[107.01540043000004,-6.29125649599999,0],[107.01549255900002,-6.2910933809999054,0],[107.01560742600012,-6.29073514199993,0],[107.01576979900005,-6.290233034999952,0],[107.01585533200003,-6.290074826999918,0],[107.01611056400009,-6.289737933999932,0],[107.01631483400003,-6.289468328999918,0],[107.01632567500003,-6.289454011999977,0],[107.01703835600003,-6.288320701999998,0],[107.01737605699999,-6.2876478169999235,0],[107.01747727900002,-6.287446125999933,0],[107.01783227400009,-6.286919028999931,0],[107.01814957700005,-6.2864910459999574,0],[107.01835339400013,-6.286200350999975,0],[107.01857278900007,-6.285872808999963,0],[107.01897047900012,-6.2852791069999565,0],[107.01970549600009,-6.284230556999974,0],[107.01974162800006,-6.284171950999921,0],[107.01978489700008,-6.284106238999902,0],[107.0199720030001,-6.283822062999926,0],[107.02073224400004,-6.282748109999973,0],[107.02111145900007,-6.282207521000009,0],[107.02129634000009,-6.281941434999931,0],[107.02154246300002,-6.2815872280000224,0],[107.02216556100007,-6.28066950399994,0],[107.02244362100006,-6.280345261000024,0],[107.02248429419332,-6.280324318543455,0]]]},"properties":{}},{"type":"Feature","geometry":{"bbox":[106.91926057773276,-6.300690185147888,106.91926108500006,-6.300689326999935],"type":"LineString","coordinates":[[106.91926057773276,-6.300690185147888,0],[106.91926108500006,-6.300689326999935,0]]},"properties":{}},{"type":"Feature","geometry":{"bbox":[106.95711288990393,-6.218719806999966,106.95995058100007,-6.218050051077066],"type":"LineString","coordinates":[[106.95711288990393,-6.218050051077066,0],[106.95726810700009,-6.218136322999916,0],[106.95766015000001,-6.21849658599997,0],[106.95786002600003,-6.2185303819999245,0],[106.95802154900008,-6.2184929679999374,0],[106.95808645800011,-6.21847738499998,0],[106.95813318700007,-6.218466171999941,0],[106.95882544300007,-6.218521125999958,0],[106.95927593400003,-6.218555447999956,0],[106.95943591100004,-6.218590963999963,0],[106.95979326200003,-6.218670284999954,0],[106.95995058100007,-6.218719806999966,0]]},"properties":{}},{"type":"Feature","geometry":{"bbox":[107.02612545400005,-6.305831920999909,107.02640814500009,-6.303025034999925],"type":"LineString","coordinates":[[107.02612545400005,-6.305831920999909,0],[107.026229033,-6.305191050999996,0],[107.02625770000007,-6.305013669999974,0],[107.02628370900001,-6.304698248999989,0],[107.02628878400007,-6.304206597999988,0],[107.02628933600003,-6.304153201999922,0],[107.0263738420001,-6.303777802999948,0],[107.02638407100005,-6.303389403999963,0],[107.02640814500009,-6.303025034999925,0]]},"properties":{}},{"type":"Feature","geometry":{"bbox":[107.00242372200006,-6.176310067999983,107.01080282900004,-6.171775011999918],"type":"LineString","coordinates":[[107.01080282900004,-6.172156264999932,0],[107.01075807600007,-6.171775011999918,0],[107.01028771200005,-6.171803965000004,0],[107.0102046150001,-6.171837612999946,0],[107.0101799330001,-6.172246511999939,0],[107.0101658170001,-6.172335915999964,0],[107.01002745700002,-6.172401567999978,0],[107.00838621200002,-6.172443040999946,0],[107.00838003300004,-6.172443045999946,0],[107.00831750500002,-6.173152939999975,0],[107.00829979800007,-6.173255655999947,0],[107.00828030100006,-6.1732837289999605,0],[107.00807647200006,-6.173446725999947,0],[107.00807130300008,-6.173450858999933,0],[107.00775519300004,-6.173730065999942,0],[107.00736871600012,-6.1742282349999495,0],[107.00628081800008,-6.175334439999995,0],[107.00578629800002,-6.175837273999944,0],[107.00572010300004,-6.17590724599996,0],[107.00556094300002,-6.176060680999955,0],[107.00539830300006,-6.176218495999956,0],[107.004134105,-6.176288752999907,0],[107.00400789800004,-6.176293250999924,0],[107.00290605400009,-6.176310067999983,0],[107.00252030000006,-6.176269561999918,0],[107.00242372200006,-6.176259419999967,0]]},"properties":{}},{"type":"Feature","geometry":{"bbox":[106.92897493800007,-6.370344275999999,106.9573337530001,-6.250041136999888],"type":"LineString","coordinates":[[106.92897493800007,-6.370344275999999,0],[106.9290043280001,-6.3702358990000025,0],[106.92911012300006,-6.369816310000013,0],[106.92916445400003,-6.369571949999957,0],[106.9294980510001,-6.368683863999928,0],[106.92951104100011,-6.368430653999939,0],[106.92950009700009,-6.367939479999977,0],[106.92949814900001,-6.367616428999982,0],[106.92955102800003,-6.367430922999999,0],[106.92957613900008,-6.3674010659999265,0],[106.92961670800005,-6.367352842999933,0],[106.92978975600008,-6.367211641999974,0],[106.92987155900009,-6.367058946999952,0],[106.92994012300008,-6.366833628999961,0],[106.93001393700006,-6.36664242199995,0],[106.93022401300003,-6.366330032999949,0],[106.93034744900004,-6.3660851709999395,0],[106.93035273500003,-6.365855324999929,0],[106.93029807300003,-6.365713339999994,0],[106.93030338200003,-6.3656200509999135,0],[106.93037006600004,-6.365274022999971,0],[106.9301592950001,-6.364857859999999,0],[106.92998523000009,-6.364671232000012,0],[106.9299006640001,-6.364548569999988,0],[106.92989391600008,-6.364391775999893,0],[106.92990379200009,-6.36428499899994,0],[106.929922042,-6.364087688999957,0],[106.92999452200006,-6.363918963999941,0],[106.93013435700007,-6.363678144999911,0],[106.93012200500003,-6.3634534279999695,0],[106.93013164600004,-6.363046195999937,0],[106.9302323300001,-6.362858117000007,0],[106.9303289890001,-6.362797269999946,0],[106.93061479700003,-6.3626408119999684,0],[106.93088903500008,-6.362098700999967,0],[106.93087194900009,-6.361993082999932,0],[106.93077386300006,-6.361644930999903,0],[106.93077917400005,-6.361438392999956,0],[106.93078223100012,-6.361380997000003,0],[106.93080563900011,-6.360941120999934,0],[106.93075002300013,-6.360381165999966,0],[106.93075799300007,-6.360199598999953,0],[106.93077740200007,-6.359966318999925,0],[106.93086210200008,-6.359747549999943,0],[106.93102190100007,-6.359396119999909,0],[106.93109115400001,-6.359161920999982,0],[106.93110218700004,-6.358875971999948,0],[106.93117446600007,-6.358498531999983,0],[106.9312028460001,-6.35818720199998,0],[106.93129147300007,-6.358010866999956,0],[106.9313755220001,-6.357821239999987,0],[106.93136322600006,-6.357652586999977,0],[106.9313487910001,-6.357249703999949,0],[106.93133538300006,-6.3570399719999156,0],[106.93127158500002,-6.356778993999994,0],[106.93114516100005,-6.35622039699996,0],[106.93115676500011,-6.355905576999936,0],[106.93123764600006,-6.35543343499995,0],[106.93134934600006,-6.355347442999941,0],[106.93169297500008,-6.355146593999931,0],[106.93169658600002,-6.355063302999968,0],[106.93160949500009,-6.35457574099995,0],[106.93116097000011,-6.353907917999939,0],[106.930999705,-6.35366735599993,0],[106.93095173800003,-6.353493139999992,0],[106.93095321900006,-6.353216691999945,0],[106.93100044600006,-6.352930752000001,0],[106.931099498,-6.352397279999915,0],[106.93118078900007,-6.352231296999948,0],[106.93133170400003,-6.351996223999949,0],[106.93138657300004,-6.3519081219999425,0],[106.93158825000002,-6.351540288999972,0],[106.93162588800003,-6.3514819499999415,0],[106.93167109900013,-6.351416594999952,0],[106.93171436000007,-6.351286104999902,0],[106.93179828000008,-6.351175778999922,0],[106.93194818900005,-6.351114399999995,0],[106.93207891700003,-6.351085666999927,0],[106.93220741800009,-6.350806294999904,0],[106.93230551400003,-6.350579094999935,0],[106.93266623900004,-6.350209122999965,0],[106.93268326300003,-6.350191663999942,0],[106.9326980440001,-6.350169023999934,0],[106.93271042100005,-6.350129485999949,0],[106.93268955600011,-6.349974769999937,0],[106.93271284000008,-6.349782260999996,0],[106.9328118340001,-6.349340239999927,0],[106.932839625,-6.349229581000008,0],[106.93290711000007,-6.349178372999946,0],[106.93326997700008,-6.349145445999975,0],[106.93386180100002,-6.348967593999914,0],[106.93393924100003,-6.348886457999951,0],[106.93405843600004,-6.348760414000003,0],[106.9343308370001,-6.348681921999992,0],[106.93442917400007,-6.348664755999993,0],[106.93449873000006,-6.3486526069999645,0],[106.93462279100001,-6.348622452999956,0],[106.93467232900012,-6.348576039999935,0],[106.93467708900006,-6.348149144999963,0],[106.93462279000002,-6.348019372999973,0],[106.93457741900008,-6.34793034199989,0],[106.93459008300006,-6.347863634999966,0],[106.9347536910001,-6.347756445999979,0],[106.93477008300003,-6.347482636999972,0],[106.93479609600006,-6.347186306999967,0],[106.93485121100008,-6.347041026999937,0],[106.93492414000008,-6.346956924999995,0],[106.93496007700013,-6.34690556399992,0],[106.93507216700007,-6.346745378999989,0],[106.93512011800004,-6.34660320899995,0],[106.93515735100002,-6.3464633299999225,0],[106.9351744840001,-6.346431567999959,0],[106.93520765200009,-6.346350109999969,0],[106.93527410800009,-6.345991877999994,0],[106.935308531,-6.345779272999989,0],[106.9353214800001,-6.3456268369999,0],[106.93540937200008,-6.34552521999993,0],[106.93544518200011,-6.34543028999998,0],[106.93547157900008,-6.345207788999955,0],[106.93548754000007,-6.345072780999976,0],[106.93551704000002,-6.344858305999905,0],[106.93550208400002,-6.344812314999919,0],[106.93553517400001,-6.344785094999976,0],[106.93567186000004,-6.344467113999956,0],[106.93568090500008,-6.344391830999944,0],[106.93571184000007,-6.344252300999946,0],[106.93581212400001,-6.344035337000024,0],[106.93569547100013,-6.343895417999905,0],[106.93568019900002,-6.343876099999905,0],[106.93564009500008,-6.343825383999972,0],[106.93560733900003,-6.343489239999959,0],[106.93562616600008,-6.343366706999946,0],[106.93568910000005,-6.343297306999977,0],[106.93594329500011,-6.343017013999967,0],[106.93613788200005,-6.34288179099997,0],[106.93621451400008,-6.342823911999977,0],[106.93625901400013,-6.342706183999917,0],[106.93632246300005,-6.342324374999945,0],[106.93645001300003,-6.342023696999936,0],[106.93652128200007,-6.341853321999961,0],[106.93667343400004,-6.341575777999912,0],[106.93670521600009,-6.341503103999939,0],[106.93664732800002,-6.341416181999941,0],[106.93656509800005,-6.341339458999899,0],[106.93650983800009,-6.341017357999894,0],[106.93674554700006,-6.340912621999932,0],[106.93694028,-6.340826093999967,0],[106.93699592000009,-6.340838724999946,0],[106.93719619700005,-6.340884166999976,0],[106.9375854180001,-6.34100169399993,0],[106.93763301800004,-6.340978722999983,0],[106.93787769100003,-6.340322208999931,0],[106.93800353100005,-6.34009618099997,0],[106.93810298000002,-6.3399175629999345,0],[106.93827283400013,-6.339591601999965,0],[106.93849218500007,-6.338852835999946,0],[106.938663074,-6.338849764999958,0],[106.93897868200008,-6.338844090999933,0],[106.9390430890001,-6.33882807399994,0],[106.93910475800004,-6.338589491999917,0],[106.93912977000006,-6.338519085999954,0],[106.9391988400001,-6.338481396999944,0],[106.9396636230001,-6.3385747709999425,0],[106.93983526400008,-6.338603792999946,0],[106.93992499000005,-6.338582626999971,0],[106.93998322800007,-6.338521389999967,0],[106.94001010500007,-6.338493135999938,0],[106.94015472600005,-6.3379780649999535,0],[106.94020817800003,-6.337644617999986,0],[106.940207812,-6.337515286999944,0],[106.94019972600005,-6.33748184699993,0],[106.94023887600008,-6.337422525999996,0],[106.940221808,-6.337284992999985,0],[106.94015673300004,-6.336747588999929,0],[106.94016841500012,-6.336437488999939,0],[106.94016257100007,-6.33627850499993,0],[106.94009379900007,-6.3361952409999684,0],[106.94006922100009,-6.3361303989999325,0],[106.9400930250001,-6.336024474999961,0],[106.94019006300005,-6.3359068669999115,0],[106.9402390150001,-6.335694244999994,0],[106.94030561100001,-6.3354420289999975,0],[106.94033403200005,-6.335251425999948,0],[106.94043063600006,-6.335032288000024,0],[106.94048847500004,-6.334900586999963,0],[106.94050231200004,-6.334763380999979,0],[106.94051633100013,-6.334623950999989,0],[106.9410088590001,-6.333930933999936,0],[106.94116247300012,-6.333762420999937,0],[106.94143556600007,-6.33352606800001,0],[106.94178573700009,-6.33285609599991,0],[106.94190044800007,-6.3325954729999285,0],[106.94193428000003,-6.332476988999895,0],[106.94191111600007,-6.332408335999988,0],[106.9418825860001,-6.332388344000021,0],[106.94158734200002,-6.332181484999959,0],[106.94103358300002,-6.331792953999964,0],[106.94086930200011,-6.331670038999919,0],[106.94085327100002,-6.331660335000004,0],[106.94078738200008,-6.3316204289999,0],[106.94095231300005,-6.331554445999947,0],[106.94103917700005,-6.331522060999932,0],[106.94107792700005,-6.331377565999967,0],[106.94093396900004,-6.330487427999946,0],[106.94093323700007,-6.330323126999941,0],[106.94110717300008,-6.329668242999935,0],[106.94115815700012,-6.329498911999957,0],[106.94117233100005,-6.32945183599997,0],[106.94120148700006,-6.329421646999959,0],[106.94116410100008,-6.32920564999994,0],[106.94114088500002,-6.329069758999976,0],[106.94102858200006,-6.328915258999894,0],[106.94073519900012,-6.328729312999963,0],[106.94062873800002,-6.328653159999968,0],[106.94055725900004,-6.328517286000006,0],[106.94053468300005,-6.32748775899991,0],[106.94053319000001,-6.327266880999931,0],[106.94046297500006,-6.327031242999974,0],[106.94040244200004,-6.326842870999931,0],[106.94036732200006,-6.326720512999932,0],[106.94029077400003,-6.32663782899993,0],[106.94016201800012,-6.32658295999992,0],[106.94006672700006,-6.326553280999951,0],[106.94000150500007,-6.3263843569999185,0],[106.93999144000013,-6.32615943299996,0],[106.94002083300008,-6.325795463999954,0],[106.94003794400007,-6.325682981999973,0],[106.94008032200011,-6.3256289119999405,0],[106.94009337700004,-6.325630634999905,0],[106.94016984400005,-6.325640737999942,0],[106.94049168900004,-6.325734593999892,0],[106.94078732500007,-6.3257937399999005,0],[106.941136375,-6.325886589999945,0],[106.94138737900008,-6.325916029999982,0],[106.94143586200009,-6.325897522999961,0],[106.94146869100005,-6.325844346999913,0],[106.94143771700007,-6.325542480999983,0],[106.94142592200006,-6.32545225799989,0],[106.94149231300005,-6.32535803699991,0],[106.94193419400003,-6.325131821999934,0],[106.94218168100008,-6.324739715999998,0],[106.94223059900013,-6.324622332999967,0],[106.94222478300009,-6.324540939999983,0],[106.94212056000008,-6.324459280999976,0],[106.94194992100009,-6.324355936999952,0],[106.9418642410001,-6.324262157000009,0],[106.94183174800007,-6.324100343999943,0],[106.94186886500003,-6.323893262999951,0],[106.94194817600003,-6.323755224999987,0],[106.94203747000005,-6.323686865999926,0],[106.942134734,-6.323644877999916,0],[106.94221915700007,-6.323305176999964,0],[106.94229528400005,-6.323013741999921,0],[106.94230845000008,-6.322834551999927,0],[106.9422666500001,-6.322672754999951,0],[106.94220062500004,-6.322417192999945,0],[106.94212335900005,-6.322272741999983,0],[106.94205841800009,-6.32221521199993,0],[106.9418598560001,-6.322203305999922,0],[106.9415174600001,-6.322268088999953,0],[106.94141959100008,-6.32227126699995,0],[106.9413339740001,-6.322227989999922,0],[106.94126908800006,-6.322095869999915,0],[106.94120706500009,-6.321917096999956,0],[106.94106611700005,-6.321316171999973,0],[106.94102042100009,-6.321032641999961,0],[106.94099889100009,-6.320900486999951,0],[106.9409078200001,-6.32078787599996,0],[106.94074002100007,-6.320604814000001,0],[106.94060716600009,-6.320383250999965,0],[106.94053477700005,-6.320075580999999,0],[106.94052109100008,-6.319880245000002,0],[106.94046474100013,-6.319785522999981,0],[106.94038310100002,-6.319621315999983,0],[106.94038255900007,-6.319618957999966,0],[106.9403518120001,-6.319484043999994,0],[106.94034665400004,-6.319259137999948,0],[106.94032221600006,-6.318722033000006,0],[106.94049041800011,-6.318024281000005,0],[106.94056889800004,-6.317706979999953,0],[106.94058519900005,-6.317348012999917,0],[106.94059180800006,-6.31683721099993,0],[106.94069582100006,-6.315829958999901,0],[106.94072465000005,-6.315549748999986,0],[106.94069895000005,-6.315413386999984,0],[106.94067784000008,-6.315301418999956,0],[106.94067194300004,-6.315288015000002,0],[106.94060661000005,-6.315139396999962,0],[106.9403335580001,-6.314822447999939,0],[106.94017230200008,-6.314609542999998,0],[106.94009715500009,-6.314473111999989,0],[106.94013264300008,-6.314282293999922,0],[106.94023029700008,-6.314085882000013,0],[106.9403678410001,-6.313808158999949,0],[106.94047854900002,-6.313567053999984,0],[106.9405556710001,-6.313079025000016,0],[106.9403969250001,-6.3123995800000205,0],[106.94036903300011,-6.312133214999919,0],[106.94032557700007,-6.311858500000016,0],[106.94028885200005,-6.3114963229999805,0],[106.94029180900012,-6.311290399999995,0],[106.94041083500011,-6.310895420999911,0],[106.94053462800004,-6.310378032999912,0],[106.94056915000006,-6.309842562000016,0],[106.94062670800011,-6.309616391999954,0],[106.94084632500008,-6.309323825999995,0],[106.94091929800007,-6.309029707999995,0],[106.94114348100005,-6.308453884999958,0],[106.94119243300011,-6.308302082999921,0],[106.9411836370001,-6.308194001999949,0],[106.94112477700011,-6.308116557999936,0],[106.94089567400007,-6.308030670999935,0],[106.94070440900006,-6.307962861000009,0],[106.94073808700008,-6.307936226999937,0],[106.94073686200008,-6.307915582000005,0],[106.94071592100003,-6.307562205999988,0],[106.94077222000007,-6.307553769,0],[106.940985029,-6.307593046999964,0],[106.94109063400003,-6.30758834099993,0],[106.9411450690001,-6.3075476699999395,0],[106.941431515,-6.307087566999973,0],[106.94142248500005,-6.307060124999923,0],[106.94142674600005,-6.306915830999975,0],[106.94148661800003,-6.306716612999923,0],[106.94168009100005,-6.306396893999937,0],[106.94176152300012,-6.306375036999993,0],[106.94192140300004,-6.306391121999992,0],[106.94222575500008,-6.30646205399991,0],[106.94273091300005,-6.306583438000006,0],[106.94307996000006,-6.306667311999929,0],[106.94321439400008,-6.306598387999911,0],[106.94340230000009,-6.306710836999978,0],[106.9435796390001,-6.306722515999967,0],[106.94360615500007,-6.306592758999978,0],[106.94359442000008,-6.306476895999895,0],[106.94362288800004,-6.306102261999984,0],[106.94367904300006,-6.30591448599999,0],[106.94418053100009,-6.305180041999973,0],[106.94404773200002,-6.305056809999902,0],[106.94399208600004,-6.305007635000008,0],[106.94397798800011,-6.304995173999954,0],[106.94396863600005,-6.30494657699993,0],[106.94410246100001,-6.304784739999951,0],[106.94421990300005,-6.304663972999906,0],[106.94433174700006,-6.304490915999976,0],[106.94436011000002,-6.304447024999986,0],[106.9444180200001,-6.304272070999987,0],[106.94445106700009,-6.3041489979999294,0],[106.94453239600006,-6.304058427999985,0],[106.94486932100006,-6.30407100399996,0],[106.94494132000005,-6.30406646799994,0],[106.94499995800003,-6.303997066999971,0],[106.9450083680001,-6.3037783679999055,0],[106.945000738,-6.303546789999929,0],[106.94505245000002,-6.303495740999969,0],[106.94515093100009,-6.303398506999917,0],[106.94528689900005,-6.303295310999905,0],[106.94534723600007,-6.30318731599994,0],[106.94534827300006,-6.303094759000009,0],[106.94529777400007,-6.302588735999974,0],[106.9453176540001,-6.302508810999933,0],[106.94550451100011,-6.302405687000016,0],[106.94560159700006,-6.302346195999979,0],[106.94565097700007,-6.302159195999961,0],[106.94568188100004,-6.302074527999972,0],[106.94574056900011,-6.302021101999992,0],[106.94593668700008,-6.302201246999976,0],[106.94605738600004,-6.302229691999932,0],[106.94620697400006,-6.302224594999954,0],[106.94635550700009,-6.30216670199996,0],[106.94645056100005,-6.302056677999916,0],[106.94654027200002,-6.301912029999938,0],[106.94693765900003,-6.30168579399996,0],[106.94724496700006,-6.301493987999988,0],[106.94732084300003,-6.301462720999977,0],[106.94760948300011,-6.3015832909999165,0],[106.94776477300007,-6.301559067999955,0],[106.94788000700002,-6.3015468299999196,0],[106.9480827450001,-6.301626601999947,0],[106.94824078600003,-6.301688050999969,0],[106.94839881800004,-6.301698734999965,0],[106.94846295600011,-6.301670124999907,0],[106.94846218900005,-6.301665588999976,0],[106.94842857300003,-6.3014661509999055,0],[106.94840280900011,-6.301252343999979,0],[106.9484069010001,-6.301198895999997,0],[106.94818744400006,-6.301139944999916,0],[106.94791177400008,-6.301037227999943,0],[106.94778513500007,-6.300985949999964,0],[106.94779428500003,-6.300798630000008,0],[106.94782967900004,-6.3006510289999635,0],[106.94788624100009,-6.300446985999956,0],[106.94789120300005,-6.300301903999943,0],[106.94779035000006,-6.300167549999928,0],[106.947749931,-6.300038738999929,0],[106.94760205900012,-6.299871469999944,0],[106.9475782370001,-6.299812583999957,0],[106.9476125890001,-6.2996591099999595,0],[106.94769374200007,-6.2995144119999775,0],[106.94775736600009,-6.299435118999989,0],[106.94781421900008,-6.299178257999964,0],[106.9478691670001,-6.298931266999956,0],[106.94789918400001,-6.298570234999927,0],[106.94790912000012,-6.298395026999996,0],[106.94789258000009,-6.298299261999977,0],[106.94790002400008,-6.2981389809999495,0],[106.9479163550001,-6.298052641,0],[106.94788233000013,-6.297997879999999,0],[106.94778980000011,-6.297950776999921,0],[106.94794403800007,-6.29715760599993,0],[106.94789131200007,-6.2970115539999245,0],[106.94789797400009,-6.296920096999907,0],[106.94788045000006,-6.296812500999975,0],[106.94794995100004,-6.296290823999888,0],[106.94810913100007,-6.294867190999957,0],[106.94809865700009,-6.294711613999963,0],[106.9482255450001,-6.2939864350000025,0],[106.94826404500009,-6.293733755999968,0],[106.9482932490001,-6.293411403999942,0],[106.94833543800004,-6.293227558999918,0],[106.94838893000012,-6.293074989999996,0],[106.94827867500005,-6.292938772999916,0],[106.9483296560001,-6.292793761999997,0],[106.94839137100006,-6.29264363100001,0],[106.94845926200007,-6.292392966999964,0],[106.94849624300012,-6.292227512999952,0],[106.94842766400004,-6.292012418999919,0],[106.94854482900006,-6.291645971999975,0],[106.94859952400004,-6.2915347519999205,0],[106.94878942500013,-6.291434872000005,0],[106.94892821900007,-6.291351537999949,0],[106.94896168100009,-6.291311089999978,0],[106.94898370100013,-6.291284471999996,0],[106.94863328300009,-6.291135326999912,0],[106.94855983400005,-6.291084798999995,0],[106.94855767300005,-6.290873525999922,0],[106.94835955100008,-6.290845233999979,0],[106.94830679400008,-6.290841036999987,0],[106.9483039360001,-6.290752968999895,0],[106.94830000400013,-6.290631525999972,0],[106.94833359000008,-6.290483650999905,0],[106.94847010700009,-6.290366321999967,0],[106.94868998500007,-6.290275054999965,0],[106.94898418900007,-6.290142291999905,0],[106.94911483000006,-6.290036638999956,0],[106.9492538000001,-6.289697513999963,0],[106.94922422900004,-6.2894192679999446,0],[106.94922044600008,-6.289383641999928,0],[106.949214076,-6.289243031999929,0],[106.94929397900005,-6.289024969999916,0],[106.94942471100002,-6.288737554999939,0],[106.94961862500008,-6.2883352259999565,0],[106.94973058000002,-6.288209951999894,0],[106.94990385000006,-6.28810889499997,0],[106.95014471000009,-6.2878776929999365,0],[106.95030207600006,-6.287749662999913,0],[106.95043015500008,-6.287613640999938,0],[106.95063252000004,-6.287275110999905,0],[106.95100408600005,-6.287193755999924,0],[106.95112264600009,-6.287155738999976,0],[106.95119296700004,-6.287079783999998,0],[106.95126317500008,-6.286963841999997,0],[106.95133917000007,-6.286924175000001,0],[106.95135321000006,-6.286921563999963,0],[106.95136616300007,-6.286922871999893,0],[106.95150007300005,-6.286884706999933,0],[106.951533774,-6.2868575389999055,0],[106.951599365,-6.286804665999972,0],[106.95171439000002,-6.286650040999968,0],[106.95180277000006,-6.286546588999935,0],[106.95191056000009,-6.286494335999963,0],[106.95224633900007,-6.286443057999984,0],[106.95235328700004,-6.286334797999908,0],[106.95242556200007,-6.28618919299994,0],[106.95251007600004,-6.285916605999946,0],[106.95250858200009,-6.2857801460000235,0],[106.95239715400002,-6.28574371099994,0],[106.95220633600005,-6.28565020599993,0],[106.95220701600002,-6.285646125999948,0],[106.95221922100005,-6.285572847999925,0],[106.95238016900004,-6.285182124999926,0],[106.95248591600009,-6.284894910999965,0],[106.95281264800012,-6.284007494999992,0],[106.95287016200008,-6.283521169999988,0],[106.95291487000006,-6.283368569999974,0],[106.95298517,-6.28326774399998,0],[106.95322299500006,-6.282686618999948,0],[106.953268446,-6.282600133999987,0],[106.95345913700005,-6.282594159999936,0],[106.95360163000004,-6.282602171999978,0],[106.95390267800008,-6.282321876999967,0],[106.95402056500005,-6.282152585999905,0],[106.95408678900012,-6.281916086999965,0],[106.95409502100009,-6.281458415999934,0],[106.95417152700011,-6.281309016000007,0],[106.9542089270001,-6.281212814999952,0],[106.95417965000007,-6.281040185999968,0],[106.95412173500007,-6.28088348599997,0],[106.95404799900011,-6.280792102999959,0],[106.95392125800001,-6.280711983999902,0],[106.9538878480001,-6.280662165999955,0],[106.95393323400002,-6.280526535000012,0],[106.95421800700005,-6.280294462999995,0],[106.9545836770001,-6.279620116999977,0],[106.95475464500004,-6.279479359999966,0],[106.95509495800005,-6.279135703999954,0],[106.95518867400007,-6.278821068999944,0],[106.95519142200003,-6.278811827999979,0],[106.95542018800005,-6.2779152849999615,0],[106.95543579500008,-6.277741557999976,0],[106.95544159800004,-6.277676891999954,0],[106.9553929420001,-6.27734001499997,0],[106.95557558100002,-6.27671932399995,0],[106.95571985800005,-6.276360822999953,0],[106.95636890400003,-6.2746820339999605,0],[106.95646151500004,-6.274344999999963,0],[106.95649489900006,-6.274223498999946,0],[106.95662364500005,-6.273451237999909,0],[106.95665593300006,-6.2728591549999475,0],[106.95661204700006,-6.27165740199999,0],[106.95659036200006,-6.271063612999976,0],[106.95657299000004,-6.269472507999955,0],[106.95655748200008,-6.269003687999978,0],[106.95652068400005,-6.267213155999977,0],[106.95650465200006,-6.266657027999971,0],[106.95649020100002,-6.265824193999984,0],[106.95648869300008,-6.2657372969999,0],[106.9564845410001,-6.2654983839999385,0],[106.95647156400008,-6.2646390539998915,0],[106.95646742700009,-6.264365269999887,0],[106.95643857100002,-6.263337482999935,0],[106.9564169860001,-6.26256847699999,0],[106.95639533700007,-6.261687290999911,0],[106.95639365800012,-6.2611540009999285,0],[106.9563912620001,-6.260391216999965,0],[106.95636797500003,-6.259771376999927,0],[106.95639578100011,-6.259476615999963,0],[106.95638702300002,-6.259383625999908,0],[106.95636213500009,-6.259243653999961,0],[106.95635976300007,-6.259230346000015,0],[106.9563409090001,-6.258825421999996,0],[106.95631816200009,-6.258170943999934,0],[106.95632309000005,-6.257783371999929,0],[106.95634208800003,-6.25760781399997,0],[106.95652559300002,-6.2572199199999385,0],[106.95657052300001,-6.257124938999896,0],[106.95660770000006,-6.256978507999948,0],[106.95658898400002,-6.256817230999927,0],[106.9565620060001,-6.256790786999959,0],[106.95653638700011,-6.256483476999934,0],[106.95651484400011,-6.256225064999958,0],[106.95655248000011,-6.255947020999956,0],[106.95655279800005,-6.255901542999924,0],[106.95655387300005,-6.255746104999941,0],[106.95651049700011,-6.255612757999922,0],[106.95649476800004,-6.255564419999919,0],[106.95646673700013,-6.255519435999927,0],[106.95642730900006,-6.255364257999966,0],[106.95641848100004,-6.255247624999997,0],[106.95668697700005,-6.254941904999926,0],[106.95709068400006,-6.254352958999958,0],[106.95720525200004,-6.253963115999943,0],[106.95723743600003,-6.253448388999987,0],[106.95710383500008,-6.252656483999923,0],[106.95684158700006,-6.251835574999946,0],[106.95674225400009,-6.251482529999956,0],[106.95657179700002,-6.251002794999964,0],[106.95645284400004,-6.250708996999991,0],[106.95640149200005,-6.2504910999999925,0],[106.95640568100005,-6.2503541299999394,0],[106.95644479700009,-6.250284530999954,0],[106.95657301300012,-6.250257997999979,0],[106.95662944700008,-6.250246314999989,0],[106.95683723200005,-6.250243750999955,0],[106.95702693400003,-6.250169703999957,0],[106.95720593800009,-6.250134129999944,0],[106.95730178300003,-6.2500886129999085,0],[106.9573337530001,-6.250041136999888,0]]},"properties":{}},{"type":"Feature","geometry":{"bbox":[106.96619931918394,-6.207750605999911,106.96646966900008,-6.206920011676191],"type":"LineString","coordinates":[[106.96646966900008,-6.207750605999911,0],[106.96641771700004,-6.207605527999897,0],[106.96638700800008,-6.207519770999996,0],[106.9662251880001,-6.207122765999921,0],[106.96619931918394,-6.206920011676191,0]]},"properties":{}},{"type":"Feature","geometry":{"bbox":[106.96587596400008,-6.236095010999991,106.96754293400006,-6.2343619949999525],"type":"LineString","coordinates":[[106.96587596400008,-6.2343619949999525,0],[106.96608963600008,-6.234515635999964,0],[106.96615609300007,-6.234563766999949,0],[106.96618686700003,-6.234586054999928,0],[106.9665547490001,-6.234778006999912,0],[106.96661931900012,-6.23483594399991,0],[106.96660393100008,-6.235274218999935,0],[106.96670350700006,-6.235503434999982,0],[106.96670131100007,-6.235677745000016,0],[106.96665712300005,-6.235993033999902,0],[106.9667459390001,-6.236040492999921,0],[106.96709695700011,-6.236095010999991,0],[106.96754293400006,-6.236075615999896,0]]},"properties":{}},{"type":"Feature","geometry":{"bbox":[106.95649020100002,-6.268506049999926,106.95823315700008,-6.265710893999936],"type":"LineString","coordinates":[[106.95823315700008,-6.268506049999926,0],[106.95817131100003,-6.268399560999997,0],[106.95816802500012,-6.2681556369999765,0],[106.95817125600011,-6.267987506999921,0],[106.95805237800005,-6.2677619339999975,0],[106.95800978600008,-6.267652876999945,0],[106.95812876700006,-6.267402474999921,0],[106.9581742880001,-6.26720160299991,0],[106.95821428800012,-6.267025071999958,0],[106.95822722700004,-6.266897029999933,0],[106.95800820700003,-6.266866185999957,0],[106.95794121900009,-6.266817497000014,0],[106.95789845200001,-6.266654429999933,0],[106.9579091260001,-6.266403102999922,0],[106.95796150400008,-6.266187702999952,0],[106.95790059200002,-6.2659901579999495,0],[106.9578242250001,-6.265710893999936,0],[106.9570107160001,-6.2657555189999865,0],[106.95649020100002,-6.265824193999984,0]]},"properties":{}},{"type":"Feature","geometry":{"bbox":[106.99275046800004,-6.245199214999923,106.99473772600005,-6.245012249999908],"type":"LineString","coordinates":[[106.99275046800004,-6.245012249999908,0],[106.99280023000007,-6.2450144299999995,0],[106.99319096200007,-6.245064789999992,0],[106.99341817900003,-6.245034845000001,0],[106.99386045100003,-6.245120404999975,0],[106.99423190800005,-6.245179244999958,0],[106.9942637920001,-6.24517938599997,0],[106.99449209300008,-6.245190083999967,0],[106.99473772600005,-6.245199214999923,0]]},"properties":{}},{"type":"Feature","geometry":{"bbox":[106.99415812400007,-6.245199214999923,106.99943479300003,-6.232908471999947],"type":"LineString","coordinates":[[106.99943479300003,-6.232908471999947,0],[106.99937726300007,-6.232951733999885,0],[106.99878794000007,-6.2333912919999275,0],[106.99852480700005,-6.233590337999965,0],[106.99816100000007,-6.233862580999931,0],[106.99786833900001,-6.234082423999913,0],[106.99719680700004,-6.234640646999916,0],[106.99715400600006,-6.2346774689999425,0],[106.99705671700009,-6.234768969999964,0],[106.99693791200012,-6.234914271999996,0],[106.99664151900002,-6.235265347999912,0],[106.99658219700008,-6.235327086999957,0],[106.99649820400006,-6.235415489999989,0],[106.99636051700013,-6.235596683999971,0],[106.99590894100007,-6.2362377269999865,0],[106.99514699300008,-6.237215551999979,0],[106.99440205700009,-6.238356687999984,0],[106.99428601600007,-6.23863835299993,0],[106.99415919600007,-6.239096543999915,0],[106.99415812400007,-6.239305255999954,0],[106.9942091550001,-6.240431291999952,0],[106.99421708900006,-6.240606273999953,0],[106.99423832200004,-6.241862935999924,0],[106.9942917710001,-6.243646601999979,0],[106.99429216100005,-6.243658950999935,0],[106.99433876000009,-6.244503415999906,0],[106.99440951200008,-6.2447569329999215,0],[106.99454843700003,-6.244988349999973,0],[106.99473772600005,-6.245199214999923,0]]},"properties":{}},{"type":"Feature","geometry":{"bbox":[106.9905710660001,-6.230352603999949,106.99224284200004,-6.220592247999905],"type":"LineString","coordinates":[[106.99110652000009,-6.220592247999905,0],[106.99114907600006,-6.2206152319999415,0],[106.99153160900008,-6.2207148219999215,0],[106.99172000000004,-6.2207963919999205,0],[106.99188011300005,-6.220889632999997,0],[106.99188673200007,-6.2209485719999,0],[106.99184189400009,-6.221056471999946,0],[106.99182435900006,-6.221200414999954,0],[106.99185771300006,-6.221262580999946,0],[106.99193039600004,-6.2212776489999495,0],[106.99214854700006,-6.221306768999961,0],[106.99224284200004,-6.22137008899996,0],[106.99224033300001,-6.2214477229998995,0],[106.99218772200001,-6.221518322999968,0],[106.99197570200006,-6.221666018999931,0],[106.99183306100007,-6.221788598999948,0],[106.9913900990001,-6.222322966999931,0],[106.99134686100007,-6.222577341999928,0],[106.99128653600006,-6.222969762999979,0],[106.99121612400009,-6.223171747999993,0],[106.99098523500008,-6.223665933999937,0],[106.99088603500005,-6.223823565999924,0],[106.99071924100011,-6.2240747530000124,0],[106.99069775000001,-6.224187881999958,0],[106.99067921200007,-6.224447225999922,0],[106.9905710660001,-6.224800797999956,0],[106.99059762000007,-6.2250580099999215,0],[106.9906096550001,-6.225288614999995,0],[106.9906246370001,-6.226083559999955,0],[106.99063028200003,-6.226382799999934,0],[106.99072750200007,-6.226683015999994,0],[106.99087220400006,-6.226999089999945,0],[106.99101515700008,-6.227311346999935,0],[106.9912892520001,-6.2275969169999374,0],[106.99142094700008,-6.227734013000001,0],[106.99146385700007,-6.227778684999967,0],[106.99143057700007,-6.22788236499993,0],[106.99135622300005,-6.2281025379999395,0],[106.99130943000009,-6.228370007999954,0],[106.99128049500008,-6.228492728999983,0],[106.99127555400013,-6.228617466999912,0],[106.99132971300007,-6.22867684199994,0],[106.99142049700004,-6.228788921999977,0],[106.99140415000002,-6.228919759999966,0],[106.9913364610001,-6.229112929999962,0],[106.99129281600004,-6.229299815999971,0],[106.99125652900005,-6.229511879999931,0],[106.99124860000002,-6.2295581989999445,0],[106.99116708300004,-6.2298123299999215,0],[106.99101769500001,-6.230233094999919,0],[106.99097525900005,-6.230352603999949,0]]},"properties":{}},{"type":"Feature","geometry":{"bbox":[106.97915767400006,-6.363540133132199,106.99952067900003,-6.3446668069999586],"type":"MultiLineString","coordinates":[[[106.98178208229261,-6.3577330220474,0],[106.98179549200009,-6.357709583999986,0],[106.9818417930001,-6.357628661999952,0],[106.98207932100004,-6.35735251999993,0],[106.98235670700008,-6.356858483999909,0],[106.982410681,-6.3567187939999865,0],[106.98242450100008,-6.356504761999952,0],[106.98242726400005,-6.356348560999907,0],[106.98280192700005,-6.355597065999989,0],[106.98296507300005,-6.3553842509999665,0],[106.98306327100009,-6.355256153999937,0],[106.98336478500008,-6.354637785999932,0],[106.98365514500004,-6.35429450199995,0],[106.98365602600002,-6.354293458999953,0],[106.98380544300004,-6.354058889999996,0],[106.98390092000004,-6.353942384999948,0],[106.98407292600005,-6.353849145999961,0],[106.98445419000006,-6.35377148699993,0],[106.98510470200007,-6.353581636999943,0],[106.98518660000009,-6.353560338999957,0],[106.98541184000008,-6.353443208999947,0],[106.98575098300007,-6.353209954999921,0],[106.98595158000006,-6.35309998899997,0],[106.98621785300007,-6.3529754959999725,0],[106.98635491500004,-6.352875293999942,0],[106.98639175200007,-6.352824460999999,0],[106.98634584400008,-6.35236920299999,0],[106.98633605700007,-6.352178188999995,0],[106.98645138500002,-6.352026185999941,0],[106.98665718600009,-6.351843004999973,0],[106.98698659600008,-6.351525192999967,0],[106.98718988800003,-6.351336045999949,0],[106.98742778200008,-6.351212953999978,0],[106.98758206400005,-6.351138045999997,0],[106.98761440400007,-6.351097500000018,0],[106.98765321500008,-6.351069052999973,0],[106.98780395200004,-6.350941431999983,0],[106.988099993,-6.3506601449999796,0],[106.9884949790001,-6.3505659319999115,0],[106.98860277600005,-6.35049769299995,0],[106.98881528700004,-6.350262230999919,0],[106.98894111900006,-6.350160769999961,0],[106.98904180500004,-6.350168085999945,0],[106.98932546900006,-6.350238354999897,0],[106.98984065600006,-6.350209477999995,0],[106.98986215800007,-6.350208273999984,0],[106.98990228700009,-6.350139445999973,0],[106.9900119050001,-6.349940911999978,0],[106.99010324600003,-6.349943336000001,0],[106.99053819500004,-6.349996260999939,0],[106.99059862700007,-6.34992935299991,0],[106.99068646000005,-6.349726734999932,0],[106.99091489600004,-6.349057060999945,0],[106.9910198110001,-6.348749485999987,0],[106.99101387000006,-6.34827086799991,0],[106.99095614800008,-6.348208210999966,0],[106.99080456600005,-6.348051880999909,0],[106.99082074000006,-6.3478515099999395,0],[106.99087133200007,-6.347813027999953,0],[106.99111974200011,-6.347807849999969,0],[106.99121883100005,-6.347853622999937,0],[106.99135090100005,-6.347894033999994,0],[106.99162820000008,-6.3479640550000145,0],[106.99176138000009,-6.348015861999949,0],[106.99202384800013,-6.348073346999998,0],[106.99212310899999,-6.348182665999984,0],[106.99217036000009,-6.348257775999981,0],[106.9921769480001,-6.348262533999931,0],[106.99222969500002,-6.3483006459998865,0],[106.99234357000003,-6.348278843999948,0],[106.99246126600009,-6.34820027800002,0],[106.99260857200002,-6.348045736999934,0],[106.99268365200001,-6.347910829999963,0],[106.99269798100005,-6.347856140999967,0],[106.99273111100003,-6.3477297039999865,0],[106.99280962600004,-6.347348475999974,0],[106.99282453200003,-6.347203973000008,0],[106.99277763000006,-6.347059779999979,0],[106.99247926200006,-6.346330320999931,0],[106.99243812800003,-6.346017412999975,0],[106.99246943200005,-6.345928773999924,0],[106.99282778900003,-6.345472713999937,0],[106.9930785820001,-6.345323804999962,0],[106.99309617000004,-6.3453009629999375,0],[106.99335443300001,-6.344965638999993,0],[106.99340051100009,-6.344947108999969,0],[106.99351284900006,-6.3449019159999605,0],[106.99365920700008,-6.344919659999919,0],[106.99368947500001,-6.344923331999956,0],[106.99408399300006,-6.344988588999938,0],[106.99423224800007,-6.344952170999944,0],[106.99476445500005,-6.344789953999934,0],[106.99500185600006,-6.344779962999995,0],[106.9953394020001,-6.344808470999956,0],[106.99630145300003,-6.3450553479999545,0],[106.9963719790001,-6.345073446999942,0],[106.99666840400002,-6.345140426999977,0],[106.99747358700003,-6.345322360999932,0],[106.99791081300006,-6.345505703000002,0],[106.99792487800006,-6.34551377699996,0],[106.99805445700004,-6.345588188999988,0],[106.9984803130001,-6.345611281999945,0],[106.99877822500007,-6.345597483999958,0],[106.99887661500011,-6.345583985999996,0],[106.99898287200003,-6.345569408999944,0],[106.99904223400006,-6.345469189000001,0],[106.99905930900005,-6.345348626999973,0],[106.99909049200005,-6.344858432000004,0],[106.99919003700003,-6.344792981999918,0],[106.99952067900003,-6.3446668069999586,0]],[[106.98081337730324,-6.360676208050313,0],[106.98091349900004,-6.3603965989999995,0],[106.980982967,-6.360189792999941,0],[106.98143300500003,-6.359545612999932,0],[106.98147618700006,-6.359457244999904,0],[106.98150745300006,-6.3593932689999395,0],[106.98151575778262,-6.359357620160326,0]],[[106.97917160483033,-6.362171139533183,0],[106.97915767400006,-6.362069220999926,0],[106.97917399400008,-6.36194642799998,0],[106.97928535500006,-6.361793183000001,0],[106.97929612400006,-6.361778369000019,0],[106.97948597500005,-6.361659720999972,0],[106.97994312809676,-6.3613380878126,0]],[[106.97938080659672,-6.36279313746954,0],[106.97936469300005,-6.362733891999943,0],[106.97931112300006,-6.3625568409999484,0],[106.97925033082485,-6.36243993733933,0]],[[106.97980571650754,-6.363540133132199,0],[106.97979131000008,-6.36351736800002,0],[106.97963170300002,-6.3633522699999485,0],[106.97950525217901,-6.363099426725897,0]]]},"properties":{}},{"type":"Feature","geometry":{"bbox":[107.00134675200005,-6.2221287269999355,107.007097823,-6.182394695999919],"type":"MultiLineString","coordinates":[[[107.00134675200005,-6.182394695999919,0],[107.00138241400006,-6.182413366999954,0],[107.00163697000008,-6.182542966999931,0],[107.00202467000008,-6.1829434969999415,0],[107.00207329000003,-6.183006418999996,0],[107.00227858300005,-6.183272051999948,0],[107.00268995100006,-6.183821214,0],[107.00297076600003,-6.184214145999915,0],[107.00353662100004,-6.1850059129999675,0],[107.003662751,-6.185165161999999,0],[107.00376442600006,-6.185278402999954,0],[107.00393306200007,-6.1855462339999985,0],[107.00413529300002,-6.185809037999983,0],[107.0047192800001,-6.186629122999891,0],[107.00497429400006,-6.186977767999961,0],[107.0058923730001,-6.188147218999999,0],[107.00609801700006,-6.188454416999926,0],[107.00620817100011,-6.188669560999964,0],[107.00621976200009,-6.188705671000021,0],[107.00622044800006,-6.188875327999936,0],[107.00621623800006,-6.189627023999959,0],[107.0062145640001,-6.189925584999971,0],[107.00620543897031,-6.190586986359252,0]],[[107.00612319511582,-6.192745501657841,0],[107.00609495400006,-6.193358378999962,0],[107.0060785599328,-6.193593930347545,0]],[[107.00594627077523,-6.195785599447349,0],[107.00594240100006,-6.195881809999941,0],[107.00593815600006,-6.195987250999961,0],[107.00589931400005,-6.197619000999969,0],[107.00586216699999,-6.198290836999957,0],[107.00584164900008,-6.199236980999993,0],[107.00580485300004,-6.200587273999895,0],[107.00577811000005,-6.201105050999926,0],[107.00570795800012,-6.201978504999987,0],[107.0056713660001,-6.202710740999999,0],[107.00563410100004,-6.203456250999954,0],[107.00567533200008,-6.204392830999909,0],[107.00577787600012,-6.204509727999989,0],[107.0059537380001,-6.204590853999951,0],[107.00629644200004,-6.204765851999953,0],[107.0069443020001,-6.20508891899995,0],[107.00702116000005,-6.205221970999945,0],[107.00702235100006,-6.2052264499999605,0],[107.00708759100004,-6.205471506999986,0],[107.007097823,-6.205728236000001,0],[107.00701459100013,-6.206154788999944,0],[107.00659492700005,-6.207865370999992,0],[107.00631044500004,-6.208516057999917,0],[107.00623404400002,-6.208654318999988,0],[107.00531046600008,-6.210325648999985,0],[107.00522880300008,-6.210565350000012,0],[107.00518652400004,-6.210992814999942,0],[107.00511727600009,-6.211662783999953,0],[107.00509063500002,-6.21192049399996,0],[107.00508387100008,-6.211954611999941,0],[107.00507690100004,-6.211989219999962,0],[107.00502770200005,-6.212206457999995,0],[107.00499750200004,-6.212383175999962,0],[107.00485046200004,-6.212855319999948,0],[107.00482888900002,-6.212924608999996,0],[107.00461656800005,-6.21354903899997,0],[107.00444680200003,-6.213964882000004,0],[107.00425003700009,-6.2143436059999875,0],[107.00419680500005,-6.214497890999963,0],[107.0041587730001,-6.214608115999935,0],[107.00408956000005,-6.214807700999929,0],[107.003962388,-6.215003716999982,0],[107.00386881400009,-6.215166200999926,0],[107.00384873000012,-6.215316290999999,0],[107.00383000000006,-6.215489945999979,0],[107.00374423500008,-6.215687016999942,0],[107.00352578500012,-6.2160720340000015,0],[107.0032539580001,-6.216859967999914,0],[107.00318602500008,-6.2172547489999825,0],[107.00321048300006,-6.217582267999903,0],[107.003238766,-6.217961141999988,0],[107.00329119800007,-6.218091863999968,0],[107.00338632100004,-6.218290318999957,0],[107.00336753300009,-6.218369994999977,0],[107.00327622800008,-6.218454393999943,0],[107.00311682900004,-6.21853056999994,0],[107.00299247000005,-6.2186131589999345,0],[107.0029070940001,-6.218743561999888,0],[107.00291061500012,-6.218840773999938,0],[107.00306751300005,-6.219346997999901,0],[107.00318683800006,-6.219483404999908,0],[107.00338908,-6.219617915999935,0],[107.00365627600009,-6.219763779999925,0],[107.00372657700004,-6.21987023999994,0],[107.00385275700009,-6.220177862999991,0],[107.00387834600008,-6.220419805999937,0],[107.0038291400001,-6.220845226999964,0],[107.00375841,-6.22138618999996,0],[107.0037326140001,-6.221685646999957,0],[107.00375685300006,-6.221924087999968,0],[107.00375796900006,-6.22193508699999,0],[107.00376632800004,-6.2221287269999355,0]]]},"properties":{}},{"type":"Feature","geometry":{"bbox":[106.96086605100007,-6.237184933999933,106.96587596400008,-6.2338891099999945],"type":"LineString","coordinates":[[106.96587596400008,-6.2343619949999525,0],[106.96581793200006,-6.23437103499999,0],[106.96571694100005,-6.234295376999947,0],[106.96527581300006,-6.2338891099999945,0],[106.96524042600007,-6.233923560999914,0],[106.96500175100003,-6.234377712999921,0],[106.96490786200009,-6.234411451999959,0],[106.96453354100002,-6.234433921999953,0],[106.9642940620001,-6.234441531999961,0],[106.96414865900006,-6.234514645999971,0],[106.96399079100006,-6.234648851999973,0],[106.96385137500006,-6.234755150999975,0],[106.96369419900012,-6.23477941499994,0],[106.96346428000001,-6.234845981999941,0],[106.96329054300011,-6.234954940999986,0],[106.96312958100003,-6.235090902999955,0],[106.96253663099999,-6.235264058999983,0],[106.96211356300007,-6.235397190999985,0],[106.96190837000006,-6.235502432999988,0],[106.96177610300005,-6.235448931999914,0],[106.96168321700009,-6.235451329999934,0],[106.9616265640001,-6.23551282999996,0],[106.96121956900001,-6.236183417999934,0],[106.96116955000004,-6.236369794999989,0],[106.96110406100004,-6.236565198999903,0],[106.96099772200003,-6.236859201999982,0],[106.96087971500003,-6.237151783999943,0],[106.96086605100007,-6.237184933999933,0]]},"properties":{}},{"type":"Feature","geometry":{"bbox":[106.96646966900008,-6.213921066999932,106.96895475800008,-6.207750605999911],"type":"LineString","coordinates":[[106.96646966900008,-6.207750605999911,0],[106.9665622300001,-6.2077889129999715,0],[106.96659521600007,-6.207864842999948,0],[106.96665731400006,-6.20816841699993,0],[106.966779063,-6.208768567999938,0],[106.96688130000003,-6.208850632999978,0],[106.96692890400006,-6.20891934899989,0],[106.96702285400002,-6.209051974999939,0],[106.96739475700006,-6.209278524999943,0],[106.96776748100008,-6.209366356000016,0],[106.96884904300003,-6.209409742999965,0],[106.96893178000005,-6.209463762999993,0],[106.96895475800008,-6.209532858999937,0],[106.96894554100002,-6.210079303999942,0],[106.96890766200009,-6.210303435999924,0],[106.96883934800003,-6.2107076779999755,0],[106.96872521900009,-6.210916777999957,0],[106.96864137400009,-6.2110558880000095,0],[106.968615625,-6.211293761999974,0],[106.96854223600006,-6.212109379999957,0],[106.96853507000009,-6.2121890669999775,0],[106.96844347200006,-6.212322779999939,0],[106.96835775400007,-6.212436708999951,0],[106.96833503400005,-6.212551225000011,0],[106.96833245900011,-6.2130519889999665,0],[106.96837296600009,-6.213279788999985,0],[106.9684762260001,-6.213573480999949,0],[106.9685621040001,-6.213825721999948,0],[106.96863751500004,-6.213921066999932,0]]},"properties":{}},{"type":"Feature","geometry":{"bbox":[107.00691403700007,-6.226215343000023,107.02174578000006,-6.219979662999934],"type":"LineString","coordinates":[[107.00691403700007,-6.226215343000023,0],[107.00695801000006,-6.226197229999945,0],[107.00722477500003,-6.22599548299995,0],[107.00829014500006,-6.22508148399991,0],[107.00878673400003,-6.224638140999998,0],[107.00909928100005,-6.2243881770000105,0],[107.00927652400006,-6.224290946999959,0],[107.00958798900007,-6.224120083999944,0],[107.01054290800003,-6.223486784999947,0],[107.01253999800007,-6.222489898999887,0],[107.01352690500002,-6.221969357999983,0],[107.01432744000009,-6.221571160999899,0],[107.01497247800008,-6.221225096999953,0],[107.01607679600005,-6.220692812999966,0],[107.01628797000002,-6.220641070999948,0],[107.01661174000009,-6.2205617409999565,0],[107.0176466720001,-6.220422583999989,0],[107.01832380900008,-6.220217656999997,0],[107.01869364200003,-6.220083949999948,0],[107.019207447,-6.219979662999934,0],[107.02007307500013,-6.219989137000008,0],[107.02069364400005,-6.220064712999955,0],[107.02109709900012,-6.220105307999939,0],[107.02110059500005,-6.220105420999948,0],[107.02174578000006,-6.220126213999981,0]]},"properties":{}},{"type":"Feature","geometry":{"bbox":[106.96739458500005,-6.249464757999894,106.97601833200011,-6.2478031029999865],"type":"LineString","coordinates":[[106.97601833200011,-6.2478031029999865,0],[106.97593193700006,-6.2478308669999745,0],[106.97506466400007,-6.247998533999992,0],[106.97448347200012,-6.248229561999922,0],[106.97377503200003,-6.248511170999953,0],[106.97274131500004,-6.248958174999901,0],[106.9727142120001,-6.248980137999942,0],[106.97260343600009,-6.249016400999922,0],[106.97240876700005,-6.249111825999913,0],[106.97186969100004,-6.249337774999956,0],[106.97161144300007,-6.249428049999965,0],[106.9699671880001,-6.249449419999957,0],[106.96864755300007,-6.249448648999893,0],[106.96815798800006,-6.2494483659999585,0],[106.96739458500005,-6.249464757999894,0]]},"properties":{}},{"type":"Feature","geometry":{"bbox":[106.98127106600005,-6.207498606999932,106.98516988800004,-6.1976714199999545],"type":"LineString","coordinates":[[106.9851275840001,-6.1976714199999545,0],[106.98516780800006,-6.197752710000019,0],[106.98516988800004,-6.197864402999935,0],[106.9851266360001,-6.1981403489999405,0],[106.98498021700007,-6.198628970999957,0],[106.98479317700006,-6.199036829999953,0],[106.98457754900006,-6.19922131199994,0],[106.9843826570001,-6.199411331999942,0],[106.98417149400004,-6.199709812999947,0],[106.98406379100001,-6.19986205000002,0],[106.98400343000007,-6.200409124999988,0],[106.98398917900005,-6.200603675000009,0],[106.98392120700002,-6.200717076999977,0],[106.98374466900007,-6.201036864999969,0],[106.98371198800004,-6.201096059999982,0],[106.98362972600006,-6.201243861999954,0],[106.98340757400007,-6.201512503999977,0],[106.98329216100002,-6.201533179,0],[106.98320328100004,-6.201549106999986,0],[106.98307002500012,-6.201603362999945,0],[106.98286530200005,-6.20189729999993,0],[106.98256559300003,-6.2020284659999465,0],[106.9825051540001,-6.202117302999925,0],[106.98245592300012,-6.20230963399994,0],[106.98239203500006,-6.202498059999899,0],[106.98237059600007,-6.202502678999926,0],[106.98233249400002,-6.202510876999982,0],[106.98212350800006,-6.2024570149999665,0],[106.9820144930001,-6.202439494999938,0],[106.98190727300002,-6.202484151999991,0],[106.98185977000009,-6.2025584739999235,0],[106.9818245390001,-6.202757370999949,0],[106.98173214300009,-6.203220024999949,0],[106.98156616100003,-6.203693983999907,0],[106.98151764900011,-6.204347227999955,0],[106.98148544600011,-6.20474219299995,0],[106.98140407600003,-6.205085240000001,0],[106.98127106600005,-6.205604523999979,0],[106.98132704600006,-6.205901028999998,0],[106.98139488900007,-6.205917093999995,0],[106.981528224,-6.205963489999926,0],[106.9816667760001,-6.2059964409999875,0],[106.98217018600009,-6.206072751999995,0],[106.98241341100005,-6.206181832999961,0],[106.98251915600011,-6.206278834999994,0],[106.982566332,-6.206382691999972,0],[106.98257108800004,-6.206422544999983,0],[106.9826007460001,-6.206671203999951,0],[106.98263422300003,-6.2068587500000145,0],[106.9827156030001,-6.207296106999964,0],[106.98275106600002,-6.207483320999911,0],[106.98276603000001,-6.207498606999932,0]]},"properties":{}},{"type":"Feature","geometry":{"bbox":[107.02174578000006,-6.220186264999976,107.02979841200002,-6.21249549999993],"type":"LineString","coordinates":[[107.02174578000006,-6.220126213999981,0],[107.02263281300009,-6.220186264999976,0],[107.02270397200003,-6.2201833440000005,0],[107.02374118300004,-6.220140739999939,0],[107.02429187800004,-6.220035963999974,0],[107.024449227,-6.220006022999984,0],[107.0254506420001,-6.2197295619999355,0],[107.02583298100011,-6.219665859999994,0],[107.0261849540001,-6.219551989999987,0],[107.02653093600013,-6.219345709999972,0],[107.02663568500009,-6.219192393999988,0],[107.02686433000008,-6.218818190999935,0],[107.02722568400006,-6.2181395129999135,0],[107.02775290400007,-6.217072424999996,0],[107.0282127980001,-6.216141594999984,0],[107.02833790700006,-6.215810714999963,0],[107.02858548500004,-6.215118278999958,0],[107.02891931800012,-6.214288637999969,0],[107.02895109300009,-6.214220963999965,0],[107.02926565200009,-6.213551008999955,0],[107.02978877300002,-6.212639509999944,0],[107.02979841200002,-6.21249549999993,0]]},"properties":{}},{"type":"Feature","geometry":{"bbox":[107.0276599690001,-6.287044543000013,107.0284928920001,-6.2786938739999005],"type":"LineString","coordinates":[[107.02834249400009,-6.287044543000013,0],[107.02830357300006,-6.287040615999954,0],[107.02802347400007,-6.286987314999985,0],[107.02789560700006,-6.286840031999967,0],[107.02788654100002,-6.2867343819999295,0],[107.02790514400004,-6.286503420000004,0],[107.02778247300003,-6.286263125999929,0],[107.02770159500008,-6.28605918399993,0],[107.02767804500009,-6.285999796999901,0],[107.02772603700006,-6.285877588999915,0],[107.02778314400008,-6.285813557999946,0],[107.02782367100006,-6.285768115999916,0],[107.027955014,-6.285606745999887,0],[107.02802575599999,-6.285307514999909,0],[107.02808508500001,-6.285080066000008,0],[107.02820682300005,-6.284876748999972,0],[107.02833579900006,-6.284687406999938,0],[107.02839501300008,-6.284488807999937,0],[107.0284928920001,-6.283826660999951,0],[107.02828345000009,-6.283328012999993,0],[107.0282867230001,-6.2825402970000095,0],[107.0282975580001,-6.282494138999921,0],[107.02829570200004,-6.282423040999989,0],[107.02832924900005,-6.282245786999978,0],[107.02848555200002,-6.281801274999969,0],[107.02848014000001,-6.281595928999943,0],[107.0284156380001,-6.281460686999944,0],[107.0281966460001,-6.281159767999915,0],[107.02806616500006,-6.28090887999994,0],[107.02797092900008,-6.28083493499995,0],[107.02781402500005,-6.280813655999966,0],[107.02770148300007,-6.280773697999946,0],[107.0276599690001,-6.28068333499993,0],[107.0277286230001,-6.280446673999977,0],[107.02790265200011,-6.280055704999958,0],[107.02792771900005,-6.279907061000005,0],[107.02797680900002,-6.279616004999992,0],[107.02801402900009,-6.2794491869999565,0],[107.02799327300006,-6.279252569999942,0],[107.02799913700001,-6.279005122999896,0],[107.02801213400002,-6.278987551999952,0],[107.02811546900004,-6.278847888999943,0],[107.02821759300005,-6.2786938739999005,0]]},"properties":{}},{"type":"Feature","geometry":{"bbox":[106.95988846800009,-6.218719806999966,106.96079843700007,-6.212965443],"type":"MultiLineString","coordinates":[[[106.96010031100012,-6.212972392999953,0],[106.96030598099999,-6.212981005999955,0],[106.96065310200002,-6.212965443,0],[106.96067689001062,-6.213012120901277,0]],[[106.96066299250826,-6.213614890847323,0],[106.96066298700005,-6.213614960000006,0],[106.96066297930638,-6.213615259522724,0]],[[106.96066644281302,-6.213924302044697,0],[106.96068223900004,-6.214095410999969,0],[106.96074392120046,-6.2144229284698245,0]],[[106.9607471217164,-6.214439922430374,0],[106.96074719000009,-6.214440284999993,0],[106.96079843700007,-6.214712356999945,0],[106.96074562300005,-6.214839316999969,0],[106.96064970100011,-6.21494047099999,0],[106.96017315600002,-6.215235077999941,0],[106.96008583000008,-6.215457114999927,0],[106.96011014400004,-6.215748138000025,0],[106.96017375400007,-6.216011583999974,0],[106.96016512000007,-6.216207390999921,0],[106.95988846800009,-6.2173607429999596,0],[106.9598950060001,-6.217765007000013,0],[106.95990426000006,-6.218160744999983,0],[106.95990860000006,-6.21850814899995,0],[106.95996458700009,-6.218567051999939,0],[106.9599583080001,-6.218666807000021,0],[106.95995058100007,-6.218719806999966,0]]]},"properties":{}},{"type":"Feature","geometry":{"bbox":[106.9905538420001,-6.245012249999908,106.99275046800004,-6.2438499259999265],"type":"LineString","coordinates":[[106.9905538420001,-6.2438499259999265,0],[106.99081837900005,-6.2443121609998915,0],[106.99099585200007,-6.2446363459999805,0],[106.99109257600009,-6.244762624999948,0],[106.99122145200009,-6.2448382519999885,0],[106.99138418100006,-6.244877894999982,0],[106.99158962100009,-6.244890081999925,0],[106.99183803000004,-6.244918976999918,0],[106.99235818500009,-6.245005517999973,0],[106.99255611900011,-6.245003755000004,0],[106.99264722100011,-6.245007740999979,0],[106.99275046800004,-6.245012249999908,0]]},"properties":{}},{"type":"Feature","geometry":{"bbox":[107.02821759300005,-6.2852447929999595,107.03075423300007,-6.2786938739999005],"type":"LineString","coordinates":[[107.02968168500004,-6.2852447929999595,0],[107.02969145200005,-6.28520508499996,0],[107.02986834300003,-6.284848856999973,0],[107.02993377900003,-6.2844209980000105,0],[107.03007581600006,-6.28417277799999,0],[107.03021331300008,-6.283888729999935,0],[107.03029343000013,-6.283605049,0],[107.03023094200002,-6.282947719999969,0],[107.03024843200005,-6.282627766999964,0],[107.03025147600003,-6.282588011999961,0],[107.03026544700003,-6.282330118999939,0],[107.0302846200001,-6.282132189999993,0],[107.03030423700004,-6.2819296939999365,0],[107.03041326,-6.281816931000021,0],[107.03053953300007,-6.281777095999923,0],[107.03065710300011,-6.281696882999947,0],[107.03075423300007,-6.281546141999998,0],[107.03072196700006,-6.281499056999921,0],[107.03057695800005,-6.281516543999947,0],[107.0301727510001,-6.281562050999982,0],[107.03012728500006,-6.281496329999962,0],[107.03013559500003,-6.281311524999948,0],[107.03013257300005,-6.2810913879999415,0],[107.03005384100003,-6.280800005999902,0],[107.02994659100003,-6.28064744499998,0],[107.02991903300006,-6.280553736999954,0],[107.02996236100009,-6.28045720499996,0],[107.02995415800004,-6.280373510999963,0],[107.02979180700001,-6.28018001099994,0],[107.02948102800005,-6.280061174999966,0],[107.02921903600004,-6.279908897999979,0],[107.02899831600008,-6.2797147289999895,0],[107.02900465900008,-6.2793927399999045,0],[107.02909199300011,-6.278931173999995,0],[107.02904085600005,-6.278889558999927,0],[107.02887192700011,-6.27884500199997,0],[107.02861031000005,-6.278789439999992,0],[107.02821759300005,-6.2786938739999005,0]]},"properties":{}},{"type":"Feature","geometry":{"bbox":[106.90422851658839,-6.374340146109462,106.92277649619695,-6.26080579140215],"type":"MultiLineString","coordinates":[[[106.90468100746791,-6.261332660307543,0],[106.90478057000009,-6.261129246999923,0],[106.90524822843473,-6.26080579140215,0]],[[106.90450012447133,-6.261842887887552,0],[106.90454225300009,-6.261787668999956,0],[106.90453524000013,-6.261635121999946,0],[106.90454715533711,-6.261610283177214,0]],[[106.90437772149122,-6.26217605909302,0],[106.90436947100008,-6.262169459999926,0],[106.90435967500008,-6.262161620999988,0],[106.90435187000006,-6.2620698609999454,0],[106.9044043878749,-6.261983191050062,0]],[[106.90488510700847,-6.262672160128917,0],[106.90483375000004,-6.262636277999915,0],[106.90475589900008,-6.26253376999996,0],[106.90471892100004,-6.262390409,0],[106.90470398100005,-6.2623242089999405,0],[106.90465751880605,-6.262289383705204,0]],[[106.90550248700013,-6.263289428245448,0],[106.90550352000012,-6.263234586999948,0],[106.90547762289363,-6.26317878175419,0]],[[106.90505938807351,-6.263355960962118,0],[106.9054431000001,-6.263361456999965,0],[106.90550120200002,-6.263357647999916,0],[106.90550120811149,-6.263357323546652,0]],[[106.90500658600023,-6.263473708917681,0],[106.90500973900004,-6.263410334999923,0],[106.90505257074246,-6.263362957236522,0]],[[106.90512587732965,-6.264239658131336,0],[106.90508400600005,-6.264161516999904,0],[106.90507461494971,-6.264083757183984,0]],[[106.9052229073979,-6.2645800257687,0],[106.90528360100005,-6.264543257999959,0],[106.90522643222367,-6.264431009863218,0]],[[106.90474026140033,-6.264633537636081,0],[106.90476338399999,-6.264613001999956,0],[106.90506860000002,-6.264587608999898,0],[106.9052196980001,-6.2645819699999645,0],[106.90522004677328,-6.264581758715552,0]],[[106.9047064807974,-6.264830279433779,0],[106.90470166800013,-6.264768962999982,0],[106.9047038460743,-6.264750494892494,0]],[[106.90490533643647,-6.265427823222451,0],[106.90486475600004,-6.265336083999921,0],[106.90477758176456,-6.265207709240565,0]],[[106.90459458800015,-6.266064858908075,0],[106.90459533000003,-6.265977296999951,0],[106.90462004154485,-6.26594054799247,0]],[[106.90502673448168,-6.267005465485591,0],[106.905009363,-6.2668215269999035,0],[106.90502198100008,-6.266633357999966,0],[106.90506256000006,-6.266511450999916,0],[106.90510892600007,-6.266403428999949,0],[106.90510805200009,-6.266344238999936,0],[106.90510577100008,-6.266344186535681,0]],[[106.90510322040674,-6.267342511951794,0],[106.90516872800005,-6.267288546999998,0],[106.90520615900003,-6.267220473999961,0],[106.90515190900008,-6.267150645999957,0],[106.9051166620001,-6.267113460999989,0],[106.90509274100006,-6.26710726399992,0],[106.90508579246286,-6.267106490043643,0]],[[106.90487688600005,-6.267579421594009,0],[106.90487917000007,-6.2675385959999925,0],[106.90496333695765,-6.26746300709952,0]],[[106.90568288163296,-6.267626842118316,0],[106.90567332200006,-6.267576522999933,0],[106.90560474728429,-6.267545315633287,0]],[[106.9054208069566,-6.267619855271748,0],[106.90535531500004,-6.267665523999925,0],[106.90531265056156,-6.267747308855613,0]],[[106.90558558440135,-6.267893814300278,0],[106.90564895600008,-6.267781434000012,0],[106.90567889262348,-6.267662948641155,0]],[[106.90497644275783,-6.267833897478285,0],[106.90490246900005,-6.267774137999941,0],[106.90488877165457,-6.267703834400999,0]],[[106.9054616981354,-6.268524956059222,0],[106.90544456600004,-6.268469089999977,0],[106.90548755100005,-6.268138961999929,0],[106.90549467932873,-6.268116486514634,0]],[[106.90553770684734,-6.268876722851095,0],[106.90557206700002,-6.26885020599998,0],[106.90551785155918,-6.268694658443012,0]],[[106.9048709717602,-6.26928576453926,0],[106.90488649400005,-6.269257839999957,0],[106.90502393000006,-6.269197252000007,0],[106.90508069965747,-6.269172230782287,0]],[[106.90480587504801,-6.269522554185196,0],[106.90480815800005,-6.26951740199994,0],[106.90480833394278,-6.2695165985647545,0]],[[106.90422851658839,-6.2702355018277185,0],[106.90427534800003,-6.270141897000007,0],[106.90441487400003,-6.269937561999976,0],[106.90450524600004,-6.269785239999985,0],[106.9045773389958,-6.269740985133636,0]],[[106.90550193052411,-6.2701819789873365,0],[106.90550045400005,-6.270182098999959,0],[106.90542348900007,-6.270216897999907,0],[106.90535383100008,-6.2702483979999375,0],[106.90522193070433,-6.270330880624668,0]],[[106.90485808937642,-6.270227463407123,0],[106.9047807300001,-6.270188187000018,0],[106.90473987791722,-6.270182336691603,0]],[[106.90437671653261,-6.27028167248737,0],[106.90430297978773,-6.270326646640305,0]],[[106.90559322725508,-6.270917324700369,0],[106.90558747700005,-6.270861679999966,0],[106.90564825900012,-6.270690017999884,0],[106.90558966200005,-6.270510552999957,0],[106.90561817104594,-6.27036699242071,0]],[[106.90576136443899,-6.2713651455180415,0],[106.90568112900007,-6.271281814999911,0],[106.9056506254125,-6.271205720527854,0]],[[106.90650102263334,-6.271546680782995,0],[106.90649887100005,-6.271546516999964,0],[106.90620140800004,-6.271779517999969,0],[106.90614239172596,-6.27181852231468,0]],[[106.90672538539708,-6.272005568573517,0],[106.9066946600001,-6.271988303999924,0],[106.90666534900006,-6.271876606000008,0],[106.90666360700001,-6.271708091999921,0],[106.9066434109844,-6.271644276626846,0]],[[106.90609252956001,-6.271725007587696,0],[106.90609078500005,-6.2716824459999305,0],[106.90609149298926,-6.271668310947247,0]],[[106.90849740415956,-6.271810316125974,0],[106.9084970430001,-6.2718100299999175,0],[106.9084370965125,-6.27182199471971,0]],[[106.9084244223379,-6.271824524358253,0],[106.90842289600009,-6.271824828999987,0],[106.90829812884029,-6.271919583608591,0]],[[106.90817038719183,-6.271981103200501,0],[106.90811874734396,-6.271997015939716,0]],[[106.90732501310181,-6.272121618829411,0],[106.90728675400005,-6.272140402999986,0],[106.90717313342124,-6.2722045043962655,0]],[[106.9095308073265,-6.272258866289741,0],[106.90953006100004,-6.27225924299996,0],[106.90944508200002,-6.272388635999919,0],[106.90935344500008,-6.272528151000005,0],[106.90923053600004,-6.272637835999932,0],[106.90915919862616,-6.272664775183971,0]],[[106.90985123568964,-6.272354668892925,0],[106.90985122251413,-6.272354636691395,0]],[[106.90852840786742,-6.272705487063439,0],[106.90847141600003,-6.272648847999955,0],[106.90844894700002,-6.272495697999984,0],[106.90845682897412,-6.272397398822742,0]],[[106.91004925367449,-6.272721171787447,0],[106.91004954900004,-6.272719928999974,0],[106.9100495171862,-6.2727198768036825,0]],[[106.90865508153951,-6.272765931264372,0],[106.90859240023536,-6.2727444670229655,0]],[[106.90942463419924,-6.273661902906406,0],[106.90957189400004,-6.273542113999968,0],[106.90964660300008,-6.273468262999897,0],[106.90964820600004,-6.273322963999954,0],[106.90963861300006,-6.273132544000008,0],[106.90965569897544,-6.2730872999012295,0]],[[106.9092525989619,-6.274836113917408,0],[106.9092131090001,-6.2747656059999475,0],[106.90916755600007,-6.274578209999985,0],[106.90917265100005,-6.2743470689999565,0],[106.9092410420001,-6.273955213999953,0],[106.9092593749716,-6.273919581666602,0]],[[106.9092982315469,-6.275822362056653,0],[106.90929701800012,-6.275813845999993,0],[106.90925200500004,-6.2757128379999845,0],[106.9092819736428,-6.275508191429273,0]],[[106.90914794075294,-6.276990569002498,0],[106.90917245900003,-6.276939424999954,0],[106.90921942500009,-6.276653847999951,0],[106.90929000000007,-6.276256134999906,0],[106.90931491543947,-6.27616995162507,0]],[[106.90895099454828,-6.277389499768164,0],[106.90897430300006,-6.277352765999959,0],[106.90902861652539,-6.277239471962963,0]],[[106.90880844705677,-6.277764539041224,0],[106.90880627300001,-6.2777414579999675,0],[106.90880935083507,-6.277725544242456,0]],[[106.90865611220981,-6.278825281513393,0],[106.90866943700006,-6.278780864999904,0],[106.90870917052622,-6.27865747227249,0]],[[106.90866679683971,-6.279903134654267,0],[106.90867782800005,-6.279856720999925,0],[106.90872541900008,-6.279722582999929,0],[106.90870975200002,-6.279574263000002,0],[106.90862297197144,-6.279209426143277,0]],[[106.90902092196768,-6.280417828104172,0],[106.90880809100008,-6.280331401999943,0],[106.90877484924584,-6.2803073868392385,0]],[[106.90886446075471,-6.281234097320214,0],[106.90904591500004,-6.280776405999992,0],[106.90908978200011,-6.280629722999935,0],[106.90908381000007,-6.280513445999906,0],[106.90902853600002,-6.280420919999889,0],[106.9090272742249,-6.280420407619973,0]],[[106.90871757839334,-6.28172203487866,0],[106.90874849800012,-6.28166996599994,0],[106.90882263727369,-6.281361163790004,0]],[[106.90821758011198,-6.282157399781811,0],[106.90825719000006,-6.282146408999926,0],[106.90844322100008,-6.281961395999895,0],[106.90857776322581,-6.281857301863296,0]],[[106.90799425134902,-6.282350635386395,0],[106.90799753100006,-6.282325477999999,0],[106.90801476500008,-6.282273970999912,0],[106.90802917800002,-6.282237119999971,0],[106.9080761427013,-6.282213048081202,0]],[[106.90801889083201,-6.28258714943634,0],[106.90800709400006,-6.28258156499996,0],[106.90799172673145,-6.2825538861548775,0]],[[106.90853240276127,-6.282916465262327,0],[106.90854036400005,-6.282878506999927,0],[106.90852563440676,-6.282852663515241,0]],[[106.90857893829713,-6.28350915061379,0],[106.90850895800011,-6.283179099999929,0],[106.90850935343055,-6.283159772584172,0]],[[106.90873679004693,-6.284243369088875,0],[106.90868710700002,-6.2839873110000095,0],[106.9086327677971,-6.283750988935958,0]],[[106.90917155005147,-6.285650400177316,0],[106.90915094700003,-6.285644070999956,0],[106.90903543900006,-6.285581393999921,0],[106.90886144100006,-6.28481673799998,0],[106.9088388440115,-6.2847236871306595,0]],[[106.90976980025027,-6.285821752502001,0],[106.90972429200012,-6.285811392999944,0],[106.90962538051001,-6.285783828221929,0]],[[106.91003177291464,-6.285977191657858,0],[106.91002497900004,-6.285931067999988,0],[106.91001502200002,-6.2859237079999115,0],[106.90997178155466,-6.2858917391630005,0]],[[106.90949258441695,-6.286471777536866,0],[106.90963724800011,-6.286368038999994,0],[106.90988450200005,-6.286209174999994,0],[106.909976267,-6.286104457999945,0],[106.91001635595607,-6.286019559115223,0]],[[106.90949059134387,-6.286541285741391,0],[106.90947884800006,-6.286533403999998,0],[106.90949173799748,-6.286475184761324,0]],[[106.90986213193843,-6.28834021474866,0],[106.91006042700005,-6.288072573999985,0],[106.91010533800004,-6.287991779999961,0],[106.91005099700007,-6.287548801999991,0],[106.9100373780001,-6.287436920999971,0],[106.91028192000007,-6.287210482999976,0],[106.91045696500008,-6.287008321999947,0],[106.91046328800007,-6.2869508329998975,0],[106.91033229200006,-6.286848357999945,0],[106.91033206480208,-6.2868482792379705,0]],[[106.90980464485614,-6.288761416944448,0],[106.90969373639506,-6.288584859548633,0]],[[106.91007588249072,-6.2892920516720725,0],[106.91008107400006,-6.28924340899996,0],[106.91006086000009,-6.289144018999908,0],[106.91005107927674,-6.289095935801685,0]],[[106.90979989142605,-6.289973130673269,0],[106.90985345700007,-6.289860946999985,0],[106.90990894967842,-6.289783135754538,0]],[[106.91076050161699,-6.289857528967373,0],[106.91075369900003,-6.2898211009999745,0],[106.91075155280028,-6.289820884786616,0]],[[106.9104614472121,-6.289823330242898,0],[106.91046083700004,-6.289823419999989,0],[106.91038053686488,-6.289932548173153,0]],[[106.90967230571,-6.290090834366639,0],[106.90979750100006,-6.2899781369999115,0],[106.90979766585582,-6.289977791738581,0]],[[106.91050712913942,-6.290394230776057,0],[106.91051686100006,-6.290353259999952,0],[106.91062194963688,-6.290174096879435,0]],[[106.9113679758019,-6.290228096916499,0],[106.91124385600008,-6.290393854999936,0],[106.91108424800002,-6.290641843999937,0],[106.91097041500011,-6.290753368999928,0],[106.91094406000566,-6.290765001209435,0]],[[106.91168536401894,-6.2904956480851855,0],[106.91174617400009,-6.290427277999948,0],[106.9118151100001,-6.290306622999912,0],[106.91181776500005,-6.290251759999903,0],[106.91180467922644,-6.2902405113916355,0]],[[106.90948822798592,-6.290799268776707,0],[106.90945761300009,-6.290776793000001,0],[106.90943988599898,-6.290601158992397,0]],[[106.91086607950236,-6.290797733000224,0],[106.91079281100006,-6.290791756999996,0],[106.91068214377269,-6.290706598698785,0]],[[106.90967524792306,-6.290805485230992,0],[106.90962042758252,-6.290831115189237,0]],[[106.91046746753581,-6.291463965267978,0],[106.91050215200009,-6.291404788000003,0],[106.91056989001618,-6.291367252345241,0]],[[106.91137048530162,-6.291398723271994,0],[106.91136412100009,-6.2913971319999025,0],[106.91136401985966,-6.291397195650054,0]],[[106.91159797436521,-6.292171776090997,0],[106.91161386600005,-6.292146572000005,0],[106.9116851780001,-6.291986044999957,0],[106.91147672400008,-6.29148060499997,0],[106.91147436477455,-6.291477289530116,0]],[[106.91117844570869,-6.291632803994977,0],[106.91115500600002,-6.2916772089999835,0],[106.91114187715382,-6.291728777148135,0]],[[106.91054408810011,-6.291854146130975,0],[106.91047881100012,-6.291782943999939,0],[106.91045511145015,-6.2916971576084375,0]],[[106.91114721611048,-6.291884296085419,0],[106.91120768300003,-6.292022754999975,0],[106.91122531905397,-6.2920696567361585,0]],[[106.91065221429672,-6.293025732132966,0],[106.91074220500006,-6.293063056999896,0],[106.91085772000011,-6.29310986599995,0],[106.91095028700005,-6.293085893999921,0],[106.9110969610001,-6.292948326999996,0],[106.9112493550001,-6.292724413999943,0],[106.91133033768546,-6.292596077582806,0]],[[106.9105031290849,-6.292988392862801,0],[106.91054669940807,-6.292983134906864,0]],[[106.91029746089798,-6.293170084817438,0],[106.91032018700004,-6.293089183999927,0],[106.91037286300005,-6.293004111999993,0],[106.91049243723509,-6.292989683093301,0]],[[106.9102949547212,-6.294243906539647,0],[106.91024946900005,-6.294223373999978,0],[106.91023356700008,-6.294124872999911,0],[106.91022597636413,-6.293868885316327,0]],[[106.91156130624813,-6.294536309392511,0],[106.91148957221431,-6.294571085321758,0]],[[106.91165180687823,-6.295328855723385,0],[106.91171439500003,-6.295236538999964,0],[106.91208798000012,-6.295083864999944,0],[106.91223886500008,-6.295032716999975,0],[106.91235474600008,-6.294907992999958,0],[106.9124098610001,-6.2948055249999175,0],[106.91241751088687,-6.294755904669673,0]],[[106.91111780509064,-6.296205192552977,0],[106.9111110470001,-6.296175694999954,0],[106.91110103635269,-6.296132011902193,0]],[[106.9118505359501,-6.296400316120147,0],[106.91184379700007,-6.296384450999907,0],[106.9118427078712,-6.296384294147332,0]],[[106.91170521100007,-6.297313982768619,0],[106.91170777800001,-6.297290757999933,0],[106.91172256800009,-6.297156766999949,0],[106.91180705783094,-6.296863277505198,0]],[[106.91480247233352,-6.297073193899331,0],[106.91480243800001,-6.297073198999962,0],[106.9147913508163,-6.297083654499273,0]],[[106.91560710507883,-6.2972609524195295,0],[106.91550716300004,-6.297193998999921,0],[106.91527773800007,-6.297087512999992,0],[106.915275970676,-6.297087377854231,0]],[[106.9164001877971,-6.297760455213767,0],[106.91630866900002,-6.297737672999963,0],[106.91607175200005,-6.297633401999951,0],[106.91589158905974,-6.297482301879269,0]],[[106.91769673377505,-6.297982509446014,0],[106.91762092900007,-6.297949949999941,0],[106.91762025939435,-6.297950333404449,0]],[[106.91448460307585,-6.2979604287923525,0],[106.91446453000002,-6.298002921999972,0],[106.91437424478339,-6.298082650708585,0]],[[106.91772045937999,-6.298016291266466,0],[106.91770280700008,-6.29798511799992,0],[106.91770191147394,-6.297984733356136,0]],[[106.91179313626624,-6.298157980281209,0],[106.91178252100006,-6.2981245690000005,0],[106.91177110962236,-6.298016031822177,0]],[[106.91736746812431,-6.298095077268721,0],[106.91734238400002,-6.298109439999992,0],[106.917220665393,-6.298175450858016,0]],[[106.91700205586253,-6.298156682939242,0],[106.91699383100004,-6.298153873999938,0],[106.91695016008889,-6.298120167941017,0]],[[106.91364326145077,-6.29819119525216,0],[106.91362660000006,-6.298201666999985,0],[106.91358071000008,-6.298296370999916,0],[106.91368501100001,-6.298483521999946,0],[106.91372464400008,-6.2985726679999505,0],[106.91371628900002,-6.298674629999949,0],[106.91361998644396,-6.298796183018444,0]],[[106.91278374927627,-6.298611746895181,0],[106.91275187600007,-6.298573649999943,0],[106.91250887700004,-6.298372865999939,0],[106.91245587308633,-6.298349281285136,0]],[[106.91921036442076,-6.299128321976648,0],[106.91916506300001,-6.299020866999998,0],[106.91915460300004,-6.29900955899995,0],[106.91906876400013,-6.2989167499999095,0],[106.91899441800011,-6.298890333999944,0],[106.91899395716429,-6.29889066416464,0]],[[106.91316309375085,-6.298901232218361,0],[106.91314802634868,-6.2988953859807335,0]],[[106.91776389365857,-6.298967226300205,0],[106.917763042,-6.298957742999926,0],[106.91776314877823,-6.298936643674351,0]],[[106.9183339420253,-6.299380211121745,0],[106.91827046100006,-6.299460260999938,0],[106.91825495500002,-6.299615212999969,0],[106.91824975500005,-6.299702723999927,0],[106.91821212263606,-6.29974112317994,0]],[[106.91808414413183,-6.299709575623995,0],[106.91806349842197,-6.299696570366946,0]],[[106.91918061955819,-6.300056274509773,0],[106.91920619400004,-6.299999365999957,0],[106.91920215337949,-6.299893939663141,0]],[[106.91889745175538,-6.300561222756011,0],[106.91888611900002,-6.3005448529999715,0],[106.91897585927755,-6.300393441750389,0]],[[106.9197087937853,-6.300562299202854,0],[106.91962260400004,-6.30065911000001,0],[106.9195084630001,-6.300752952999959,0],[106.91947713006864,-6.3007638450466015,0]],[[106.91937214486127,-6.300756239656595,0],[106.91926108500006,-6.300689326999935,0],[106.91916242400006,-6.300621447000003,0],[106.9190675383466,-6.300609394194227,0]],[[106.9210293179824,-6.301245489264888,0],[106.92100830000003,-6.3009801429999275,0],[106.92091653616447,-6.300701368474419,0]],[[106.92052494376117,-6.301761536448007,0],[106.92052745400012,-6.301598327000006,0],[106.92057159300003,-6.301496919999964,0],[106.92081895400008,-6.301467565999934,0],[106.92093237300004,-6.301457310999973,0],[106.9209748625172,-6.3014329895438355,0]],[[106.92063354287211,-6.30186091015185,0],[106.9206105821658,-6.301849796218965,0]],[[106.92099551356091,-6.3020468164859995,0],[106.92099081100008,-6.302030218999947,0],[106.92088570200009,-6.301899462999964,0],[106.92079424400008,-6.301863942999956,0],[106.92079221016343,-6.301863910636333,0]],[[106.92126354110606,-6.302984184237063,0],[106.92125757300005,-6.302965761999905,0],[106.92124249633781,-6.302924991196017,0]],[[106.92151167470603,-6.303327883870795,0],[106.92145218953573,-6.303308015277002,0]],[[106.92182327088271,-6.303408326674235,0],[106.9218303680001,-6.303387748000004,0],[106.92182938712196,-6.303387288297772,0]],[[106.92141387933876,-6.304605737941975,0],[106.92140303500008,-6.304585656999999,0],[106.92142637882438,-6.304549774450445,0]],[[106.9217241986722,-6.305052024662265,0],[106.92173973100006,-6.304976434000002,0],[106.921737856,-6.304915151747485,0]],[[106.92140457018496,-6.305493518784237,0],[106.92143365900004,-6.305412661999947,0],[106.92159185300008,-6.305272843999925,0],[106.92159512900008,-6.305269170999976,0],[106.92165403309315,-6.30520310504256,0]],[[106.92156012375125,-6.306090957088044,0],[106.92156249700005,-6.306073262999982,0],[106.9215653867746,-6.306057693107229,0]],[[106.9215544174989,-6.307133437584282,0],[106.921541549,-6.3069877509999746,0],[106.92152727500006,-6.306770155000001,0],[106.92152066780483,-6.306617385649675,0]],[[106.92155456086519,-6.3071389612451,0],[106.92155474100012,-6.307137099999986,0],[106.92155472228211,-6.307136888090119,0]],[[106.92112858885864,-6.307827154448768,0],[106.92114433700009,-6.307806343999937,0],[106.9209855970001,-6.307503812999952,0],[106.92090911100007,-6.307367779999977,0],[106.92090637700002,-6.307288046999952,0],[106.92096151109439,-6.307246804054893,0]],[[106.9210319601758,-6.3072668194795884,0],[106.92112592300008,-6.307294135999923,0],[106.92126540263085,-6.307363589611674,0]],[[106.92148618264423,-6.307459643621575,0],[106.92148905600001,-6.307460385000001,0],[106.9215112221229,-6.307399952595054,0]],[[106.92070187878167,-6.308162413984901,0],[106.92071666000005,-6.308135863999935,0],[106.92091227156958,-6.307989778831795,0]],[[106.92065003928693,-6.308355549174786,0],[106.92062595900009,-6.308298794999915,0],[106.92064378381656,-6.308266771883401,0]],[[106.92102389628135,-6.3089791318461526,0],[106.920900734,-6.308766261999958,0],[106.92076605587704,-6.308553336223925,0]],[[106.92106875223462,-6.310019628358125,0],[106.92114560500002,-6.309754784999948,0],[106.92117521000007,-6.309399925999985,0],[106.92117326000009,-6.309319106037529,0]],[[106.92097472314263,-6.310490368491044,0],[106.92096171800007,-6.310453454999935,0],[106.92096833717808,-6.310405831898917,0]],[[106.9215027956171,-6.310859435870102,0],[106.92143472200004,-6.310798232999952,0],[106.92134654415511,-6.310751179789113,0]],[[106.9209872590243,-6.311040450293108,0],[106.92108313600009,-6.310975580999971,0],[106.92147153900007,-6.31094885899998,0],[106.92153012500003,-6.310940171999972,0],[106.92153014014667,-6.310940092071197,0]],[[106.92047185108905,-6.311335397372668,0],[106.9204746400001,-6.311336110999958,0],[106.9206697846703,-6.311232479748556,0]],[[106.92016134545486,-6.311299507442884,0],[106.92018286000003,-6.311274395999915,0],[106.92027355391356,-6.311288141864717,0]],[[106.92023566971379,-6.311685259825721,0],[106.92016972600001,-6.311592278999926,0],[106.92014148478833,-6.311476804560494,0]],[[106.92059611636019,-6.312118072602006,0],[106.92049752800004,-6.311961371999912,0],[106.92030477854257,-6.311762046471474,0]],[[106.92181544791528,-6.312260358830761,0],[106.92178514400008,-6.312249058999912,0],[106.92178435014782,-6.312249033006482,0]],[[106.92182202853552,-6.31291194527787,0],[106.921923801,-6.312750397999915,0],[106.92200458888013,-6.312647491155536,0]],[[106.92183917162725,-6.313030125687062,0],[106.92180875400008,-6.313000829999941,0],[106.92180652600017,-6.312952730025982,0]],[[106.92208143015365,-6.313468451792252,0],[106.9220160980001,-6.31331652499995,0],[106.92198914484652,-6.3132324189135876,0]],[[106.92218358947288,-6.313419400148172,0],[106.92214862200005,-6.313451174999988,0],[106.92214673201232,-6.313451683504871,0]],[[106.92232539007081,-6.313919763338253,0],[106.92230321600005,-6.313843625999953,0],[106.92244751200009,-6.313573139999955,0],[106.92250957700007,-6.31344712999992,0],[106.92251212522073,-6.313424439889419,0]],[[106.92252402471962,-6.314137965437842,0],[106.92251637391661,-6.314133944683624,0]],[[106.9220678979638,-6.315469080941176,0],[106.92219778300003,-6.315360153999931,0],[106.92259455800009,-6.314594307999892,0],[106.92276135500003,-6.314316885999942,0],[106.92277649619695,-6.314289016880219,0]],[[106.92192864629209,-6.31566907085274,0],[106.92194167283238,-6.3156449519488,0]],[[106.92202566436468,-6.316772461458557,0],[106.92213805300007,-6.316606588999944,0],[106.92221304300006,-6.316500646999971,0],[106.9222363150001,-6.316332864999945,0],[106.92222709525106,-6.31631595867365,0]],[[106.92204741842937,-6.31749789319324,0],[106.92199806300003,-6.317296986999958,0],[106.92194555000003,-6.3170512689999665,0],[106.92195241800007,-6.316934050999949,0],[106.92199299281495,-6.316837681039315,0]],[[106.9214609365059,-6.318055552969996,0],[106.92166951600011,-6.317907812999961,0],[106.92201600900009,-6.31766437299998,0],[106.92207329000003,-6.317603205999982,0],[106.92207323815511,-6.317602994959907,0]],[[106.92073812475971,-6.318221245522031,0],[106.92077242100005,-6.318138648999964,0],[106.92091647600006,-6.318005807999986,0],[106.92100476700008,-6.317965718999956,0],[106.92114249800002,-6.3180122149999836,0],[106.92130294000006,-6.318081555999948,0],[106.92140912900005,-6.318092248999944,0],[106.9214095907507,-6.31809192193508,0]],[[106.9207239785865,-6.318437181089413,0],[106.92072325300006,-6.318434613999939,0],[106.92072313000006,-6.318424236249813,0]],[[106.9211344013723,-6.319386395733721,0],[106.9211766170001,-6.319317025999942,0],[106.92099560748107,-6.318991171289527,0]],[[106.92087313330717,-6.320133082792749,0],[106.92086225800001,-6.319862341999942,0],[106.92085452400009,-6.319735205999992,0],[106.92090142000006,-6.319646383999926,0],[106.92099598961984,-6.319551598769683,0]],[[106.92080811059168,-6.321543083298879,0],[106.92064059300006,-6.321470373999942,0],[106.92053496900012,-6.3214121499999205,0],[106.92045883700004,-6.321294369999945,0],[106.92044199592048,-6.3212039622678,0]],[[106.92100782841237,-6.32163543366792,0],[106.92099839200009,-6.3216256730000016,0],[106.9209979840998,-6.321625495955045,0]],[[106.92128942845432,-6.322551791839308,0],[106.92125945900003,-6.322506189999936,0],[106.92124557343665,-6.322341943142222,0]],[[106.9215167847513,-6.32388841105959,0],[106.92154965600005,-6.3236346909999614,0],[106.92159381948767,-6.323447584705237,0]],[[106.9192123964331,-6.325126832152643,0],[106.91940193400008,-6.325105822999914,0],[106.9196587220001,-6.325107993999916,0],[106.92014985100005,-6.325080772999973,0],[106.9203833870001,-6.325063391999956,0],[106.92051261500005,-6.325016233999962,0],[106.92065827753133,-6.324847636847013,0]],[[106.91897562727948,-6.325738331358936,0],[106.91894802800009,-6.325687123999961,0],[106.918948141,-6.325512084999955,0],[106.91904012900007,-6.325305532999918,0],[106.91909128761502,-6.325235273401779,0]],[[106.91905692929794,-6.326375930932253,0],[106.91910029000007,-6.3262521889999075,0],[106.91913946500003,-6.326027405999961,0],[106.91908254009853,-6.325928808883267,0]],[[106.91825030446816,-6.3284068398111,0],[106.91821644700003,-6.328210402999927,0],[106.91819107900007,-6.327962342000008,0],[106.91816076500005,-6.327909535999902,0],[106.91826676100003,-6.327614923999951,0],[106.91827516300081,-6.327494607714749,0]],[[106.91984315330508,-6.328409001093275,0],[106.91984311600007,-6.328408985999927,0],[106.91982015087356,-6.328410830262181,0]],[[106.91871964607915,-6.3286990674435035,0],[106.91854369100011,-6.328633173000002,0],[106.91837584000008,-6.328552801999924,0],[106.91827085824355,-6.328434288449129,0]],[[106.91934120287834,-6.328449293176279,0],[106.91933966100007,-6.328449416999986,0],[106.9187763500684,-6.328706189122661,0]],[[106.92034661336565,-6.329031797005451,0],[106.92035990400011,-6.329005965999938,0],[106.92039115555825,-6.32890308832547,0]],[[106.92062931933681,-6.330439796068481,0],[106.92058894400006,-6.3304050519999695,0],[106.92044221100008,-6.3298087659999265,0],[106.92040841560747,-6.329733415966247,0]],[[106.92094020374721,-6.330816110451602,0],[106.9209394680001,-6.330778331999946,0],[106.920899777155,-6.330693159652105,0]],[[106.92073635289847,-6.332430450670705,0],[106.92075512900004,-6.33225663899996,0],[106.9207929616169,-6.3320291628269505,0]],[[106.91999800439321,-6.333475896788558,0],[106.92011516900003,-6.333407956000007,0],[106.92023016286868,-6.333307475967979,0]],[[106.91966160978308,-6.334053078556627,0],[106.9197018570001,-6.33381708099993,0],[106.91973492900009,-6.333687099999922,0],[106.91979162315586,-6.3336209504828584,0]],[[106.91949144270185,-6.335399821889213,0],[106.9194280130001,-6.335169656999932,0],[106.91948075900011,-6.334817369999916,0],[106.91957254074552,-6.3344598596257224,0]],[[106.91956893549101,-6.336230344537912,0],[106.91958005800007,-6.336070178999924,0],[106.9195853281142,-6.335834461955907,0]],[[106.91948940596698,-6.33681021717795,0],[106.91953362900004,-6.3367695989999735,0],[106.91953591721038,-6.336730594388966,0]],[[106.91908282700022,-6.337290543705391,0],[106.91908300200006,-6.3372764719999015,0],[106.91909247902811,-6.337249807361227,0]],[[106.91934616066222,-6.338264259372865,0],[106.91923095100005,-6.338083449999969,0],[106.91917255584671,-6.337940301565263,0]],[[106.9185136117571,-6.339071063318739,0],[106.91875667700006,-6.338950368999933,0],[106.91937271300006,-6.33874434499994,0],[106.9194657080001,-6.338699779999983,0],[106.91950250100004,-6.338627838999981,0],[106.91950232322243,-6.338626749066771,0]],[[106.91825515065045,-6.3396674022593675,0],[106.91822297800005,-6.3395904379999575,0],[106.91821549500006,-6.3393288669999865,0],[106.91838228765573,-6.3391673062730565,0]],[[106.91846284571632,-6.339883866979827,0],[106.91839836000008,-6.339848964999943,0],[106.91834189341925,-6.33979091734526,0]],[[106.9190897019452,-6.340134717356831,0],[106.91895635400006,-6.339992191999981,0],[106.91891050331584,-6.33996437897361,0]],[[106.91936602376839,-6.340633704817515,0],[106.9192744570001,-6.34041785899994,0],[106.91916967155852,-6.34025019553585,0]],[[106.91962540321548,-6.341426308198043,0],[106.91963308700011,-6.34137513599992,0],[106.91961037343955,-6.3412816057482875,0]],[[106.91886862646372,-6.34157188398005,0],[106.91902339500011,-6.341569862999956,0],[106.91924954700008,-6.341596474999937,0],[106.9194752600001,-6.341587365999983,0],[106.91960298660655,-6.341551191973364,0]],[[106.91877846272244,-6.341683577214978,0],[106.91880260200004,-6.341628995999963,0],[106.91884000777337,-6.341595726220676,0]],[[106.91862022422573,-6.342184812020728,0],[106.91863627700005,-6.342101744999999,0],[106.91869422878608,-6.341918582673449,0]],[[106.91850939136533,-6.342503902746126,0],[106.91850633500005,-6.342448043999964,0],[106.91856019128232,-6.342344397964476,0]],[[106.91881168012931,-6.342854987004502,0],[106.91877997000003,-6.342846986999932,0],[106.91873167924943,-6.342825855999694,0]],[[106.91940150308237,-6.3433726396925945,0],[106.91930759400009,-6.343080203999955,0],[106.91927354304283,-6.343013955567171,0]],[[106.91862303489096,-6.343671565252988,0],[106.91877224300002,-6.343613656999951,0],[106.91921926400006,-6.34364287699997,0],[106.91936492700003,-6.343650076999944,0],[106.91942639900006,-6.343612038999906,0],[106.91942927627491,-6.343587207134275,0]],[[106.91716630776563,-6.344513771090147,0],[106.91720134000008,-6.344230722999937,0],[106.9172370270001,-6.343993827999965,0],[106.9172993290001,-6.343852689999922,0],[106.91736100200005,-6.3437881789999135,0],[106.91775683100012,-6.34383978599992,0],[106.91802892600006,-6.343868424999892,0],[106.91809904300001,-6.3438758049999695,0],[106.91823610378336,-6.343822316701379,0]],[[106.91698611183536,-6.345596251895229,0],[106.91698557600007,-6.345557399999928,0],[106.9170686420001,-6.345219980999987,0],[106.91707919600009,-6.3451465189999485,0],[106.91711711080276,-6.344882516765653,0]],[[106.9171514228264,-6.346156389173656,0],[106.91718391000005,-6.346125178999921,0],[106.91719381681551,-6.346102469499774,0]],[[106.91594372921834,-6.346250502366006,0],[106.91594734400006,-6.346243809999967,0],[106.91608353100004,-6.346200460000022,0],[106.91631700700009,-6.346215408999926,0],[106.91665604100007,-6.346239623999976,0],[106.91699215900009,-6.346228180999917,0],[106.91706276311197,-6.346211283324569,0]],[[106.91607703009578,-6.346665051370552,0],[106.91601052900005,-6.346573761999911,0],[106.91597402957353,-6.346501252262053,0]],[[106.91674403133544,-6.346952029476187,0],[106.91671863600001,-6.346910893000006,0],[106.91670174409028,-6.3468948916024654,0]],[[106.91706904421099,-6.348152886724227,0],[106.91717774200008,-6.348044147999891,0],[106.91720572206287,-6.347991740356955,0]],[[106.91701915152741,-6.348188610624865,0],[106.91703700800007,-6.348184934999994,0],[106.91703706447977,-6.348184878498968,0]],[[106.91634356285822,-6.348457830862079,0],[106.91649619300009,-6.348318333999929,0],[106.91668132400012,-6.3482259879999265,0],[106.91683288000004,-6.348213329999945,0],[106.91694424300003,-6.348204029999975,0],[106.91694514019115,-6.348203845319704,0]],[[106.91612213986859,-6.348798611465549,0],[106.91613157000002,-6.348756989999986,0],[106.91634124050516,-6.34846108112516,0]],[[106.91625117356965,-6.348982431742149,0],[106.91614816500007,-6.348941278999957,0],[106.91612806945635,-6.348911056724431,0]],[[106.91686116976747,-6.349220569915774,0],[106.91675862700004,-6.349142509999998,0],[106.91636450958133,-6.3490183593668466,0]],[[106.91775353534845,-6.350221313721464,0],[106.91774838400003,-6.350203131999914,0],[106.91772453334765,-6.350179482286881,0]],[[106.91753817806284,-6.350801496358331,0],[106.91759455,-6.350784320999951,0],[106.91759499294311,-6.3507839260671535,0]],[[106.9170913848573,-6.3508676379391655,0],[106.91715276600004,-6.350846054999996,0],[106.91744813700006,-6.3508289300000005,0],[106.91744848502078,-6.350828823965353,0]],[[106.9169639061069,-6.35099320068843,0],[106.91696906700012,-6.350986168999954,0],[106.91697194498616,-6.350982506851947,0]],[[106.91653447203646,-6.351430288822117,0],[106.91660254478728,-6.351383297031392,0]],[[106.91646630608136,-6.351694287484248,0],[106.91646770901077,-6.35166387355927,0]],[[106.91676767690983,-6.352463350603125,0],[106.91675700200008,-6.352288656999987,0],[106.91675845674014,-6.352140031904733,0]],[[106.91730511898095,-6.352882691186538,0],[106.91728555900002,-6.35286143999995,0],[106.91726009900005,-6.352833777999971,0],[106.91725961045734,-6.352833618704194,0]],[[106.91649059026784,-6.3537267655249625,0],[106.91658094200008,-6.353689496999985,0],[106.91673527000006,-6.353612589999928,0],[106.91675803000007,-6.3535797769999665,0],[106.91690948400009,-6.353365878999943,0],[106.9171096841005,-6.353176831875766,0]],[[106.91603644049361,-6.354164614659512,0],[106.91617193200007,-6.353973342999934,0],[106.9162210231482,-6.353891728373144,0]],[[106.91554982597746,-6.355125320840608,0],[106.91549080400003,-6.3550911019999585,0],[106.91546224000007,-6.354976817999917,0],[106.91552175452297,-6.354815479855828,0]],[[106.91704500288091,-6.356066210582993,0],[106.91687177400007,-6.355828812999979,0],[106.91669035700006,-6.355716740999943,0],[106.9164492013902,-6.355587899643249,0]],[[106.91710307741116,-6.356421151065954,0],[106.91711011400007,-6.356331227999894,0],[106.91704620500012,-6.356067857999951,0],[106.91704576130267,-6.356067249944834,0]],[[106.9156915001646,-6.356511078017528,0],[106.91574305900012,-6.356479723999923,0],[106.91602898500005,-6.356436940000025,0],[106.91619016900007,-6.356446612999937,0],[106.91631781100007,-6.356474357999923,0],[106.91658421000008,-6.356578718999943,0],[106.91673927100003,-6.356631052999921,0],[106.91679737200005,-6.356633920999981,0],[106.91688796100007,-6.356637056999974,0],[106.91698709140334,-6.356600090368529,0]],[[106.9147873562628,-6.3582849730843645,0],[106.91479645300004,-6.358175352999977,0],[106.91474435300009,-6.357874453999949,0],[106.91471167100005,-6.357682973999916,0],[106.91474356200011,-6.357592324999965,0],[106.9149334410001,-6.3574413839999995,0],[106.91500396300007,-6.357387037999944,0],[106.91504801400008,-6.357356541999907,0],[106.91508621060284,-6.357270221754556,0]],[[106.91455636531484,-6.358432657124473,0],[106.91472031100005,-6.358425416999973,0],[106.91473501000011,-6.358416999999987,0],[106.91476326038526,-6.358400808538482,0]],[[106.91363769232979,-6.35887430837027,0],[106.91360819600004,-6.358816744999933,0],[106.91362171057777,-6.358750324774968,0]],[[106.91422899508783,-6.35898534554075,0],[106.91420868100008,-6.358968221999943,0],[106.91420560120757,-6.358967005331133,0]],[[106.91425365195894,-6.3601163864430195,0],[106.91420946100006,-6.360016722999921,0],[106.91421579700005,-6.359870448999986,0],[106.9144470900001,-6.359496341999941,0],[106.91448586300001,-6.359375425999973,0],[106.914469513031,-6.359311965218543,0]],[[106.91440044544262,-6.360273600172166,0],[106.91438449200007,-6.360266173999955,0],[106.91426824121649,-6.360133221810786,0]],[[106.91527333789553,-6.360378249006297,0],[106.915272573,-6.360377896999962,0],[106.91522596072596,-6.360395168811321,0]],[[106.9148424186579,-6.360467150045805,0],[106.91478538188962,-6.360441831890055,0]],[[106.9150268496999,-6.360472604780336,0],[106.91500804224093,-6.360480321497823,0]],[[106.9154609226755,-6.360577271730554,0],[106.91545371000007,-6.3605238919999625,0],[106.91541679169823,-6.36047833431194,0]],[[106.91476374880807,-6.3611830372729035,0],[106.91501772300005,-6.361091859999972,0],[106.91519307200008,-6.361036320999995,0],[106.9153393450001,-6.360911533999973,0],[106.91542229700005,-6.360780110999935,0],[106.91544672400002,-6.360682256999921,0],[106.91545995702856,-6.36062923793496,0]],[[106.91457384300018,-6.361466112738549,0],[106.91457548800005,-6.361356553999935,0],[106.9146151851744,-6.361289835327481,0]],[[106.91471356462841,-6.361721361534604,0],[106.91463767700004,-6.36162163899993,0],[106.91457700693516,-6.361477230646388,0]],[[106.91613569914638,-6.362665421480022,0],[106.91601166300005,-6.36256412899993,0],[106.91591064830565,-6.362533005395791,0]],[[106.91615292769252,-6.362692215356651,0],[106.91613828600005,-6.362667533999959,0],[106.91613793119772,-6.362667244255286,0]],[[106.91613530444965,-6.36301709963764,0],[106.91620958800009,-6.36288927700001,0],[106.91621926835731,-6.362820431822096,0]],[[106.91488879629385,-6.363318852602477,0],[106.9148948380001,-6.363288576999919,0],[106.91501628900002,-6.363188889999931,0],[106.91513781300004,-6.363145447999978,0],[106.91545705000007,-6.363201685000012,0],[106.91568023500007,-6.363234553999979,0],[106.91584497800002,-6.363228789999946,0],[106.9158556230001,-6.363228416000004,0],[106.91596472810016,-6.363184712446428,0]],[[106.91501920161026,-6.3639529468888885,0],[106.91503260000005,-6.36391322199991,0],[106.91501106074043,-6.363839429506816,0]],[[106.91433977438308,-6.365559116068058,0],[106.91434494800008,-6.36554618699993,0],[106.91445343800008,-6.365275044999967,0],[106.9145115210001,-6.364897005999952,0],[106.91451348800008,-6.364884186999957,0],[106.91453878000004,-6.364673441000017,0],[106.91487472200004,-6.364179285999986,0],[106.9149647414887,-6.364058578608438,0]],[[106.9140163417886,-6.36644858961221,0],[106.91409565600006,-6.366367811999966,0],[106.91414651083116,-6.36617218522572,0]],[[106.91288724340784,-6.367202780221197,0],[106.91305728600011,-6.367115510999925,0],[106.91324004300004,-6.367031862000021,0],[106.91349917100008,-6.3667232369999756,0],[106.9136542665301,-6.366664999430364,0]],[[106.91192175261173,-6.367393232332878,0],[106.91197482927045,-6.367368979553715,0]],[[106.91202806856333,-6.367383312032297,0],[106.91207157156657,-6.367395214876163,0]],[[106.91208860550927,-6.36741756685341,0],[106.91215512700008,-6.367505728999971,0],[106.91218304000007,-6.367607564999959,0],[106.91205465805083,-6.367887307200652,0]],[[106.91061414693209,-6.367938715547032,0],[106.91067533900012,-6.367882767999992,0],[106.91092156200007,-6.367851820999919,0],[106.91131685700009,-6.367790350999984,0],[106.91150849574257,-6.367662016271629,0]],[[106.91249344087504,-6.368061316708788,0],[106.91249987700009,-6.36796192999997,0],[106.91250077987485,-6.367888555251026,0]],[[106.91061636968473,-6.3684001620360515,0],[106.91058636800004,-6.368271400999996,0],[106.91057120700003,-6.368059773999983,0],[106.91061314741633,-6.367941348933607,0]],[[106.91215530963959,-6.368362541289089,0],[106.91220715600012,-6.368412065999999,0],[106.91226032655794,-6.368432843321552,0]],[[106.91230189622911,-6.36844908739466,0],[106.91230392200005,-6.368449878999931,0],[106.91239180400004,-6.36843878599999,0],[106.9124116733439,-6.36842354187687,0]],[[106.91070574200006,-6.368965934982411,0],[106.91070886800006,-6.368933535999892,0],[106.9107157605378,-6.368862182779582,0]],[[106.9102383235268,-6.3694069077075905,0],[106.91022685400004,-6.36934799999999,0],[106.91024083500005,-6.369201632999959,0],[106.91048756400004,-6.369119347999989,0],[106.91063878100003,-6.369059641000023,0],[106.91067332872471,-6.36902289761098,0]],[[106.90999053586343,-6.370384099233865,0],[106.91007991700006,-6.370354681999972,0],[106.91023559000006,-6.37025136999995,0],[106.91029153172474,-6.370190246253708,0]],[[106.90921892022085,-6.370700241029629,0],[106.90934767700004,-6.370681204999899,0],[106.90945334256301,-6.370619419472005,0]],[[106.90877927243538,-6.370914513922392,0],[106.90886805800007,-6.370842322999996,0],[106.9089624333381,-6.370796830837692,0]],[[106.90787843709164,-6.3711403802363105,0],[106.90789320650605,-6.371093950200761,0]],[[106.90801968497526,-6.37112170770177,0],[106.90820383500008,-6.371162589999939,0],[106.90834013000008,-6.371173431999948,0],[106.90841473603707,-6.371148049744539,0]],[[106.90806663264429,-6.372213047996349,0],[106.90811109400005,-6.372037955999891,0],[106.90811108072506,-6.37202642665237,0]],[[106.90805131519824,-6.3722287054538125,0],[106.90806581600003,-6.37221626399999,0],[106.90806591464646,-6.372215875523272,0]],[[106.90779732260754,-6.372481198515471,0],[106.90779220800005,-6.372477166999905,0],[106.90784428043183,-6.3724233352035515,0]],[[106.90859363479164,-6.3729808737426215,0],[106.908587094,-6.372926659999971,0],[106.90855780500006,-6.372868153999926,0],[106.9085184579325,-6.372809939313699,0]],[[106.90818166091778,-6.373395957387144,0],[106.90830304400004,-6.373342994999957,0],[106.90846349200008,-6.373266761999956,0],[106.90850988036043,-6.373223769442442,0]],[[106.90796509647353,-6.374069495379901,0],[106.907908805,-6.373960597999899,0],[106.90793407383983,-6.373818269454061,0]],[[106.90833956200217,-6.374340146109462,0],[106.90829657700003,-6.374311862999919,0],[106.90823614192628,-6.3742826102092405,0]]]},"properties":{}},{"type":"Feature","geometry":{"bbox":[107.00346782300004,-6.334351264999986,107.01003742500004,-6.326677333999912],"type":"LineString","coordinates":[[107.00346782300004,-6.334351264999986,0],[107.00352678900003,-6.334298699999989,0],[107.0036747930001,-6.334121119999951,0],[107.00377808200004,-6.333977396999961,0],[107.00396861000009,-6.333563072999963,0],[107.00399573500002,-6.333445492999916,0],[107.00399693500012,-6.33344029899993,0],[107.00391093200001,-6.3332796239999585,0],[107.0038539640001,-6.3331893819999525,0],[107.00391221700004,-6.3328045799999995,0],[107.00403126200011,-6.332257089999908,0],[107.00407915800008,-6.331850829999956,0],[107.00410439700003,-6.331787916999902,0],[107.00415546600009,-6.331660606999938,0],[107.00429608000009,-6.331359150999953,0],[107.00437741800006,-6.331163419999923,0],[107.00475492100013,-6.331128964000003,0],[107.0051432980001,-6.331060227,0],[107.00525388500002,-6.330976823999938,0],[107.00530535600011,-6.330796957999977,0],[107.00539135800003,-6.330496381999977,0],[107.00539235700002,-6.330492906999956,0],[107.00549082400009,-6.330242665999945,0],[107.00575333300004,-6.3298638029999506,0],[107.00606789200005,-6.329581789999976,0],[107.00625350700004,-6.329463831999897,0],[107.0064119020001,-6.329379954999974,0],[107.00657768400004,-6.329229535999962,0],[107.00674447500008,-6.329057334000014,0],[107.00680709800011,-6.329023035000018,0],[107.00693284800012,-6.328954155999915,0],[107.00716356800011,-6.328692691999953,0],[107.00728315100005,-6.328561617999943,0],[107.00731312300005,-6.328540436999967,0],[107.00739374300007,-6.328463386999987,0],[107.00755930100009,-6.328255125999897,0],[107.00768988700005,-6.328128249999969,0],[107.00780469500005,-6.328092167000003,0],[107.00791419400005,-6.328040861999932,0],[107.00832705100001,-6.327694840999902,0],[107.0088733370001,-6.327382909999939,0],[107.0088563780001,-6.3272896389999485,0],[107.00875447200012,-6.327198965999996,0],[107.00874114800008,-6.3271182019999745,0],[107.00882025900005,-6.326910338999918,0],[107.00898363400007,-6.326747759999966,0],[107.00914681400008,-6.326677333999912,0],[107.00935599300006,-6.326678659000022,0],[107.00936790000007,-6.326684832999911,0],[107.00944858999999,-6.326726704999912,0],[107.00949014000005,-6.326748259999919,0],[107.00950305800006,-6.3268619610000005,0],[107.00956339900007,-6.32716323599997,0],[107.0096473890001,-6.327306106999979,0],[107.00972351100009,-6.3273044749999325,0],[107.01003742500004,-6.327277375999911,0]]},"properties":{}},{"type":"Feature","geometry":{"bbox":[106.97173598000008,-6.268020259999966,106.97610580200006,-6.2478031029999865],"type":"LineString","coordinates":[[106.97186240100005,-6.268020259999966,0],[106.97188666900011,-6.2677649609999815,0],[106.97190537500006,-6.267465317999969,0],[106.97195624900009,-6.26702914399994,0],[106.97210385500004,-6.265503540999921,0],[106.97213226600009,-6.265141586999993,0],[106.97213290400005,-6.265133483999945,0],[106.97220692400005,-6.264258781999958,0],[106.9722472030001,-6.263794647999925,0],[106.97227783600006,-6.2634393939999295,0],[106.97235649500008,-6.262527289999957,0],[106.97238400900005,-6.2621236429999545,0],[106.9723104340001,-6.26203629500001,0],[106.97225082700004,-6.2620090609999775,0],[106.97201826600008,-6.261956385999971,0],[106.97189986900004,-6.261879059999968,0],[106.97179613200008,-6.261745173999904,0],[106.97174078600003,-6.261570185999991,0],[106.97173598000008,-6.2614452209999545,0],[106.97184875500008,-6.261182437999972,0],[106.97219282000003,-6.2608531569999055,0],[106.9723471810001,-6.260662128999998,0],[106.97245671900002,-6.260466259999957,0],[106.97264913200004,-6.25871681599998,0],[106.97300011900005,-6.257263879999934,0],[106.97311565800001,-6.256895477999917,0],[106.9731445960001,-6.25674821899999,0],[106.97319568300006,-6.256517843999935,0],[106.97325025200004,-6.256271787999916,0],[106.9734645030001,-6.255801051999958,0],[106.97354315300004,-6.255572679999981,0],[106.97356589600005,-6.255510582999905,0],[106.97357452400006,-6.255481392999977,0],[106.97358202400005,-6.25544337499994,0],[106.97361016800006,-6.255339650999973,0],[106.97381297800007,-6.254606073999939,0],[106.97394766400002,-6.253913219999989,0],[106.97407218300002,-6.253272679999926,0],[106.97410151100004,-6.253174076999938,0],[106.97415227000008,-6.253003436999942,0],[106.97419485900004,-6.2527862129999985,0],[106.97426336100003,-6.252436793999953,0],[106.97431047900001,-6.252196470999964,0],[106.97431745700005,-6.252129649999942,0],[106.97437776700008,-6.251552401999964,0],[106.974408092,-6.251262091999925,0],[106.97469926100003,-6.250253626999973,0],[106.97478984200006,-6.250000396999981,0],[106.9748149860001,-6.249930113999939,0],[106.97489046700004,-6.249793998999957,0],[106.97504008300008,-6.249735863999943,0],[106.975238882,-6.249616780999949,0],[106.97563918600008,-6.249317702999983,0],[106.97591213700011,-6.249151453999994,0],[106.97610580200006,-6.2490777469999355,0],[106.97608714000002,-6.248715356999972,0],[106.9760816240001,-6.248608241999902,0],[106.9760548520001,-6.2482755179999945,0],[106.97602210100005,-6.247909590999916,0],[106.97601833200011,-6.2478031029999865,0]]},"properties":{}},{"type":"Feature","geometry":{"bbox":[107.01997220600003,-6.230705704999943,107.03488267990511,-6.225664806999946],"type":"MultiLineString","coordinates":[[[107.01997220600003,-6.230705704999943,0],[107.02015828100006,-6.230567698999982,0],[107.02045682000008,-6.230346278999958,0],[107.02124742200003,-6.229804638999996,0],[107.02181436800005,-6.229382470999971,0],[107.02218775700004,-6.229013046999958,0],[107.02256165800006,-6.228695025999935,0],[107.02432867700007,-6.227336500999973,0],[107.0247208790001,-6.226992552999937,0],[107.02531203800008,-6.226483100999973,0],[107.02573543000003,-6.226152349999962,0],[107.02606717200003,-6.225921054000009,0],[107.02648537300009,-6.22572579699993,0],[107.02680930800007,-6.225687503999959,0],[107.027436616,-6.225664806999946,0],[107.02793751500006,-6.225780447000011,0],[107.02798376100007,-6.225785386999975,0],[107.02825903700003,-6.225859754999911,0],[107.02929970900006,-6.226281596999998,0],[107.02934621800009,-6.226321964999963,0],[107.02956839600009,-6.22640207899993,0],[107.030377865,-6.226684586999946,0],[107.03038005930928,-6.22668535279484,0]],[[107.03399610801303,-6.226724825342648,0],[107.03400026200005,-6.2267240199999225,0],[107.03488247200004,-6.226552977999981,0],[107.03488267990511,-6.226552706204506,0]]]},"properties":{}},{"type":"Feature","geometry":{"bbox":[106.95652299800007,-6.2494002299999725,106.96086605100007,-6.237184933999933],"type":"LineString","coordinates":[[106.96086605100007,-6.237184933999933,0],[106.96080047800005,-6.237194879999956,0],[106.96061430900002,-6.237321251999932,0],[106.96053775300008,-6.237458562999924,0],[106.96032239200011,-6.237866843999955,0],[106.96019619900007,-6.238125533999954,0],[106.9599722,-6.23863825400001,0],[106.9599025210001,-6.238664107999929,0],[106.9597823280001,-6.238697039999989,0],[106.95974171700003,-6.238777366999974,0],[106.95965310300006,-6.238937415999983,0],[106.95944447300003,-6.239076157999916,0],[106.95932863800004,-6.239348344999966,0],[106.95910628800003,-6.239877186999935,0],[106.95895581500011,-6.240115570999942,0],[106.95879908700002,-6.240358218999946,0],[106.95862794100006,-6.240564855999901,0],[106.95856026700007,-6.240646559,0],[106.95822333500007,-6.2411942889999334,0],[106.95798666500012,-6.241653206999979,0],[106.95775493000004,-6.2421707109999875,0],[106.95761644300003,-6.242450268999937,0],[106.95755840000004,-6.242609733999897,0],[106.95759160800012,-6.242664787999923,0],[106.95769584900003,-6.242800177999934,0],[106.9577115900001,-6.242995289000001,0],[106.95762284800013,-6.243897137999925,0],[106.95759396100004,-6.2441906819999655,0],[106.95759793900002,-6.244310506000021,0],[106.95754954700001,-6.244322294999931,0],[106.95697087800009,-6.24434758399998,0],[106.95695927200002,-6.244630900999974,0],[106.95697441000003,-6.245252525999982,0],[106.95697596700008,-6.2453165029999465,0],[106.95695369500001,-6.2455033199999495,0],[106.95694993300005,-6.245736095999936,0],[106.95658802000013,-6.245764212999953,0],[106.95656427300011,-6.2461817539999505,0],[106.95653049400008,-6.247138331999961,0],[106.95652299800007,-6.247688670999933,0],[106.95654453100008,-6.248547834999966,0],[106.95658894600011,-6.248737485999937,0],[106.95675553100004,-6.249174724999966,0],[106.95689767000007,-6.249238477999912,0],[106.95706448500002,-6.249219909999974,0],[106.95727914800003,-6.249232482999949,0],[106.95729464700005,-6.249277494999943,0],[106.95729149000006,-6.2494002299999725,0]]},"properties":{}},{"type":"Feature","geometry":{"bbox":[106.90509074200008,-6.388285250999941,106.9100599550001,-6.384447440999923],"type":"LineString","coordinates":[[106.9100599550001,-6.388285250999941,75.12369999999646],[106.90980058000004,-6.3881497899999236,73.99049999999988],[106.90962674300005,-6.38802094700001,73.49060000000463],[106.90940690300006,-6.387950083000009,72.89059999999881],[106.90903218000005,-6.3878728509999245,72.32399999999325],[106.90874279000009,-6.387746749999971,71.65739999999641],[106.90848784500005,-6.387560396999918,70.92410000000382],[106.90839457800006,-6.38734107599989,69.79090000000724],[106.90835895100004,-6.387082229999967,68.8243999999977],[106.90825846100007,-6.38678431399992,67.0911999999953],[106.90806097600007,-6.386509883999951,66.02460000000428],[106.90784068300006,-6.386316466999935,65.25800000000163],[106.90755322200008,-6.3860863019999865,64.82480000000214],[106.90728415000011,-6.385828320999957,64.25810000000638],[106.9070661280001,-6.3856256459999745,63.12489999999525],[106.90686693900005,-6.3855130789999865,61.82510000000184],[106.90662402500003,-6.385453862999972,60.458499999993364],[106.9062170440001,-6.385404494999973,58.99199999999837],[106.90619188400007,-6.385402209999961,58.79099999999744],[106.90603788700011,-6.385364002999909,57.67399999999907],[106.90588513900008,-6.385272355999964,57.67399999999907],[106.90573569000006,-6.38516388099996,57.67399999999907],[106.90557667000004,-6.385043107999914,57.67399999999907],[106.90548045600008,-6.384935556999986,57.67399999999907],[106.90539007200006,-6.384813408999916,57.67399999999907],[106.90530731800006,-6.384709170999907,57.67399999999907],[106.9052445490001,-6.384630084000024,57.67399999999907],[106.90509074200008,-6.384447440999923,57.41030000000319]]},"properties":{}},{"type":"Feature","geometry":{"bbox":[106.9351744840001,-6.346478218,106.93908462300006,-6.33882807399994],"type":"LineString","coordinates":[[106.9351744840001,-6.346431567999959,0],[106.9354363530001,-6.346468698000011,0],[106.93552353000011,-6.346478218,0],[106.93558324300008,-6.346412337999967,0],[106.93567025300008,-6.3456101539999406,0],[106.93568929700007,-6.345410183999915,0],[106.93581636400009,-6.345241398999983,0],[106.93595150300008,-6.345092365999998,0],[106.93634195800006,-6.344307673999909,0],[106.93641156900004,-6.344032110999935,0],[106.93644255400004,-6.3439178149999815,0],[106.93663240800002,-6.3437008319999695,0],[106.93664295800001,-6.34360017399999,0],[106.93666075000006,-6.343430495999984,0],[106.93656472000002,-6.343196390999976,0],[106.93654202,-6.343070559999957,0],[106.93653250200002,-6.342811123999985,0],[106.9365194710001,-6.342406835999929,0],[106.93653223100009,-6.342285735999946,0],[106.93691111000008,-6.34197353099996,0],[106.93706537100006,-6.341863746999936,0],[106.93721870400013,-6.341815101999908,0],[106.93736796000005,-6.341817066999981,0],[106.93755504100007,-6.341946531999946,0],[106.93764316600007,-6.342009354999993,0],[106.93770529900007,-6.342008435999917,0],[106.93782833900012,-6.341843309999932,0],[106.93790799400006,-6.34171172599997,0],[106.93817547900007,-6.341228228000022,0],[106.93822426000011,-6.341151340999966,0],[106.9382789800001,-6.341065109999937,0],[106.93851222800004,-6.3406717889999005,0],[106.93859469600002,-6.340538802999999,0],[106.93866568200004,-6.3404477999999305,0],[106.93868639700007,-6.340318036999941,0],[106.93896193200004,-6.339599683999923,0],[106.93908462300006,-6.339261566999925,0],[106.93899220500005,-6.338958889999928,0],[106.9390430890001,-6.33882807399994,0]]},"properties":{}},{"type":"Feature","geometry":{"bbox":[107.03739566000006,-6.229679797999969,107.03749755957391,-6.229412921585668],"type":"LineString","coordinates":[[107.03739566000006,-6.229679797999969,0],[107.03743936000004,-6.229558447999965,0],[107.0374734690001,-6.229463742999945,0],[107.03749755957391,-6.229412921585668,0]]},"properties":{}},{"type":"Feature","geometry":{"bbox":[107.02270985500007,-6.306211454999959,107.02612545400005,-6.303159228999926],"type":"LineString","coordinates":[[107.02387028100007,-6.303159228999926,0],[107.02383261200006,-6.3032315109999555,0],[107.02376586200005,-6.303493524999963,0],[107.02371099100013,-6.30359415299994,0],[107.02359200600004,-6.303616203999988,0],[107.02334024200009,-6.303611737999974,0],[107.02305204400005,-6.303641660999963,0],[107.02286623500004,-6.303743636999963,0],[107.02285653300004,-6.3037489639999595,0],[107.02279144500007,-6.303861790999969,0],[107.02270985500007,-6.304181342999941,0],[107.02273239400007,-6.304368894999916,0],[107.02275448000003,-6.304390831999955,0],[107.02285571600005,-6.304491386999926,0],[107.02301096300002,-6.304637867999967,0],[107.0235077660001,-6.305470366999925,0],[107.02365550300006,-6.30570968699992,0],[107.02365313500005,-6.3059375759999465,0],[107.02364825700009,-6.30619178199993,0],[107.02366782300001,-6.30619285399993,0],[107.02400658300007,-6.306211454999959,0],[107.02543264200003,-6.3060475759999886,0],[107.02558780700006,-6.305951512999945,0],[107.02571956000004,-6.305766977999953,0],[107.02579285700007,-6.305715802999982,0],[107.02581599200003,-6.30572387699994,0],[107.02612545400005,-6.305831920999909,0]]},"properties":{}},{"type":"Feature","geometry":{"bbox":[107.01529629800004,-6.271493533999932,107.01558264400002,-6.269869806999965],"type":"LineString","coordinates":[[107.01558264400002,-6.271493533999932,0],[107.01553228500003,-6.271454110999956,0],[107.01549939200007,-6.271412703999905,0],[107.01542746000005,-6.271322166999964,0],[107.01531128700013,-6.2710820129999885,0],[107.0152980720001,-6.271054687999948,0],[107.01529682300009,-6.270343738999921,0],[107.01529656300006,-6.270179523999923,0],[107.01529629800004,-6.270007126999959,0],[107.01530130900001,-6.269869806999965,0]]},"properties":{}},{"type":"Feature","geometry":{"bbox":[106.99783568300006,-6.3528523859999115,107.0007527420001,-6.3446668069999586],"type":"LineString","coordinates":[[106.99783568300006,-6.3528523859999115,0],[106.99798953100009,-6.352691145999893,0],[106.99822640100005,-6.35232495599997,0],[106.99828581400008,-6.3522236689999385,0],[106.99834358900007,-6.352224927999954,0],[106.99850758800005,-6.352305724999978,0],[106.99858957800008,-6.3523178669999165,0],[106.99865624200001,-6.352238863999952,0],[106.9987421810001,-6.352054415999968,0],[106.99884536400002,-6.3518986059999545,0],[106.9989784520001,-6.351813921999964,0],[106.99909872300012,-6.351709921999975,0],[106.99909892700003,-6.351633960999907,0],[106.99905352300001,-6.351562460999942,0],[106.99888509100002,-6.351442832999991,0],[106.99876172800003,-6.351328770999968,0],[106.99878293200001,-6.3512737119999425,0],[106.9989042120001,-6.351121891999993,0],[106.99895383500002,-6.351059762000004,0],[106.99912335500002,-6.350784709999983,0],[106.99922907900006,-6.350517127999959,0],[106.99925734100009,-6.350433924999914,0],[106.99935112200004,-6.35015789099999,0],[106.999462421,-6.350014434999933,0],[106.99962356200011,-6.349811362000006,0],[106.99979873600003,-6.34952420099996,0],[106.9999992250001,-6.349218311999964,0],[107.00026306800008,-6.348815769999964,0],[107.00030012900004,-6.34864813699995,0],[107.00035604600005,-6.348444158999948,0],[107.00049263500007,-6.348082261999936,0],[107.0005262320001,-6.347993251999943,0],[107.00053571299999,-6.347968136999997,0],[107.00055027500004,-6.347903727999908,0],[107.00056285000002,-6.3478068349999734,0],[107.00062654000004,-6.34772974199999,0],[107.00069283200011,-6.347622360999898,0],[107.00075078900002,-6.347429947999965,0],[107.00072828900002,-6.34728711799996,0],[107.00070066500005,-6.347135203999914,0],[107.00071933900009,-6.3469513419999775,0],[107.00071606500008,-6.346892118999962,0],[107.00068560500004,-6.346833923999943,0],[107.00068903800006,-6.346726035999987,0],[107.00068161400007,-6.346659279999971,0],[107.0006744060001,-6.346594485999939,0],[107.00058953200009,-6.346544221999954,0],[107.00048284200005,-6.3464652739999945,0],[107.00052623,-6.346300111999918,0],[107.00055211200002,-6.34614376899995,0],[107.00054412100006,-6.345936801999967,0],[107.0007527420001,-6.345311367999999,0],[107.00066908400001,-6.345264687999956,0],[106.99999913700009,-6.345039455999972,0],[106.99988713000006,-6.345001799999965,0],[106.99976660100003,-6.344940254999935,0],[106.99970741600002,-6.344866302999945,0],[106.99959602700005,-6.344761452999974,0],[106.99952067900003,-6.3446668069999586,0]]},"properties":{}},{"type":"Feature","geometry":{"bbox":[106.96889408400004,-6.2817711249999615,106.98895163200004,-6.253384419999934],"type":"LineString","coordinates":[[106.96946956600004,-6.2817711249999615,0],[106.96955578300008,-6.281687369999959,0],[106.969640854,-6.281601675999974,0],[106.96965828600011,-6.281443663999957,0],[106.96964050100007,-6.281286706999937,0],[106.96961557600005,-6.281225141999906,0],[106.96945763400004,-6.280835120999965,0],[106.9693200020001,-6.280571678999928,0],[106.96919027400011,-6.280310394999981,0],[106.96899088500005,-6.279796993999957,0],[106.96892151000009,-6.27930622099994,0],[106.96889408400004,-6.278886967999979,0],[106.96889757700006,-6.278546732999894,0],[106.96898885800006,-6.2780192279999465,0],[106.96905464100008,-6.277741911000005,0],[106.96916830900008,-6.277175175000009,0],[106.96943829000013,-6.276628137999955,0],[106.96952946000003,-6.276487361999942,0],[106.97020178400005,-6.276457428999953,0],[106.97066100000004,-6.276508987999955,0],[106.97094782100005,-6.2765486109999475,0],[106.97106330900002,-6.276545707999974,0],[106.97121701200004,-6.276450325999987,0],[106.97171388600012,-6.275793345999984,0],[106.97231650600006,-6.274986593999936,0],[106.97232102000008,-6.274980790999988,0],[106.97246959200002,-6.274789945999919,0],[106.97287124700004,-6.2742833239999225,0],[106.97316732800002,-6.273909873999932,0],[106.97335304600003,-6.273697923999981,0],[106.97371738500006,-6.273376726999961,0],[106.97383209200005,-6.273332093999999,0],[106.97419219300009,-6.273454814999939,0],[106.97446047000008,-6.2735323419999585,0],[106.97479805800003,-6.2735596479999085,0],[106.97495679500011,-6.2735420159999595,0],[106.97528626300002,-6.273411840999936,0],[106.9753194450001,-6.273398733000006,0],[106.97554350100008,-6.27325731899994,0],[106.97588685200006,-6.2730275779999385,0],[106.97590628300007,-6.273012378999924,0],[106.97709751000005,-6.272080907999948,0],[106.97713125600008,-6.27200388699997,0],[106.97739663200011,-6.271398245999952,0],[106.97750326900004,-6.271250757000006,0],[106.97774426700009,-6.271088285999975,0],[106.97811739100005,-6.270922377000014,0],[106.97842041900007,-6.270768233999961,0],[106.97869420000008,-6.270551781999904,0],[106.97891268800004,-6.270333395999954,0],[106.97908887100006,-6.27016267099995,0],[106.97921558700006,-6.270044749999963,0],[106.97934207800004,-6.269838410999943,0],[106.97946732400001,-6.269589338999941,0],[106.97996803100006,-6.269097637999936,0],[106.98008288500006,-6.26898485299993,0],[106.98049098800007,-6.268688883999955,0],[106.98064144300008,-6.268579308999948,0],[106.98076258200007,-6.268441772999937,0],[106.98081288300006,-6.26827946999992,0],[106.98086349400008,-6.268082240999943,0],[106.98105222800005,-6.267940661999953,0],[106.98129529800009,-6.267758309999964,0],[106.98141469100003,-6.267677710999957,0],[106.98145967900011,-6.267613774999996,0],[106.98137969000005,-6.267192075000009,0],[106.98114779100005,-6.266482208999983,0],[106.98110416800009,-6.266146792999942,0],[106.98112382100003,-6.266046562999998,0],[106.98121223800005,-6.265943379999987,0],[106.98131164500002,-6.265869970999953,0],[106.98141747500007,-6.265834709999966,0],[106.98147468200001,-6.265824204999985,0],[106.98224681900004,-6.265484133000003,0],[106.98310960600011,-6.265104145999915,0],[106.98312030400011,-6.265099430999969,0],[106.98360167500006,-6.264889226999985,0],[106.98363679000003,-6.264861835999939,0],[106.98388852500007,-6.264692098999928,0],[106.9842011710001,-6.264399509999967,0],[106.98440453900005,-6.264219623000004,0],[106.98446014600003,-6.264166170999934,0],[106.98539775600007,-6.263264834999964,0],[106.985510714,-6.263100413999949,0],[106.98563914200005,-6.262771535999915,0],[106.98576608100008,-6.262441035999926,0],[106.98591365400003,-6.262057341999975,0],[106.98597481800003,-6.261815013999998,0],[106.98607904700005,-6.261402037999934,0],[106.98635379700004,-6.260313396999921,0],[106.98637219700005,-6.260175933000005,0],[106.98637933200011,-6.260122681999951,0],[106.98638121200008,-6.260108625999942,0],[106.98644339100008,-6.259802816999953,0],[106.98661284100007,-6.2590950250000095,0],[106.98674344800013,-6.258685520999967,0],[106.98689190500006,-6.258471665999947,0],[106.98701039400001,-6.258365248999935,0],[106.98711643500008,-6.258278678999966,0],[106.9871434520001,-6.258241066999963,0],[106.98727191100006,-6.258043055000011,0],[106.98771960300007,-6.257352968999934,0],[106.98774971800007,-6.257343913999895,0],[106.98781784800012,-6.257252496999969,0],[106.98797276000005,-6.25692736999998,0],[106.98806100400007,-6.256707703999924,0],[106.9881944410001,-6.256375533999973,0],[106.98823745300011,-6.2563268669999434,0],[106.98836554300004,-6.256181944999943,0],[106.98878436100006,-6.25569838999999,0],[106.98891311800006,-6.255478958999953,0],[106.98895163200004,-6.255320814999925,0],[106.98894989100008,-6.255087340999969,0],[106.98890945600002,-6.254878595000017,0],[106.98880785000004,-6.254443597999996,0],[106.98873832100007,-6.253698756999919,0],[106.98873941900007,-6.253384419999934,0]]},"properties":{}},{"type":"Feature","geometry":{"bbox":[106.99477585500001,-6.257419512999933,106.99526214400002,-6.25664217799992],"type":"LineString","coordinates":[[106.99526214400002,-6.25664217799992,0],[106.99523232400013,-6.256686166999918,0],[106.99478364500004,-6.257400813999896,0],[106.99477585500001,-6.257419512999933,0]]},"properties":{}},{"type":"Feature","geometry":{"bbox":[106.96570031601583,-6.20628812864407,106.96653082751531,-6.199686884479442],"type":"MultiLineString","coordinates":[[[106.96642484753096,-6.199797958644952,0],[106.96645467900008,-6.199748043999913,0],[106.96653082751531,-6.199686884479442,0]],[[106.96590011776368,-6.20064253393439,0],[106.96617412300004,-6.20051482299994,0],[106.96624288400005,-6.200471866999939,0],[106.96626846216569,-6.200388181914677,0]],[[106.96607595940556,-6.201257934634212,0],[106.96607340400007,-6.201222502999963,0],[106.96580743400008,-6.201081563999937,0],[106.96578646035344,-6.201069208128677,0]],[[106.96609087637704,-6.201595188800317,0],[106.96608762100009,-6.201585111999945,0],[106.96608685500206,-6.2015602226673945,0]],[[106.96640384735194,-6.202132548401222,0],[106.96640061600004,-6.202119159999901,0],[106.96639401457726,-6.202111233826228,0]],[[106.96633016739949,-6.202478621052824,0],[106.96633160800012,-6.202475822999924,0],[106.9663345378055,-6.202470903457995,0]],[[106.96618001872334,-6.202890110743235,0],[106.96619150789091,-6.20283982284379,0]],[[106.96624279780758,-6.203563683519013,0],[106.96629436200006,-6.203531489999962,0],[106.96638251302706,-6.203342733869681,0]],[[106.96612580310423,-6.204178904501527,0],[106.96611335700008,-6.2040756719999575,0],[106.96608945700007,-6.203862292999888,0],[106.9660969192627,-6.203799865722052,0]],[[106.96570635813995,-6.2050150501244,0],[106.96570031601583,-6.204958830942557,0]],[[106.9660746646687,-6.205227108334592,0],[106.96583033400012,-6.20511790399995,0],[106.96571901543366,-6.205025679290037,0]],[[106.96581797095149,-6.205788990894183,0],[106.96583033200002,-6.205721843999916,0],[106.96604176000002,-6.2055663949999325,0],[106.96616328600004,-6.205480713999949,0],[106.96616350781514,-6.205480399498635,0]],[[106.96628948354082,-6.206267403809333,0],[106.96617475700002,-6.20621115799999,0],[106.96601973400007,-6.206085231999962,0],[106.96586709200005,-6.205902211999918,0],[106.96585225527326,-6.205881092607106,0]],[[106.96631639100009,-6.20628812864407,0],[106.96631695100005,-6.2062808699999845,0],[106.96631639100009,-6.2062805954545315,0]]]},"properties":{}},{"type":"Feature","geometry":{"bbox":[107.02968168500004,-6.296732065999981,107.03784727100003,-6.2852447929999595],"type":"LineString","coordinates":[[107.03784727100003,-6.296732065999981,0],[107.03780205400003,-6.296212154999951,0],[107.03771048400009,-6.296143369999944,0],[107.03760372300005,-6.296029720999956,0],[107.03757636000009,-6.295827101999977,0],[107.03755202600003,-6.295330794999947,0],[107.03757903100005,-6.295056904000022,0],[107.03747166700005,-6.294930067999919,0],[107.03730831000011,-6.294842224999934,0],[107.03696305400005,-6.294800466999943,0],[107.03677695700011,-6.29473864999998,0],[107.03670525900004,-6.294663557999984,0],[107.03670543900006,-6.294658674999935,0],[107.03670878300007,-6.294566185999921,0],[107.03677065800004,-6.294114430000024,0],[107.03659325000011,-6.294021578999979,0],[107.03618077200008,-6.293803698999982,0],[107.0365374070001,-6.291974658999992,0],[107.03650668600005,-6.291839775999934,0],[107.03644312200002,-6.291788491999954,0],[107.0362572230001,-6.2917143329999465,0],[107.03582718000004,-6.29148167699997,0],[107.0356013350001,-6.291305324999945,0],[107.035486473,-6.291131867999981,0],[107.03540778200008,-6.290871062999985,0],[107.03530798400007,-6.290507919999959,0],[107.03520796500005,-6.2904617589999585,0],[107.03496526900005,-6.290440500999976,0],[107.03437670700002,-6.290408140999963,0],[107.03430416000006,-6.290400440999948,0],[107.0341737410001,-6.290345736999951,0],[107.0341618090001,-6.290235243999957,0],[107.0341555300001,-6.2900610829999355,0],[107.03407570700008,-6.289945637999976,0],[107.0340191210001,-6.28979040400001,0],[107.03395874000009,-6.28969794599991,0],[107.03381992000006,-6.289652958000007,0],[107.03342538200009,-6.289479177999928,0],[107.0333975620001,-6.289362860999985,0],[107.03334446900006,-6.289283464999899,0],[107.03322209600006,-6.289169269999954,0],[107.03311124500004,-6.288990931999942,0],[107.03305797000007,-6.288855086999982,0],[107.0330635700001,-6.288766447999931,0],[107.0330679630001,-6.288696998999958,0],[107.03313212900008,-6.288575767999964,0],[107.03328550700007,-6.288414446999939,0],[107.03387326200003,-6.288032588999963,0],[107.034162758,-6.287802616999942,0],[107.0341564830001,-6.287736318999963,0],[107.03413111800005,-6.287712143999917,0],[107.03405350700011,-6.2876382039999275,0],[107.03390018500004,-6.287560400999974,0],[107.03291215200008,-6.287143927999976,0],[107.03247141300004,-6.2869569729999615,0],[107.03247157800004,-6.286894673999958,0],[107.03247289800007,-6.286720455999932,0],[107.032451677,-6.286528044999999,0],[107.03249687600001,-6.2861712429999645,0],[107.03255871600007,-6.285660080999948,0],[107.03239335500005,-6.285594979999891,0],[107.03142314700007,-6.285475183999926,0],[107.03041532499999,-6.285373783999974,0],[107.02977409300006,-6.285281166999949,0],[107.02968168500004,-6.2852447929999595,0]]},"properties":{}},{"type":"Feature","geometry":{"bbox":[106.9963656460001,-6.282478668999973,107.00723695200006,-6.259602179999961],"type":"LineString","coordinates":[[106.9963656460001,-6.282478668999973,0],[106.99687311500008,-6.281998028999995,0],[106.99712426500008,-6.281762460999955,0],[106.99740981400008,-6.281492062999964,0],[106.99766307500008,-6.2812535029999434,0],[106.99794350000009,-6.2809849949999315,0],[106.99803624200004,-6.28088681999998,0],[106.99820668200002,-6.280706391999972,0],[106.99857267600002,-6.280420659999956,0],[106.99862607400009,-6.2803615009999465,0],[106.99861524800008,-6.279072519999966,0],[106.99867601500004,-6.278751763999894,0],[106.99882965100005,-6.278373008999909,0],[106.99883003600009,-6.278372067000008,0],[106.99895172500003,-6.278074421999984,0],[106.99927580700002,-6.2773184209999595,0],[106.99938455900005,-6.277047304999909,0],[106.99974113800006,-6.276158333999986,0],[106.99986846500012,-6.275822957999948,0],[106.9999992300001,-6.275522845999985,0],[107.00004002300001,-6.2754292169999655,0],[107.00015401900004,-6.2751473590000035,0],[107.00015828800012,-6.275136791999929,0],[107.0007130440001,-6.273765089999943,0],[107.00082831900005,-6.273496534999927,0],[107.00087231400005,-6.2733789719999695,0],[107.00092565600002,-6.27323644799999,0],[107.00124891900003,-6.2724777649999215,0],[107.00144603400008,-6.271967670999993,0],[107.00157115400005,-6.271643875999937,0],[107.0016630320001,-6.271430821999983,0],[107.00200218,-6.270644422999931,0],[107.002102074,-6.270263676999958,0],[107.00211080300002,-6.270230905999911,0],[107.00217600500008,-6.269986066999904,0],[107.00223604000008,-6.269374371999918,0],[107.00223863200003,-6.269347971999954,0],[107.00224552800006,-6.269215823999945,0],[107.00214280500009,-6.269096651999943,0],[107.00194678100004,-6.268951996999965,0],[107.00186112200005,-6.268836602000009,0],[107.00153114200002,-6.268032605999922,0],[107.00145239300008,-6.2678122299999846,0],[107.00134356700005,-6.26756599399995,0],[107.001315246,-6.267443824999967,0],[107.00141743200003,-6.267161822999993,0],[107.001446172,-6.26703140799995,0],[107.00131431600002,-6.266638148000007,0],[107.00124320300009,-6.266498622000009,0],[107.00118183700008,-6.266342024999931,0],[107.00117540100007,-6.266139697999977,0],[107.00121992800003,-6.265893771999968,0],[107.00140612100007,-6.265526600999964,0],[107.0015803670001,-6.265329117999967,0],[107.00168931400005,-6.265204489999958,0],[107.00179596500008,-6.265129215999947,0],[107.00230271900008,-6.264771570999931,0],[107.00281348100008,-6.264411089999948,0],[107.00354304600005,-6.263897743000017,0],[107.00428449400002,-6.263376031999927,0],[107.00446887100009,-6.263253258999983,0],[107.00462749300006,-6.263145618999959,0],[107.00476231900002,-6.26289898699998,0],[107.00498898300005,-6.262206707999988,0],[107.00532279800004,-6.261187149999918,0],[107.00541426900006,-6.26085130599993,0],[107.00546812600007,-6.260650114999981,0],[107.00598491700002,-6.26011205699996,0],[107.00602276500004,-6.260093477999932,0],[107.00606752000002,-6.260082891999945,0],[107.00705661700006,-6.259841075999921,0],[107.0071677390001,-6.259768577999962,0],[107.00720045200005,-6.259689924999938,0],[107.00723695200006,-6.259602179999961,0]]},"properties":{}},{"type":"Feature","geometry":{"bbox":[106.95100103300007,-6.249887968999916,106.95694956350441,-6.217915871999972],"type":"MultiLineString","coordinates":[[[106.9561671376333,-6.217928929782383,0],[106.95618419400002,-6.2179180449999745,0],[106.95638027700008,-6.217915871999972,0],[106.95662555868545,-6.218025106733586,0]],[[106.95602927780601,-6.218139406728033,0],[106.95604064100004,-6.218092670999946,0],[106.95605561553418,-6.218053682114936,0]],[[106.95681021065347,-6.21810492217975,0],[106.95681073400007,-6.218105143999912,0],[106.95694956350441,-6.218079659646618,0]],[[106.95587601834596,-6.219079427647982,0],[106.95590519900011,-6.218865297000013,0],[106.95591275400002,-6.218809838999954,0],[106.9559565310001,-6.21848858299993,0],[106.95597202000005,-6.2183749249999405,0],[106.95600737533337,-6.2182294965647795,0]],[[106.95100103300007,-6.249887968999916,0],[106.95119156800011,-6.249198610999899,0],[106.95121960200002,-6.249171546999969,0],[106.95137991800006,-6.248990834999939,0],[106.95137871300005,-6.248921792999999,0],[106.95128610200003,-6.248857682999935,0],[106.95110438300009,-6.248728761999926,0],[106.95107281200005,-6.248657137999951,0],[106.951186125,-6.248305164999961,0],[106.95123939700007,-6.2479130540000245,0],[106.95127042700005,-6.247716629999937,0],[106.95137333000005,-6.247466659999949,0],[106.95143894400006,-6.247238210999965,0],[106.95160769500008,-6.246644832999985,0],[106.95172896000007,-6.246407904999922,0],[106.95186578600003,-6.246381276999939,0],[106.95189719300005,-6.246264901999991,0],[106.95194559000005,-6.246188378999966,0],[106.95204756200006,-6.246048189999913,0],[106.95206396300009,-6.245829451999933,0],[106.95218420800008,-6.2456903429999695,0],[106.95220193700004,-6.245517736999988,0],[106.95220224600007,-6.245147856999937,0],[106.9522328350001,-6.244739754999921,0],[106.95230755200008,-6.244549244999968,0],[106.95253038000004,-6.2440228239999325,0],[106.95267012500005,-6.243469922999926,0],[106.95259243500001,-6.243445799999973,0],[106.95250246300013,-6.243405936999961,0],[106.95251163400009,-6.243352542999984,0],[106.95260740100011,-6.243122670999972,0],[106.95267560300006,-6.243063550999965,0],[106.95276575600006,-6.242966929999964,0],[106.95292266800007,-6.242790100999988,0],[106.95303218600007,-6.242687077999991,0],[106.95308733300003,-6.242535389999963,0],[106.95321682600007,-6.241966469999964,0],[106.95309905000002,-6.241776628999977,0],[106.95295347000005,-6.241488298000013,0],[106.95289522600002,-6.241338042999926,0],[106.95292396800009,-6.241209561999954,0],[106.95293944900004,-6.24119353799996,0],[106.95342695600006,-6.240917440999942,0],[106.95345410099999,-6.240903986999983,0],[106.9534983090001,-6.240818926999962,0],[106.95350901200001,-6.240695973999914,0],[106.95352972800003,-6.2405837969999585,0],[106.95361376500006,-6.240128782999969,0],[106.95362369200008,-6.239899156999977,0],[106.95361176200007,-6.239678544999931,0],[106.95351180300005,-6.239520516000001,0],[106.95344500300004,-6.2394115749999575,0],[106.95338468800011,-6.23919737999991,0],[106.95333858400002,-6.238836341999969,0],[106.9531806140001,-6.238588334999966,0],[106.95314902700007,-6.23854891499999,0],[106.95229443500006,-6.237640037999929,0],[106.95216740100003,-6.237433747999914,0],[106.95169222300005,-6.236614442999981,0],[106.95159804600007,-6.235984492999906,0],[106.95144671600008,-6.234626503999989,0],[106.95147531200004,-6.23283073899991,0],[106.95147827500003,-6.232740235999971,0],[106.95157449300008,-6.232143601999988,0],[106.95182008200007,-6.2307846219999,0],[106.95185421000005,-6.230568332999946,0],[106.95268657300008,-6.2305787040000045,0],[106.95285067900006,-6.230583783999981,0],[106.95373428100008,-6.230612407999951,0],[106.95397682400008,-6.230629373999934,0],[106.9545695690001,-6.230661497000016,0],[106.95499126900008,-6.2307079509999514,0],[106.95514653600004,-6.230726795999912,0],[106.95550811500003,-6.230723167999967,0],[106.95558231200005,-6.230705017999975,0],[106.95578189300004,-6.230204127000009,0],[106.95593899000006,-6.2298513489999525,0],[106.95604202400007,-6.2296741689999475,0],[106.95626286800004,-6.229294402999967,0],[106.95636385900005,-6.229187543000007,0],[106.95640070200008,-6.229148556999979,0],[106.95649365400004,-6.2290423409999836,0],[106.9564836050001,-6.228309771999944,0],[106.95644827900011,-6.228048724999928,0],[106.95634590300007,-6.227703184999937,0],[106.95631686600007,-6.227610404999988,0],[106.95628959100013,-6.227522581000004,0],[106.95625004100005,-6.227494338999977,0],[106.95603999300008,-6.226858717999965,0],[106.95580886900005,-6.225993956000002,0],[106.9557343710001,-6.22568918599992,0],[106.95572943600006,-6.225668997999938,0],[106.95568454400006,-6.225398040999989,0],[106.95565135200007,-6.225224945999967,0],[106.95572347100008,-6.224508580999936,0],[106.95576580700003,-6.223419490999975,0],[106.9557266910001,-6.223058942999986,0],[106.95570681300005,-6.222489085999909,0],[106.95575394300003,-6.2222806769999845,0],[106.95580048000006,-6.22199758299992,0],[106.95579215700009,-6.2217892259999115,0],[106.95576875900011,-6.221513478999922,0],[106.95569713300004,-6.221220216999905,0],[106.95553553600008,-6.220944727999937,0],[106.95555525600011,-6.219988624999965,0],[106.95572515500005,-6.219579800999979,0],[106.95576399200007,-6.219513250999979,0],[106.95576417388027,-6.2195129393943045,0]]]},"properties":{}},{"type":"Feature","geometry":{"bbox":[107.00949245200007,-6.2592441390000015,107.0127313780001,-6.258122500999923],"type":"LineString","coordinates":[[107.0127313780001,-6.259217151999989,0],[107.01267939500006,-6.2592441390000015,0],[107.0118125100001,-6.258945301999967,0],[107.01102321600007,-6.258670232999945,0],[107.01045690100003,-6.258472862999957,0],[107.01032431900006,-6.258426656999953,0],[107.00987300700002,-6.258269131999976,0],[107.00949245200007,-6.258122500999923,0]]},"properties":{}},{"type":"Feature","geometry":{"bbox":[106.98700453000005,-6.2438499259999265,106.9905538420001,-6.238864711000007],"type":"LineString","coordinates":[[106.98700453000005,-6.238864711000007,0],[106.98715516000009,-6.238875651999935,0],[106.98779318800003,-6.23902325999998,0],[106.98798864500013,-6.239119774999972,0],[106.9881149180001,-6.23923878199996,0],[106.98829268000006,-6.2395065349999985,0],[106.98852627400002,-6.239955716999949,0],[106.98876246700011,-6.2404207649999694,0],[106.98877571100006,-6.240451842999965,0],[106.98881718600002,-6.240549182999937,0],[106.98885386600004,-6.240635267999954,0],[106.988931785,-6.240777737999929,0],[106.989180817,-6.2411758620000075,0],[106.98931078200009,-6.241487669999961,0],[106.98998586000009,-6.242687048999899,0],[106.99004517200011,-6.242763562999924,0],[106.99010592200007,-6.242979120999996,0],[106.99025945600008,-6.243335546999999,0],[106.99048740500011,-6.243733839000003,0],[106.9905538420001,-6.2438499259999265,0]]},"properties":{}},{"type":"Feature","geometry":{"bbox":[107.00723695200006,-6.259602179999961,107.00949245200007,-6.25767281799993],"type":"LineString","coordinates":[[107.00949245200007,-6.258122500999923,0],[107.00913778800003,-6.258024942999933,0],[107.00899411000005,-6.257973408999932,0],[107.00849114000009,-6.257792989999926,0],[107.0082862560001,-6.257730921999942,0],[107.00809444200004,-6.25767281799993,0],[107.00793815600008,-6.257695890999974,0],[107.00749199800002,-6.258800526999979,0],[107.00737972500005,-6.259151520999977,0],[107.00733318200011,-6.259297011999935,0],[107.00729607700006,-6.25941300199994,0],[107.00728627400005,-6.2594557660000145,0],[107.0072546870001,-6.2595595399999855,0],[107.00723695200006,-6.259602179999961,0]]},"properties":{}},{"type":"Feature","geometry":{"bbox":[107.00935899000004,-6.26560706599996,107.01614059200008,-6.260194989999983],"type":"LineString","coordinates":[[107.00935899000004,-6.26560706599996,0],[107.00938027000002,-6.265418764999923,0],[107.00962680800008,-6.264736988000001,0],[107.00987100000003,-6.264108179999932,0],[107.00995188500006,-6.264059710000007,0],[107.01001676400001,-6.264026570999929,0],[107.01025757000005,-6.263903552999965,0],[107.01098905400009,-6.263582866999988,0],[107.01153862500009,-6.263331986000013,0],[107.01187338700007,-6.263179160999892,0],[107.01213423800007,-6.263060078999986,0],[107.01270872800009,-6.262793360999945,0],[107.01289218000008,-6.2626729849999325,0],[107.01317190300004,-6.261886505999962,0],[107.01317241000008,-6.261830098999914,0],[107.01317299700004,-6.2617639639999485,0],[107.0131919250001,-6.261636696999988,0],[107.01321397100006,-6.26154034599992,0],[107.0133292260001,-6.261152959999931,0],[107.01338399200009,-6.2611614930000155,0],[107.01396246400009,-6.261243812999988,0],[107.01422153300011,-6.26120244299994,0],[107.01463103000006,-6.261068956999997,0],[107.01491709700011,-6.260981032000005,0],[107.01519644600005,-6.260995563999964,0],[107.01574429600008,-6.261048762000014,0],[107.01583341900007,-6.260901544000001,0],[107.01587750800009,-6.2607998469999355,0],[107.01589223600006,-6.260767198999899,0],[107.01610499500008,-6.26027700399993,0],[107.01614059200008,-6.260194989999983,0]]},"properties":{}},{"type":"Feature","geometry":{"bbox":[106.98201212300008,-6.255047900999992,106.98464325400008,-6.248243812999947],"type":"LineString","coordinates":[[106.98464325400008,-6.255047900999992,0],[106.98445096400008,-6.255040627000012,0],[106.98434243000005,-6.254938186999974,0],[106.98431417100004,-6.254797345999956,0],[106.98431154900008,-6.254710816999902,0],[106.98417624700008,-6.254601796999941,0],[106.98406219500005,-6.254466217000003,0],[106.98397964600007,-6.254387971999924,0],[106.9839007140001,-6.254341491999986,0],[106.9839167090001,-6.2540238429999935,0],[106.98399529500003,-6.25365727199995,0],[106.9840132560001,-6.253573475999945,0],[106.98402386800008,-6.253464637999999,0],[106.98397735900005,-6.253398101,0],[106.98387961000005,-6.253364330999959,0],[106.98381033400008,-6.253346049999957,0],[106.98357520200008,-6.252852245999955,0],[106.98336794900008,-6.252506435999942,0],[106.98321103600006,-6.252203217999989,0],[106.98316986200003,-6.252099456999931,0],[106.98307872200004,-6.252076357999973,0],[106.98301481400009,-6.252068018999994,0],[106.98296112800008,-6.252005404999965,0],[106.9828615000001,-6.251928254999976,0],[106.98283744500006,-6.251824031999968,0],[106.98282574300006,-6.251773329999947,0],[106.98283728000004,-6.251701310999939,0],[106.98291668100005,-6.251550859999925,0],[106.98297545500012,-6.251465319999953,0],[106.98307486200008,-6.251390166999952,0],[106.98312259800012,-6.25126656999994,0],[106.98305397900003,-6.250866369999956,0],[106.98304244300006,-6.250780370999946,0],[106.983078371,-6.250736314999942,0],[106.98342485000008,-6.250674722999998,0],[106.98365074200002,-6.250622906999974,0],[106.98338340300002,-6.250297167999934,0],[106.98322071100006,-6.250119178999951,0],[106.98292304900004,-6.250000401999982,0],[106.98220896500001,-6.249715465999943,0],[106.9820940440001,-6.249665750000004,0],[106.98206687900007,-6.249632761999939,0],[106.98205279800007,-6.249535480999972,0],[106.9820275640001,-6.249393949999986,0],[106.98201212300008,-6.249249904999969,0],[106.98203134000006,-6.248654505999999,0],[106.9820586700001,-6.2485007979999825,0],[106.98208178900006,-6.248243812999947,0]]},"properties":{}},{"type":"Feature","geometry":{"bbox":[107.00134675200005,-6.182394695999919,107.00283131400003,-6.176259419999967],"type":"LineString","coordinates":[[107.00242372200006,-6.176259419999967,0],[107.00241370700003,-6.176313015999961,0],[107.00226985100004,-6.177082614999955,0],[107.00214513300001,-6.1777380750000095,0],[107.00213265400005,-6.178371702999945,0],[107.00213291500008,-6.178376140999957,0],[107.00215157100011,-6.178691405999929,0],[107.00211797600008,-6.178891000999924,0],[107.00206483900004,-6.179070624999953,0],[107.0021009650001,-6.179128593999954,0],[107.00217686500007,-6.179145521999933,0],[107.00283131400003,-6.179188758999958,0],[107.00281657700006,-6.179370407999977,0],[107.00275621500005,-6.179961228000012,0],[107.002710682,-6.180406903999939,0],[107.00267957700001,-6.180583741999916,0],[107.00259959800005,-6.180616101999929,0],[107.00246765000006,-6.180605343999927,0],[107.00218616200004,-6.180587354999949,0],[107.00200555100011,-6.180595891999944,0],[107.00182768600004,-6.180549196999989,0],[107.00177902600011,-6.180626896000023,0],[107.00171536800008,-6.1808747369999235,0],[107.00170420200004,-6.180915526000012,0],[107.00161034200009,-6.1812585269999705,0],[107.00155800200011,-6.181438717999958,0],[107.00150721700008,-6.181921987999976,0],[107.00134675200005,-6.182394695999919,0]]},"properties":{}},{"type":"Feature","geometry":{"bbox":[106.95722114100002,-6.226154356999951,106.95981344100001,-6.219846648999942],"type":"LineString","coordinates":[[106.95867208900007,-6.226154356999951,0],[106.95846443800004,-6.225988120999963,0],[106.95843772300005,-6.22597364599992,0],[106.9582655680001,-6.225880330999926,0],[106.9581162440001,-6.225767852999946,0],[106.95809522500004,-6.225744541999971,0],[106.95799679600007,-6.225635365999908,0],[106.95796370200009,-6.225505902999943,0],[106.95797826400005,-6.225300536000004,0],[106.95809127100007,-6.2250844609999785,0],[106.95834041800008,-6.224685286999902,0],[106.95836927100007,-6.224611268999995,0],[106.95830083500009,-6.22457708599992,0],[106.95803328600007,-6.224503715999978,0],[106.957896206,-6.224435448999925,0],[106.95776447900003,-6.224000248999976,0],[106.95772640900007,-6.223942074999959,0],[106.95755473200009,-6.223919015000005,0],[106.95749096800004,-6.223907309000014,0],[106.95746344600008,-6.223818599999957,0],[106.95745894400007,-6.223515352999913,0],[106.95745570400007,-6.223296552999928,0],[106.95750399800006,-6.22293184799995,0],[106.95755868900005,-6.222572045999934,0],[106.95758234200007,-6.22253061399997,0],[106.95762618100005,-6.222492794999949,0],[106.95763367900004,-6.222482695999913,0],[106.95766952900009,-6.2224344460000065,0],[106.95768832200012,-6.222183369999927,0],[106.95763225600011,-6.222073927999931,0],[106.95747248500003,-6.221991884999982,0],[106.95738913900006,-6.221944817999907,0],[106.95731780800011,-6.2217580869999995,0],[106.95725023500003,-6.221556657999942,0],[106.95722624500009,-6.221485159999888,0],[106.95722114100002,-6.221260517999953,0],[106.9572576340001,-6.221070971999991,0],[106.9573401700001,-6.221038470999966,0],[106.95734830700006,-6.221035267999968,0],[106.95753640500008,-6.22105008499995,0],[106.95763378900006,-6.221048258999888,0],[106.95769900400003,-6.221012765999971,0],[106.95773050800007,-6.220710198999983,0],[106.95774863500006,-6.220223044999999,0],[106.95775900400011,-6.219944261999936,0],[106.95778041100002,-6.219886735999973,0],[106.95786547500003,-6.219846648999942,0],[106.95856007400005,-6.219926374999966,0],[106.95881482300007,-6.2199572539999455,0],[106.9592113310001,-6.220007562000022,0],[106.95981344100001,-6.220095828999954,0]]},"properties":{}},{"type":"Feature","geometry":{"bbox":[107.02821192400003,-6.2786938739999005,107.02821759300005,-6.2786127298011625],"type":"LineString","coordinates":[[107.02821759300005,-6.2786938739999005,0],[107.02821192400003,-6.278625195999991,0],[107.02821343100007,-6.278613138999971,0],[107.02821348213018,-6.2786127298011625,0]]},"properties":{}},{"type":"Feature","geometry":{"bbox":[106.95974822900003,-6.220585616999889,106.95981344100001,-6.220095828999954],"type":"LineString","coordinates":[[106.95981344100001,-6.220095828999954,0],[106.95977143000009,-6.2205174149999305,0],[106.95974822900003,-6.220585616999889,0]]},"properties":{}},{"type":"Feature","geometry":{"bbox":[107.0062906460001,-6.261949403526527,107.02084139526602,-6.256683834999903],"type":"LineString","coordinates":[[107.0062906460001,-6.256683834999903,0],[107.0080876010001,-6.257280124999946,0],[107.00902106500006,-6.257613004999955,0],[107.00958486600008,-6.257803254999976,0],[107.00959858200005,-6.257807882999915,0],[107.00979568700002,-6.257874393999911,0],[107.0112435930001,-6.258390419999975,0],[107.01265332900003,-6.258870466999992,0],[107.01321025300011,-6.2590669829999985,0],[107.01337067000006,-6.259141215999923,0],[107.01372531400008,-6.259305327999913,0],[107.01414392300009,-6.25945272099994,0],[107.01480795900005,-6.2596952999999385,0],[107.01613898600004,-6.260194387999933,0],[107.01614059200008,-6.260194989999983,0],[107.01619677200003,-6.260216054999949,0],[107.0171110590001,-6.260558603999959,0],[107.01787498600007,-6.260830484999895,0],[107.01901546100001,-6.261263482999928,0],[107.01986070800005,-6.261598658999949,0],[107.0203034560001,-6.261774791999956,0],[107.02084139526602,-6.261949403526527,0]]},"properties":{}},{"type":"Feature","geometry":{"bbox":[106.98716850900003,-6.220592247999905,106.99185981800007,-6.202044973999891],"type":"LineString","coordinates":[[106.99110652000009,-6.220592247999905,0],[106.99118303300011,-6.220530399999939,0],[106.99147990200007,-6.220336872999914,0],[106.99163720700003,-6.22017653699997,0],[106.99171517200008,-6.220097071999968,0],[106.99183078000006,-6.219961917999976,0],[106.99185981800007,-6.219815987999981,0],[106.99178681400006,-6.219593233999936,0],[106.99169756500005,-6.219451727999951,0],[106.99166135500008,-6.219420302999927,0],[106.99154317100006,-6.219317709999965,0],[106.9911280520001,-6.2191890129999745,0],[106.99093851900004,-6.219116016999974,0],[106.99086810400007,-6.219043403999917,0],[106.99062876200007,-6.218796604000014,0],[106.990535584,-6.218705515999938,0],[106.990437818,-6.218677296999912,0],[106.9904347250001,-6.218676403999927,0],[106.99011233300007,-6.2185884579999335,0],[106.99003724200007,-6.21855049799999,0],[106.98994835200008,-6.218321690999977,0],[106.98994481200006,-6.2181395489999165,0],[106.98996620800006,-6.217861650999927,0],[106.98997695800006,-6.217722081999925,0],[106.9899710490001,-6.217625746999948,0],[106.98996645800008,-6.217550841999968,0],[106.98992615300003,-6.2174371509999755,0],[106.98981822400008,-6.217365835999937,0],[106.98888473400011,-6.217131574999916,0],[106.98880819600008,-6.2171316009999185,0],[106.98867600000007,-6.2172739499999725,0],[106.98861671900005,-6.217324693999997,0],[106.98826667200004,-6.217272325999927,0],[106.98794665900003,-6.217160790000024,0],[106.98778128300002,-6.217080035000004,0],[106.987667328,-6.216953302999999,0],[106.98762751600009,-6.21687208499994,0],[106.98752958500006,-6.216672314999931,0],[106.98748528400004,-6.216461222999962,0],[106.98739321300006,-6.216022551999993,0],[106.98736787600009,-6.215855183,0],[106.98741385500009,-6.215656390999895,0],[106.98753624000008,-6.215420405999998,0],[106.98755381100003,-6.2153865179999475,0],[106.98766110600012,-6.2153156949999495,0],[106.98766707200008,-6.21531175799989,0],[106.98778682600003,-6.215224270999935,0],[106.98801711900008,-6.215059112999947,0],[106.98813242000003,-6.214983784999932,0],[106.98828495700003,-6.214780450999983,0],[106.98839024700004,-6.21463047399992,0],[106.98885032000001,-6.21451717799996,0],[106.98892720600007,-6.21448257899994,0],[106.98896747500002,-6.214377733999969,0],[106.98899812600007,-6.214268919999936,0],[106.98913986900007,-6.213765649999951,0],[106.9891712180001,-6.213611673999912,0],[106.9891798570001,-6.213569212999952,0],[106.98912850100002,-6.21339434699996,0],[106.98904180500004,-6.213188857000011,0],[106.98903411600011,-6.213048978999984,0],[106.98904839500005,-6.212843443999942,0],[106.98874710900009,-6.212762276999976,0],[106.98860100300007,-6.2127078220000005,0],[106.98798907400007,-6.21248596299994,0],[106.98778794100004,-6.212448014999909,0],[106.98762501700006,-6.212442596999994,0],[106.9874021990001,-6.212379948999962,0],[106.98723175800002,-6.212244369999935,0],[106.98717808900003,-6.2121656539999055,0],[106.98716850900003,-6.211757673999989,0],[106.9872390580001,-6.211341401000007,0],[106.98729770300007,-6.211096949999943,0],[106.98729367000008,-6.210883996999909,0],[106.98740206300009,-6.210316255999919,0],[106.98744078500009,-6.210169882999976,0],[106.98748973200006,-6.210141002999896,0],[106.98772346100012,-6.210210399999953,0],[106.98793725300004,-6.210239476999961,0],[106.98896009400003,-6.210475640999961,0],[106.98904563700009,-6.210484911000018,0],[106.9890853690001,-6.210448814999962,0],[106.989055234,-6.210326895,0],[106.98901898500011,-6.210224787999989,0],[106.98915937200009,-6.209502036999963,0],[106.98931386000008,-6.208969281999936,0],[106.98939290100004,-6.208806185999942,0],[106.98947349600006,-6.208618989999907,0],[106.98949442400001,-6.20840146899994,0],[106.98946817900006,-6.208295182999938,0],[106.98885761999999,-6.2077073429999725,0],[106.98864374000006,-6.2074427419999285,0],[106.98858890600005,-6.207347114999921,0],[106.9886261120001,-6.207232597999949,0],[106.98874562900005,-6.206615163000022,0],[106.98886581800005,-6.2063624879999875,0],[106.98892248900003,-6.20619648299993,0],[106.98884389100002,-6.205976614999946,0],[106.98887591900008,-6.205741259000012,0],[106.98887848300004,-6.205702364999992,0],[106.98889576600004,-6.20544017699997,0],[106.988906118,-6.204955799999949,0],[106.98912969800003,-6.203579631999949,0],[106.98918975700012,-6.20324758799992,0],[106.98935831400003,-6.20231571499991,0],[106.98939772700001,-6.202173101000012,0],[106.98946871300011,-6.202097658999987,0],[106.98975649000002,-6.202061571999932,0],[106.99029363600006,-6.202135352999997,0],[106.99050195600006,-6.202175651999957,0],[106.99075385700003,-6.202115126000011,0],[106.99091111000008,-6.202044973999891,0]]},"properties":{}},{"type":"Feature","geometry":{"bbox":[106.99097525900005,-6.232908471999947,106.99943479300003,-6.230352603999949],"type":"LineString","coordinates":[[106.99943479300003,-6.232908471999947,0],[106.99938837900001,-6.232831194999948,0],[106.99921093400008,-6.232540228999943,0],[106.9990352670001,-6.232231816999915,0],[106.9988344930001,-6.231937720000007,0],[106.9984125140001,-6.231472251999952,0],[106.99817726300007,-6.231268187999943,0],[106.99776158700006,-6.231004748999995,0],[106.99709450200001,-6.230753146999961,0],[106.99685272500008,-6.230715132999924,0],[106.99556751200006,-6.23079000099999,0],[106.99523473000006,-6.230818753999971,0],[106.99485996800004,-6.230845856999993,0],[106.99458106300007,-6.2308496959999555,0],[106.99381877400005,-6.230892494999944,0],[106.99220097600005,-6.2309104260000066,0],[106.99187117000011,-6.230835004999983,0],[106.99122616200003,-6.230505676999913,0],[106.99112858300005,-6.230455850999965,0],[106.99097525900005,-6.230352603999949,0]]},"properties":{}},{"type":"Feature","geometry":{"bbox":[106.98201365100002,-6.247911473999983,106.98700453000005,-6.238864711000007],"type":"LineString","coordinates":[[106.98700453000005,-6.238864711000007,0],[106.98699295300007,-6.238930798999968,0],[106.98693655900011,-6.239062619999951,0],[106.98675248300007,-6.239492900999936,0],[106.98665419300002,-6.239710533999913,0],[106.98655085800009,-6.239876570999973,0],[106.98614465300005,-6.2404617749999876,0],[106.98601044000004,-6.240655131999999,0],[106.98523021000007,-6.241905221999959,0],[106.98483675000001,-6.242571962999969,0],[106.98448200900006,-6.243173073999968,0],[106.98427994700005,-6.243491867999966,0],[106.98427357900005,-6.243501918999909,0],[106.98402578200006,-6.2439428109999735,0],[106.98387137700007,-6.244189440999952,0],[106.98369823500005,-6.244469927999978,0],[106.9836194110001,-6.244573942999969,0],[106.9834551500001,-6.244698512999973,0],[106.98312395500005,-6.244825573999917,0],[106.98306486200005,-6.2448527119999415,0],[106.98296008000008,-6.244935143999923,0],[106.98281525300008,-6.245098127999908,0],[106.98274446700009,-6.245177791999927,0],[106.98225398000001,-6.2463732039999815,0],[106.98221692100006,-6.246488904999962,0],[106.98201365100002,-6.247123429999972,0],[106.98204161100003,-6.247634054999944,0],[106.98207597600003,-6.247770081999919,0],[106.98211169000005,-6.247911473999983,0]]},"properties":{}},{"type":"Feature","geometry":{"bbox":[106.97972889624681,-6.364279238668617,106.97978383463034,-6.364275005523316],"type":"LineString","coordinates":[[106.97978383463034,-6.364275005523316,0],[106.97972889624681,-6.364279238668617,0]]},"properties":{}},{"type":"Feature","geometry":{"bbox":[107.01803696100005,-6.220126213999981,107.02479203200004,-6.207539087999995],"type":"LineString","coordinates":[[107.02174578000006,-6.220126213999981,0],[107.02186478600005,-6.219962934999971,0],[107.0219555480001,-6.219680797999986,0],[107.02234664200003,-6.218454428999946,0],[107.02255541100008,-6.217670071999974,0],[107.02293686600011,-6.216318643999978,0],[107.02327285100002,-6.215316696999944,0],[107.02350431100008,-6.214626673999961,0],[107.02359533900005,-6.214180257999972,0],[107.02369493900004,-6.213795184999997,0],[107.02399337800004,-6.212701320999907,0],[107.02416324500007,-6.212144034999982,0],[107.02428534800003,-6.211713845000004,0],[107.02455918700005,-6.210925025999929,0],[107.02471255000003,-6.2105193529999365,0],[107.02479203200004,-6.210059102999958,0],[107.02478457700005,-6.2098101509999655,0],[107.02477079100007,-6.209779392999996,0],[107.0247035840001,-6.2096294119999325,0],[107.02432388400003,-6.209523948999999,0],[107.02388278600004,-6.209398371000001,0],[107.02363541800008,-6.209343444999986,0],[107.02176061700004,-6.208714127999963,0],[107.0196240600001,-6.20805593999995,0],[107.01807808000008,-6.207552509999951,0],[107.01803696100005,-6.207539087999995,0]]},"properties":{}},{"type":"Feature","geometry":{"bbox":[107.01079544835284,-6.17846141722959,107.01158765600006,-6.172156264999932],"type":"MultiLineString","coordinates":[[[107.01079544835284,-6.172241812684247,0],[107.01080282900004,-6.172156264999932,0]],[[107.01145867591246,-6.176303096375106,0],[107.01154162500006,-6.17580537899997,0],[107.01158765600006,-6.1751704250000135,0],[107.01151665900004,-6.174958939999923,0],[107.01138029300004,-6.174832459999939,0],[107.01115367200003,-6.1747268969999975,0],[107.01100726521022,-6.174656188555209,0]],[[107.01110041056921,-6.17846141722959,0],[107.01110088900002,-6.178457151999998,0],[107.01110093499531,-6.17845690364746,0]]]},"properties":{}},{"type":"Feature","geometry":{"bbox":[106.98208178900006,-6.248243812999947,106.98211169000005,-6.247911473999983],"type":"LineString","coordinates":[[106.98208178900006,-6.248243812999947,0],[106.98211169000005,-6.247911473999983,0]]},"properties":{}},{"type":"Feature","geometry":{"bbox":[106.92915381800013,-6.360652003999993,106.932839625,-6.349225682999952],"type":"LineString","coordinates":[[106.92918602400003,-6.360652003999993,0],[106.92918522900005,-6.360596502999931,0],[106.92915599400004,-6.360487168999944,0],[106.92915392300004,-6.360268813999907,0],[106.92915381800013,-6.360257657999961,0],[106.92918631900007,-6.3601425149999375,0],[106.92930224300007,-6.360008498999951,0],[106.92943346400008,-6.3598833669999895,0],[106.92949442200006,-6.359710010999946,0],[106.92972660200009,-6.359218723999975,0],[106.92979831400007,-6.3590017129999605,0],[106.92988502100005,-6.358339412999962,0],[106.9299253250001,-6.358111533999937,0],[106.93010254500011,-6.357766412999981,0],[106.93027662000013,-6.357428762999932,0],[106.93032489900013,-6.357255218999962,0],[106.93031736000003,-6.357043782999964,0],[106.930268772,-6.356875120999954,0],[106.93014006700011,-6.35672479499995,0],[106.92997581900002,-6.356559529999954,0],[106.92993363400008,-6.356442992999993,0],[106.93024034300005,-6.3555356799999725,0],[106.93025276500002,-6.355503157999946,0],[106.9304417160001,-6.355008262999943,0],[106.93049130900003,-6.35484303099995,0],[106.93045164600004,-6.354527940999992,0],[106.93042510400007,-6.35431703799995,0],[106.93041267200002,-6.3542182999999515,0],[106.93040930200009,-6.354060959999989,0],[106.93043418800002,-6.353517629999976,0],[106.93038632400005,-6.353247368999996,0],[106.93033224800011,-6.352934691999971,0],[106.93036713800007,-6.352660506999934,0],[106.9304201720001,-6.35244613299996,0],[106.93049428800002,-6.352256027999951,0],[106.93045790700002,-6.352045360000018,0],[106.93047294000012,-6.351949775000014,0],[106.93048402000005,-6.35186754099996,0],[106.93055936800008,-6.351685197999972,0],[106.930631637,-6.351598295999976,0],[106.93087127200003,-6.351592572999946,0],[106.93094157600008,-6.351569969999941,0],[106.9309718630001,-6.351353149999943,0],[106.93097374700007,-6.350745594999944,0],[106.93096406600007,-6.350589969999946,0],[106.93099846700008,-6.350531163999966,0],[106.93101116400005,-6.350509462999947,0],[106.93128767200002,-6.350465476999949,0],[106.93138988500004,-6.350440611999934,0],[106.93157050000006,-6.35033310800001,0],[106.93271165800007,-6.349225682999952,0],[106.932839625,-6.349229581000008,0]]},"properties":{}},{"type":"Feature","geometry":{"bbox":[107.01540300387049,-6.199974632000009,107.01819346200004,-6.195930832238032],"type":"LineString","coordinates":[[107.01819346200004,-6.199974632000009,0],[107.01814384600002,-6.199878989,0],[107.0179247680001,-6.199717162999933,0],[107.01771901100004,-6.19955444399997,0],[107.01760791100008,-6.199358791999947,0],[107.0174664420001,-6.199149548999953,0],[107.01730771600002,-6.199087102999938,0],[107.01717950800007,-6.199010563999911,0],[107.01712300700011,-6.198883566999973,0],[107.01700411100003,-6.198645189999967,0],[107.01686118900002,-6.198559674999997,0],[107.01645141200005,-6.198296348999969,0],[107.01627103900005,-6.198095173999933,0],[107.01623595500007,-6.1979413159999925,0],[107.01615206500006,-6.197459970999956,0],[107.01595760300005,-6.197169372999982,0],[107.015789565,-6.196880860999913,0],[107.01582666200005,-6.196734630999982,0],[107.01585240300005,-6.196528584999987,0],[107.01576799300008,-6.196402813999972,0],[107.01558522400006,-6.196257889999972,0],[107.01541325100004,-6.196134331999962,0],[107.01540371600005,-6.196004841999995,0],[107.01540300387049,-6.195930832238032,0]]},"properties":{}},{"type":"Feature","geometry":{"bbox":[107.00316191600004,-6.28682384499996,107.01530130900001,-6.2698618459999285],"type":"LineString","coordinates":[[107.00316191600004,-6.28682384499996,0],[107.00319069100001,-6.286806683999961,0],[107.00318995700005,-6.286728356999964,0],[107.00318507100009,-6.286207047999907,0],[107.00322575900007,-6.286096828999936,0],[107.00336040800003,-6.285732104999957,0],[107.0035480430001,-6.285443788999904,0],[107.00369797400008,-6.285207520999984,0],[107.003982669,-6.284792696999945,0],[107.00421933000004,-6.284400765999935,0],[107.00434077000006,-6.284225415999993,0],[107.00440401100005,-6.284134096999898,0],[107.00496638700012,-6.283301716999949,0],[107.00508052400006,-6.283132785999916,0],[107.00533811300006,-6.282772706999966,0],[107.0056799320001,-6.282257753999902,0],[107.00579011400006,-6.2821037379999485,0],[107.00597714100009,-6.281810604999942,0],[107.00631106100009,-6.281262492999888,0],[107.00632305100002,-6.281248415999967,0],[107.0063615640001,-6.281070227999967,0],[107.00636810800002,-6.281042810000008,0],[107.00637034900002,-6.281033416999941,0],[107.00649800200001,-6.280498897999946,0],[107.0069166090001,-6.278639511999932,0],[107.00698089400001,-6.27835395700002,0],[107.00702083900002,-6.278238506999971,0],[107.00761432800002,-6.276876570999905,0],[107.00774457300004,-6.276568495999905,0],[107.00829957900005,-6.27532943599997,0],[107.00850316000002,-6.274773452999975,0],[107.00850712600008,-6.274636533000015,0],[107.00851458600008,-6.274378571999899,0],[107.0085363060001,-6.273821865999933,0],[107.00857768100005,-6.273181006999932,0],[107.00860078600002,-6.2728230929999835,0],[107.00861382600003,-6.271768970999984,0],[107.00861594400003,-6.2715977759999415,0],[107.00861744300006,-6.271477003999985,0],[107.00860986400005,-6.271302771999958,0],[107.00865935800006,-6.27117781100001,0],[107.0086855860001,-6.27111160399995,0],[107.00895345900005,-6.270696826999915,0],[107.00918626100005,-6.270523815999988,0],[107.00939277300009,-6.270462197999953,0],[107.00973515100007,-6.270442441999917,0],[107.00995927200006,-6.270441843999956,0],[107.01027986700002,-6.270440993999975,0],[107.01056026100005,-6.270427459999921,0],[107.01060433600006,-6.27033836600001,0],[107.01062877600003,-6.270288954999918,0],[107.01090852700008,-6.270329089999953,0],[107.01112046400003,-6.2703016149999,0],[107.01142673900006,-6.270235101999992,0],[107.01192596000007,-6.270141123999943,0],[107.01250259300008,-6.270120258999993,0],[107.01302455300002,-6.270122565999918,0],[107.01404831200009,-6.270135827999949,0],[107.01442672500004,-6.27014073,0],[107.01452071300008,-6.270062337999908,0],[107.01492263300013,-6.26986437399996,0],[107.01516087400003,-6.269866178999932,0],[107.01523187200004,-6.2698618459999285,0],[107.01530130900001,-6.269869806999965,0]]},"properties":{}},{"type":"Feature","geometry":{"bbox":[106.92295244300003,-6.2788076109998965,106.92533516900009,-6.272472037999892],"type":"LineString","coordinates":[[106.92295244300003,-6.2788076109998965,0],[106.92305177700008,-6.278405507999933,0],[106.923078682,-6.278357924999993,0],[106.92326193200006,-6.27837219599993,0],[106.92334368500008,-6.278187347000001,0],[106.92355357500013,-6.277712778999993,0],[106.92366178600011,-6.277444499,0],[106.92371456100003,-6.27731365099992,0],[106.92378971600003,-6.2771649899999655,0],[106.92387252200004,-6.277043017999999,0],[106.92399538000008,-6.276514125999936,0],[106.92411737600005,-6.276232811999931,0],[106.92438518200001,-6.275615261999993,0],[106.92438580000005,-6.275613839999965,0],[106.92455094400013,-6.275163667999932,0],[106.92459765100008,-6.275036331999965,0],[106.92468935400004,-6.274706830999969,0],[106.92480658900006,-6.274285612999934,0],[106.92484478500002,-6.274148389999949,0],[106.9250442530001,-6.27347404200002,0],[106.92515870600006,-6.273038430999948,0],[106.92528486000002,-6.272558331000015,0],[106.9252933810001,-6.272543725999961,0],[106.92533516900009,-6.272472037999892,0]]},"properties":{}},{"type":"Feature","geometry":{"bbox":[106.98856885100008,-6.292687866999939,106.9963656460001,-6.282478668999973],"type":"LineString","coordinates":[[106.98856885100008,-6.292687866999939,0],[106.98874092700002,-6.292365591000008,0],[106.98954423900005,-6.291055167999941,0],[106.98990085700007,-6.290434673999938,0],[106.98997338600012,-6.290313800999973,0],[106.99080520900011,-6.288927579999941,0],[106.9909993540001,-6.2886048679999735,0],[106.99116626000006,-6.28833299699995,0],[106.99130373600006,-6.288103051999931,0],[106.99141234900007,-6.287915050000008,0],[106.99154297300005,-6.287717958999954,0],[106.99159303100001,-6.287642429999922,0],[106.99166329600006,-6.287292453000008,0],[106.99171623100008,-6.287096914999994,0],[106.99190870600002,-6.2868937119999675,0],[106.99206979500012,-6.286674588999956,0],[106.99244831500008,-6.286159716999988,0],[106.992674907,-6.285920797999937,0],[106.99292043300007,-6.285671374999906,0],[106.9930850710001,-6.285530034999935,0],[106.99328386100002,-6.285357844999988,0],[106.99332149600012,-6.285303980999972,0],[106.99332353800011,-6.285303891999964,0],[106.99365175600009,-6.284976409999958,0],[106.99396408400008,-6.284699753999982,0],[106.99412246900005,-6.284544243999994,0],[106.99430778000001,-6.284353697999949,0],[106.99448247100008,-6.284197510999904,0],[106.99528600000004,-6.283479115999972,0],[106.99581796000008,-6.282961405999947,0],[106.99598401600007,-6.282797025000024,0],[106.99628860100003,-6.282551642999971,0],[106.9963193360001,-6.282522530999961,0],[106.9963656460001,-6.282478668999973,0]]},"properties":{}},{"type":"Feature","geometry":{"bbox":[106.97899666300006,-6.230352603999949,106.99097525900005,-6.204014717999977],"type":"LineString","coordinates":[[106.99097525900005,-6.230352603999949,0],[106.9908395340001,-6.230261197999935,0],[106.99060251200004,-6.230087648999964,0],[106.98974708900005,-6.2295388049999385,0],[106.98911707000005,-6.229134566999976,0],[106.98885586600002,-6.228983095999967,0],[106.98841261100003,-6.228726368999952,0],[106.988351084,-6.228672852999965,0],[106.98773151900008,-6.228234968999972,0],[106.9876663790001,-6.2281889339999825,0],[106.98711506500005,-6.2277664869999345,0],[106.98688971400006,-6.227608739999939,0],[106.9865853310001,-6.22735517699992,0],[106.98635823500005,-6.22718498699996,0],[106.98603820900004,-6.226994822999947,0],[106.98459881800005,-6.225923339999932,0],[106.98451944400006,-6.225875802999996,0],[106.9843977120001,-6.225802902999915,0],[106.98411060600006,-6.225611998999929,0],[106.98355579100007,-6.225218480999965,0],[106.98330742200004,-6.225007639999928,0],[106.98304344300006,-6.22478008599993,0],[106.98190582700008,-6.223941970999951,0],[106.98178900300009,-6.223850046999894,0],[106.98174852900011,-6.223768224999963,0],[106.98177155600007,-6.2237365320000055,0],[106.9818085960001,-6.223685564999963,0],[106.98210700600002,-6.222812275000004,0],[106.98220681100011,-6.22245869899997,0],[106.98257980400005,-6.221080546999895,0],[106.98277727200005,-6.220339624999964,0],[106.98323341600005,-6.218680042999962,0],[106.98337345800009,-6.218176895999898,0],[106.98340328900007,-6.217954910999916,0],[106.98339558100005,-6.217655684999938,0],[106.98310108800011,-6.216822747999943,0],[106.98306932200006,-6.216728497999961,0],[106.9829732780001,-6.216443571999923,0],[106.98286667600009,-6.216125758000006,0],[106.98283969700007,-6.216045313999922,0],[106.98272044200006,-6.215714157999967,0],[106.98264108100007,-6.215464293999988,0],[106.98248853300005,-6.215040936999953,0],[106.982407456,-6.214841933999919,0],[106.98227552600011,-6.21458992399994,0],[106.98206798800008,-6.213951761999985,0],[106.9819781260001,-6.2136841079999545,0],[106.98190732700002,-6.213505832999948,0],[106.98131863900007,-6.211966902999981,0],[106.98111572700007,-6.211284593999926,0],[106.98105333900006,-6.21100972099992,0],[106.98104683200005,-6.210977577999925,0],[106.98079809400008,-6.209749745999941,0],[106.98064632300013,-6.209187136999931,0],[106.98056569600003,-6.208806018999928,0],[106.98024412400007,-6.207047231999978,0],[106.98011983200009,-6.2066308639999885,0],[106.9800544940001,-6.20632756799994,0],[106.9798591350001,-6.205000175999979,0],[106.97977817900006,-6.204813221999965,0],[106.97974229400003,-6.204759670999975,0],[106.9792911750001,-6.20430816199992,0],[106.97900992600009,-6.204029621999966,0],[106.97899666300006,-6.204014717999977,0]]},"properties":{}},{"type":"Feature","geometry":{"bbox":[107.01997220600003,-6.230705704999943,107.02402167600007,-6.223529157999989],"type":"LineString","coordinates":[[107.01997220600003,-6.230705704999943,0],[107.01998081200013,-6.230657429999946,0],[107.02003588500007,-6.230508743999989,0],[107.02006282700007,-6.23043600700001,0],[107.02012385600007,-6.230271250999968,0],[107.02028336800002,-6.230116187999927,0],[107.02058505200003,-6.2298903069999785,0],[107.02126198200008,-6.229383466999964,0],[107.02153542100007,-6.22913783199998,0],[107.02191316900006,-6.228798044999932,0],[107.02264976300008,-6.228193290999988,0],[107.02332250000005,-6.227633043999996,0],[107.02371367500008,-6.227398094999918,0],[107.02390100200003,-6.227212530000019,0],[107.02400805300002,-6.226975650999959,0],[107.02401228900001,-6.226911734999911,0],[107.02402167600007,-6.226770257999929,0],[107.023982135,-6.226553721999954,0],[107.02386342300012,-6.2261165440000195,0],[107.0239447230001,-6.225746629999966,0],[107.02388293000006,-6.2253432359999845,0],[107.02392638300009,-6.22487574699994,0],[107.0238383800001,-6.224625395000009,0],[107.023809467,-6.2244782149999995,0],[107.02386104600002,-6.224160335999988,0],[107.02386130300003,-6.2241591329999775,0],[107.02394171800003,-6.2237868359999045,0],[107.02400527000005,-6.223529157999989,0]]},"properties":{}},{"type":"Feature","geometry":{"bbox":[107.02927121825972,-6.3294610412973835,107.04376982700006,-6.307189698791975],"type":"MultiLineString","coordinates":[[[107.04344693763673,-6.307383763118095,0],[107.04341681000007,-6.307194063999903,0],[107.04341611675595,-6.307189698791975,0]],[[107.04285317761904,-6.310209284355521,0],[107.04285859200007,-6.310144607999961,0],[107.0428739820001,-6.309960843999944,0],[107.04316547700006,-6.308729658999949,0],[107.04323237100009,-6.308447122999931,0],[107.04340074900007,-6.308232923999972,0],[107.04363090000003,-6.307951392999948,0],[107.04359900200005,-6.307849422999949,0],[107.043523293062,-6.3076557159731745,0]],[[107.04298900432536,-6.3120215103243655,0],[107.04305251100004,-6.311765073999924,0],[107.04307561500009,-6.31148151699991,0],[107.04300341300006,-6.311281334999956,0],[107.04295156197365,-6.311097291348615,0]],[[107.04330289026794,-6.312477672140686,0],[107.04328210200003,-6.312467510999957,0],[107.04313576400008,-6.312364308999944,0],[107.04299917300007,-6.3121750559999175,0],[107.04298406600006,-6.312041450999965,0],[107.04298418560768,-6.312040968031278,0]],[[107.04351337635418,-6.313608297067168,0],[107.04356968600011,-6.31351833299995,0],[107.043751994,-6.313169844999981,0],[107.04376727900002,-6.3129754669999745,0],[107.04376982700006,-6.3129430829999595,0],[107.04375947653256,-6.312921285910315,0]],[[107.04334396386997,-6.3144163577090335,0],[107.04344653800004,-6.314310191999921,0],[107.04353864400012,-6.314095242999899,0],[107.04350808600007,-6.313971118999932,0],[107.0434729682932,-6.313808098563138,0]],[[107.04274461442256,-6.315484847983958,0],[107.0427675620001,-6.315398646999919,0],[107.04277453500005,-6.315075419999998,0],[107.04292254600003,-6.314895509999944,0],[107.04313564100008,-6.31464414999993,0],[107.04313623400013,-6.314643451999961,0],[107.04326429800007,-6.314498814999984,0],[107.0432917622139,-6.314470387824082,0]],[[107.04261247686532,-6.31585692402629,0],[107.04259444100006,-6.3158161239999995,0],[107.04260053698023,-6.315791076020842,0]],[[107.04289258688786,-6.316140970496191,0],[107.04285383100003,-6.316128288999982,0],[107.0427538330351,-6.316053713376084,0]],[[107.04313361302877,-6.316978807559652,0],[107.0432936390001,-6.316888093999966,0],[107.0434621670001,-6.316688928000007,0],[107.04350819500009,-6.316389694999939,0],[107.04343376900006,-6.316309263999946,0],[107.04333283775306,-6.316282124798304,0]],[[107.04081806205639,-6.317600099134372,0],[107.04088216200006,-6.317561119999963,0],[107.04100079694751,-6.317522478918784,0]],[[107.04069627724438,-6.317839050029354,0],[107.0407076800001,-6.317758635999963,0],[107.04073869718962,-6.317691467230928,0]],[[107.04049140117458,-6.318931626107675,0],[107.040494112,-6.318705814999907,0],[107.04043280800009,-6.318489840999979,0],[107.04028203400004,-6.318052795999966,0],[107.04031167354162,-6.3180142179303385,0]],[[107.04002735037714,-6.320204312176829,0],[107.0400378090001,-6.32019281799993,0],[107.04021971000013,-6.319992950000001,0],[107.04035732400006,-6.319262418999953,0],[107.04044121856424,-6.31910650592488,0]],[[107.03857016313631,-6.320378168111278,0],[107.03858143600011,-6.320368764999921,0],[107.03858164895138,-6.320368707449868,0]],[[107.03794432230134,-6.320801285822901,0],[107.03794837000005,-6.320794426999969,0],[107.03801397000007,-6.320706873999919,0],[107.03841822000003,-6.320630767999928,0],[107.03845757278657,-6.320536221575638,0]],[[107.03766602462737,-6.321115688441507,0],[107.03766320000008,-6.320987548999961,0],[107.03772368300011,-6.320904011999977,0],[107.03775076680074,-6.320898536866297,0]],[[107.03719590467223,-6.3213357006842426,0],[107.03722997700002,-6.321302494999907,0],[107.0373096403785,-6.32119964433752,0]],[[107.03663733244606,-6.321813784942025,0],[107.03687966400008,-6.321651911999952,0],[107.03701544719651,-6.321515536035831,0]],[[107.03419134811028,-6.322910019829246,0],[107.03424623600007,-6.322834600999931,0],[107.03442358600009,-6.322579440999958,0],[107.0345213680001,-6.322416697999904,0],[107.03459666900002,-6.322395066999979,0],[107.03459711396178,-6.3223951688703135,0]],[[107.03478923877677,-6.322439154273811,0],[107.0348316370001,-6.3224488609999,0],[107.03492783030772,-6.322482000361733,0]],[[107.03190447535715,-6.324196737686842,0],[107.03194075800009,-6.324121854999946,0],[107.03252179200003,-6.3231146089999175,0],[107.03252360730775,-6.323115197120581,0]],[[107.03397139288363,-6.323560358526008,0],[107.03405495300005,-6.323545254999933,0],[107.03405778000011,-6.323486184791031,0]],[[107.0335662488024,-6.323547710633141,0],[107.03379179834563,-6.323592117667369,0]],[[107.03150939237803,-6.324684354394387,0],[107.03167525800006,-6.324531312999985,0],[107.03174242213503,-6.324440162677673,0]],[[107.03102030308159,-6.325022478137525,0],[107.03103947681201,-6.325004131188054,0]],[[107.03033788893737,-6.325516497129195,0],[107.03037968100007,-6.325438143999966,0],[107.03072993400009,-6.325129564999925,0],[107.03083672200005,-6.325049146999932,0],[107.03083754801592,-6.325049027023015,0]],[[107.02983168399354,-6.3261604002318546,0],[107.02990381500004,-6.326053608999908,0],[107.03009951072065,-6.325870293373585,0]],[[107.0298157259257,-6.3262986067787725,0],[107.029761738,-6.326274203999953,0],[107.02976556825807,-6.326266369957027,0]],[[107.03000260776992,-6.326702647968345,0],[107.02998895500006,-6.326406312999959,0],[107.02995848257913,-6.326378276840076,0]],[[107.02927121825972,-6.3294610412973835,0],[107.02937993400003,-6.329225185999958,0],[107.029667159,-6.3282393570000135,0],[107.0300590430001,-6.32749564299994,0],[107.0300467620076,-6.32735414463305,0]]]},"properties":{}},{"type":"Feature","geometry":{"bbox":[107.02229304300005,-6.303159228999926,107.02394150900001,-6.301486573999997],"type":"LineString","coordinates":[[107.02264179800004,-6.301487881999927,0],[107.02260464100007,-6.301493955999986,0],[107.02244045600007,-6.301486573999997,0],[107.02236014300009,-6.301524666999951,0],[107.02232648400006,-6.301624659999964,0],[107.02229304300005,-6.301899680999982,0],[107.02237257500005,-6.301965531999924,0],[107.02301793400007,-6.302224222999923,0],[107.02356452700009,-6.3024433189999325,0],[107.02392340900012,-6.3026696969999225,0],[107.02394150900001,-6.302800643999921,0],[107.02390646500004,-6.302986131999903,0],[107.02387028100007,-6.303159228999926,0]]},"properties":{}},{"type":"Feature","geometry":{"bbox":[106.92305903600005,-6.272472037999892,106.92533516900009,-6.27232055099997],"type":"LineString","coordinates":[[106.92533516900009,-6.272472037999892,0],[106.92492740100002,-6.272438682999974,0],[106.92489340100005,-6.272436338999958,0],[106.92449563000008,-6.272408931999999,0],[106.92419277200007,-6.272389927999937,0],[106.92365336100004,-6.272345535999905,0],[106.92346885500004,-6.272330354999982,0],[106.92315145900007,-6.2723213669999485,0],[106.92312252400008,-6.27232055099997,0],[106.92305903600005,-6.272321570999965,0]]},"properties":{}},{"type":"Feature","geometry":{"bbox":[107.00242372200006,-6.176259419999967,107.00802626356301,-6.16787398236877],"type":"MultiLineString","coordinates":[[[107.00751381137646,-6.168141529230235,0],[107.00802611300007,-6.167874419999945,0],[107.00802626356301,-6.16787398236877,0]],[[107.00702051284289,-6.168645658062159,0],[107.00702922600001,-6.168543688999899,0],[107.00708843299718,-6.168471338930052,0]],[[107.00696216043855,-6.16918059117179,0],[107.00697468200012,-6.169155631999994,0],[107.00698391938101,-6.169054810976375,0]],[[107.0061557367708,-6.169259916135276,0],[107.00643249600002,-6.169287961999929,0],[107.00675317000008,-6.1693049980000065,0],[107.00683355899056,-6.169276300252362,0]],[[107.00595676573852,-6.170245517188848,0],[107.00594707400009,-6.170083185999912,0],[107.00591764681992,-6.169736243190586,0]],[[107.00553801728208,-6.170903860409675,0],[107.0055479160001,-6.170879702000002,0],[107.00572449407697,-6.17059543519755,0]],[[107.0053508571203,-6.171687069137503,0],[107.00545680800012,-6.171228532999999,0],[107.00550217200005,-6.170995307999975,0],[107.00550552788539,-6.170985875232786,0]],[[107.00422879947538,-6.172367243962233,0],[107.00447066500006,-6.17233371699996,0],[107.00450240100011,-6.1723293209999515,0],[107.00489710900008,-6.17230412999991,0],[107.00502002700003,-6.172297156999955,0],[107.00504787991423,-6.172280504822895,0]],[[107.00242372200006,-6.176259419999967,0],[107.0024488180001,-6.17612515099996,0],[107.00253745100007,-6.175672503999989,0],[107.00259356500008,-6.175385951999905,0],[107.00278960100005,-6.174365073999992,0],[107.00281518400004,-6.174273854999994,0],[107.00313552500008,-6.174278199999909,0],[107.00363211600003,-6.1742849459999345,0],[107.00375856100003,-6.174288393999953,0],[107.00380768100008,-6.173967992,0],[107.00385014700005,-6.173855182999903,0],[107.00391066400009,-6.173699606999909,0],[107.00391972600003,-6.173502844999971,0],[107.00392459500009,-6.173416333000008,0],[107.00396956900008,-6.172617794999928,0],[107.00401031700007,-6.172461199999939,0],[107.0040867760001,-6.172386930999922,0],[107.00408854940835,-6.172386685173274,0]]]},"properties":{}},{"type":"Feature","geometry":{"bbox":[107.00559963900012,-6.298373112999959,107.0133035910001,-6.292928463999951],"type":"LineString","coordinates":[[107.00559963900012,-6.298373112999959,0],[107.00564253700011,-6.298224299999992,0],[107.0057099310001,-6.2981696149999085,0],[107.00593075700007,-6.298101033000007,0],[107.00608157300012,-6.29795386599991,0],[107.006317402,-6.2977308269999295,0],[107.00640635100008,-6.297712936999959,0],[107.00646263700011,-6.297589286999942,0],[107.0065838190001,-6.297393568000002,0],[107.00689867300004,-6.297206116999947,0],[107.00739694000006,-6.296962910999985,0],[107.00777329000002,-6.296754899999916,0],[107.00802835200008,-6.296519572999985,0],[107.00824882600003,-6.296329166999952,0],[107.00835303200003,-6.296324335999907,0],[107.00901991400005,-6.296566746999892,0],[107.00912747700006,-6.296492813999992,0],[107.00941887700012,-6.296280797999946,0],[107.0098448940001,-6.295959937999955,0],[107.01056960500001,-6.295261415999979,0],[107.01072363300007,-6.294979980999964,0],[107.01111466700009,-6.294460583999976,0],[107.01121153400003,-6.294399248999964,0],[107.01156138500001,-6.2944577869999225,0],[107.01180086600002,-6.294158908999973,0],[107.012174314,-6.293829543999989,0],[107.01285872800007,-6.292928463999951,0],[107.01304126100007,-6.293029549999966,0],[107.01318121400001,-6.293051557999922,0],[107.0133035910001,-6.293045128999923,0]]},"properties":{}},{"type":"Feature","geometry":{"bbox":[107.03655961155093,-6.2505397027984895,107.03655977600009,-6.250539075999965],"type":"LineString","coordinates":[[107.03655961155093,-6.2505397027984895,0],[107.03655977600009,-6.250539075999965,0]]},"properties":{}},{"type":"Feature","geometry":{"bbox":[106.98722695700008,-6.226831893999966,106.99110652000009,-6.220221445999956],"type":"LineString","coordinates":[[106.99110652000009,-6.220592247999905,0],[106.99101672100002,-6.220664822999959,0],[106.99092775700004,-6.220649382000014,0],[106.99068403000003,-6.220536312999984,0],[106.99050149000003,-6.220482809999998,0],[106.99014086900003,-6.220446621999935,0],[106.99006055100004,-6.220503176999996,0],[106.98982507500001,-6.220693542999937,0],[106.98969347500005,-6.220686805999913,0],[106.98965804000005,-6.220628490999973,0],[106.98957524100004,-6.220501081999911,0],[106.98946737100009,-6.220450479999988,0],[106.98923359300001,-6.220385930999976,0],[106.98916115000006,-6.2204300789998985,0],[106.98906530300003,-6.220503888999966,0],[106.98897637000005,-6.220484803999986,0],[106.98847916200003,-6.220297612999952,0],[106.98834397600004,-6.220221445999956,0],[106.98826338200003,-6.2202842579999125,0],[106.98824677200008,-6.22035961299993,0],[106.9882417200001,-6.220703041000013,0],[106.98823885000004,-6.220898380999921,0],[106.9881428890001,-6.221033188999973,0],[106.98807803500006,-6.221115767999967,0],[106.9880346070001,-6.2211710629999235,0],[106.98801876100003,-6.221476207999947,0],[106.98801716200009,-6.222358369999929,0],[106.98787041200002,-6.223608653999994,0],[106.98770356500007,-6.224079390999952,0],[106.98757000000003,-6.2246436569999215,0],[106.98747292000009,-6.225172950999928,0],[106.98745789800009,-6.225368037999905,0],[106.98725362300006,-6.2263678629999415,0],[106.98722695700008,-6.226623485999953,0],[106.98744809800007,-6.226807783000014,0],[106.987496568,-6.226831893999966,0]]},"properties":{}},{"type":"Feature","geometry":{"bbox":[106.97600743100008,-6.2478031029999865,106.9794812590001,-6.238581012999893],"type":"LineString","coordinates":[[106.97601833200011,-6.2478031029999865,0],[106.97600743100008,-6.247592407999962,0],[106.97601109500003,-6.247475702999987,0],[106.97603893300003,-6.2471919209999545,0],[106.97616054500006,-6.246684862999922,0],[106.97621585700001,-6.246600953999996,0],[106.9762480950001,-6.246570201999939,0],[106.97631661200009,-6.246451453999972,0],[106.976492754,-6.246145705999899,0],[106.97688911900012,-6.245618620999986,0],[106.97714798500004,-6.245190635000013,0],[106.97722880200007,-6.2449670739999,0],[106.97725138100007,-6.244904615999973,0],[106.97726367600002,-6.244870611999913,0],[106.97724984700004,-6.244763112999989,0],[106.97718603500009,-6.244719865999963,0],[106.977075476,-6.244642790999892,0],[106.97699321200012,-6.244596222999947,0],[106.97683046400006,-6.244601951999888,0],[106.97674894800006,-6.244502119999977,0],[106.97672065000003,-6.244369352000005,0],[106.97671116500005,-6.244119142999997,0],[106.97671097900003,-6.243409646000002,0],[106.976875782,-6.243053374999922,0],[106.977497451,-6.242352527000021,0],[106.97770266400002,-6.24228011499998,0],[106.9778861290001,-6.242197378999974,0],[106.97803381500006,-6.2420856299999645,0],[106.97811332100007,-6.241953450999953,0],[106.9782467790001,-6.241776948999915,0],[106.97857596300007,-6.241422229999964,0],[106.97881633300007,-6.241191631999891,0],[106.97910212500008,-6.240859180000006,0],[106.979234321,-6.240705402999895,0],[106.97920735500009,-6.240539847999964,0],[106.97919460200009,-6.2404879459999325,0],[106.9791591410001,-6.240343641999983,0],[106.97919387300004,-6.240168704999986,0],[106.97926568500012,-6.239736593999938,0],[106.97930468800006,-6.2394407279999715,0],[106.97935938100005,-6.239028490999969,0],[106.97936176400007,-6.238986947999907,0],[106.97936718300008,-6.238892512999909,0],[106.97941987100009,-6.238680232999931,0],[106.9794812590001,-6.238581012999893,0]]},"properties":{}},{"type":"Feature","geometry":{"bbox":[106.97838837400009,-6.238581012999893,106.9795778160001,-6.230870791000013],"type":"LineString","coordinates":[[106.9794812590001,-6.238581012999893,0],[106.97938963800007,-6.238508567999938,0],[106.97927577400006,-6.238503535999966,0],[106.97919449400008,-6.2384710859999455,0],[106.97918072500002,-6.238408193999893,0],[106.97922541900007,-6.238121735999906,0],[106.97926157400005,-6.237926369999995,0],[106.97943661200004,-6.23698047399998,0],[106.97945474500004,-6.23680955899996,0],[106.97944446800008,-6.236724015999899,0],[106.97942714900006,-6.236579769999954,0],[106.97942222200001,-6.236436787999937,0],[106.97946097000002,-6.236183649999953,0],[106.97954129900009,-6.235839963999938,0],[106.97955793500005,-6.235486843999942,0],[106.97951401000006,-6.23536910599997,0],[106.97940385,-6.235086872999977,0],[106.97933802200006,-6.234891203999952,0],[106.97930980900013,-6.23480732799994,0],[106.97926159800005,-6.234609241999982,0],[106.97928870500007,-6.234414949999982,0],[106.97937049700009,-6.233962685999954,0],[106.97948325000009,-6.233235516000006,0],[106.97951049000004,-6.233093787000003,0],[106.97954522800006,-6.232913054999971,0],[106.9795778160001,-6.2326819459999445,0],[106.97954815200004,-6.232536271999971,0],[106.97921916400009,-6.23207467499997,0],[106.97915137100007,-6.231937840999928,0],[106.97906017700008,-6.231810416999954,0],[106.97886203800003,-6.2315395259999224,0],[106.97876815800008,-6.231411179999961,0],[106.97852660700008,-6.231060339999976,0],[106.97838837400009,-6.230870791000013,0]]},"properties":{}},{"type":"Feature","geometry":{"bbox":[106.94860805000005,-6.255400901999979,106.95100103300007,-6.249887968999916],"type":"LineString","coordinates":[[106.94895583300004,-6.255400901999979,0],[106.94890551500005,-6.255214922999956,0],[106.94876002700009,-6.254967157999973,0],[106.94862744900004,-6.254765635999908,0],[106.94860805000005,-6.254494619999955,0],[106.94863991300011,-6.254293627000022,0],[106.94872757100008,-6.254188668999953,0],[106.94884345600006,-6.254115855999968,0],[106.9488706450001,-6.254094670999992,0],[106.94890771200005,-6.254073973999967,0],[106.94895609400007,-6.254046960999952,0],[106.94942466200011,-6.253774260999949,0],[106.94962711700008,-6.2534666009999835,0],[106.94986557500009,-6.252960870999972,0],[106.95012730000006,-6.252297241999953,0],[106.95028451600011,-6.251925937999962,0],[106.95057564400012,-6.251175676999969,0],[106.95070444300003,-6.250850280999957,0],[106.95076998400005,-6.250689793999912,0],[106.95080978200005,-6.250579913999969,0],[106.95097000100007,-6.250000243999969,0],[106.95100103300007,-6.249887968999916,0]]},"properties":{}},{"type":"Feature","geometry":{"bbox":[106.92095133400002,-6.272321570999965,106.92321144500006,-6.250620091024254],"type":"MultiLineString","coordinates":[[[106.92096811125525,-6.250788541913314,0],[106.92095133400002,-6.250774913999939,0],[106.92099653004621,-6.250620091024254,0]],[[106.9216769765966,-6.251284891036539,0],[106.92160526000004,-6.251242504999903,0],[106.9214762440001,-6.2512017849999975,0],[106.92138660700006,-6.251127884000011,0],[106.92137923535188,-6.251104996710881,0]],[[106.92171853122434,-6.251689763506844,0],[106.92172127400003,-6.251688581999952,0],[106.92174433200009,-6.251611909999914,0],[106.92173416500005,-6.2513910969999404,0],[106.92171170004916,-6.251327768774166,0]],[[106.92174231600845,-6.252884446564925,0],[106.92176747800005,-6.252846016999973,0],[106.92180456700001,-6.252759284999991,0],[106.92178975800002,-6.252620573999971,0],[106.92167410692598,-6.252371171109365,0]],[[106.92184489671256,-6.253400874936991,0],[106.92184348800002,-6.253399342999925,0],[106.92174318800008,-6.25329027499996,0],[106.92165913900006,-6.253202745999912,0],[106.9216508812319,-6.25312582189345,0]],[[106.9219111532536,-6.253717454114442,0],[106.92187295100007,-6.253641503999978,0],[106.92187027957254,-6.2536023681811255,0]],[[106.92305903600005,-6.272321570999965,0],[106.92310157000011,-6.272071207999945,0],[106.92315635900012,-6.271540910999944,0],[106.92318708400009,-6.271295563999983,0],[106.92321144500006,-6.271100997999961,0],[106.92320938200007,-6.271021532999958,0],[106.92300252500009,-6.270933047000009,0],[106.92293348000007,-6.270882388999992,0],[106.92295579200004,-6.269544612999971,0],[106.92295416100009,-6.269385429999945,0],[106.92273087900008,-6.269117290999963,0],[106.92268969800006,-6.268960051999921,0],[106.92271630800003,-6.268545856999934,0],[106.92269329400008,-6.268269261999963,0],[106.9226258570001,-6.2674586289999485,0],[106.92262326700006,-6.267427454999945,0],[106.92255763700005,-6.266838623999986,0],[106.92242582700007,-6.265656116999933,0],[106.92236017300006,-6.265216130999944,0],[106.92205395000012,-6.263967863999957,0],[106.9217027210001,-6.263852762999937,0],[106.92167302300004,-6.263843025999931,0],[106.92167332000007,-6.263282214999981,0],[106.92166324700013,-6.263196043999956,0],[106.92157777600006,-6.263120428000006,0],[106.92155378400012,-6.2631021719999165,0],[106.92149767100001,-6.263059485999937,0],[106.92146570600003,-6.262956143999913,0],[106.9215610240001,-6.2626261509999654,0],[106.92160897200007,-6.2624601409999965,0],[106.9216361800001,-6.262371943999982,0],[106.92173068100001,-6.26206562499995,0],[106.92184773200002,-6.260923739999972,0],[106.92192306000004,-6.260165591999948,0],[106.921980692,-6.259637969999991,0],[106.92201167100009,-6.259375370999935,0],[106.92209350600011,-6.258681636999912,0],[106.92212134900011,-6.258485277000007,0],[106.92218484400011,-6.258249302999934,0],[106.92224028100009,-6.258043285999941,0],[106.92224380300011,-6.258015569999957,0],[106.9223017500001,-6.2576484559999574,0],[106.92232973600002,-6.257476397999932,0],[106.92235930800007,-6.257056134999976,0],[106.92230828600012,-6.2562824109999955,0],[106.92225631200007,-6.25531992699994,0],[106.9222490080001,-6.25502234299992,0],[106.92224858000006,-6.255021430999934,0],[106.92212409600006,-6.254757493999945,0],[106.92206076700006,-6.254574278999973,0],[106.9220354870001,-6.254077437999987,0],[106.92202209200006,-6.253937393999946,0],[106.92202143584431,-6.253936096297023,0]]]},"properties":{}},{"type":"Feature","geometry":{"bbox":[106.94380965193484,-6.250014909999939,106.95100103300007,-6.249887968999916],"type":"LineString","coordinates":[[106.95100103300007,-6.249887968999916,0],[106.95079411500008,-6.249892126999994,0],[106.95000724100008,-6.249911546000002,0],[106.94942761800009,-6.24993309799992,0],[106.94893457100005,-6.249955131999966,0],[106.94741209000003,-6.250000319999975,0],[106.9474120020001,-6.250000322999975,0],[106.94712539600002,-6.250008831999969,0],[106.94534661700001,-6.250014909999939,0],[106.94508996900001,-6.250000363999979,0],[106.94508992900009,-6.250000360999978,0],[106.94469775900006,-6.249978127000004,0],[106.94431764100005,-6.249927591999908,0],[106.94380965193484,-6.249896435808148,0]]},"properties":{}},{"type":"Feature","geometry":{"bbox":[106.94833543800004,-6.301198895999997,106.94939308100007,-6.293199043999957],"type":"LineString","coordinates":[[106.9484069010001,-6.301198895999997,0],[106.94841506900006,-6.301092089999953,0],[106.94853744800007,-6.3007912879999335,0],[106.94859375500002,-6.30063500199997,0],[106.94857522000008,-6.300518060999975,0],[106.94854716800006,-6.300405613999908,0],[106.94857461000002,-6.300238503999937,0],[106.94861154600007,-6.3001845720000045,0],[106.94872432300006,-6.3001314049999575,0],[106.94878490100011,-6.300047078999997,0],[106.94876161000005,-6.300004328999924,0],[106.94870082100007,-6.2999693139999575,0],[106.94879206900008,-6.2997281009999835,0],[106.94887783300007,-6.2995527539999525,0],[106.9489716180001,-6.299361979999977,0],[106.9490219840001,-6.299102954999951,0],[106.94900517200004,-6.298893201999915,0],[106.94899537600011,-6.298863890999977,0],[106.948878156,-6.2985132190000055,0],[106.94878919700002,-6.298222264999913,0],[106.94876207300008,-6.297956178999923,0],[106.94880561000005,-6.297738731999962,0],[106.94884685800008,-6.297588495999966,0],[106.94883358200005,-6.297423039999954,0],[106.948820084,-6.297280521999975,0],[106.94891695600002,-6.2970865629999135,0],[106.94897940700012,-6.296964176000001,0],[106.94897418500005,-6.2968457119999695,0],[106.94894010100008,-6.296671074999908,0],[106.94896015200004,-6.296475115999948,0],[106.94897003700007,-6.29632712199996,0],[106.94893248100006,-6.296040433999954,0],[106.9489319180001,-6.295780504999941,0],[106.9489318880001,-6.295767548999935,0],[106.94922316800005,-6.294823413999977,0],[106.94932978900007,-6.29477490799996,0],[106.94936384100005,-6.294737522999975,0],[106.94939308100007,-6.2942844919999725,0],[106.94936389600005,-6.294081067999928,0],[106.94931455400005,-6.293977586999981,0],[106.94922933500003,-6.29387737799995,0],[106.94928195500002,-6.293713862999921,0],[106.94931350000006,-6.293598055999931,0],[106.9493268290001,-6.29340196799996,0],[106.94928268000008,-6.293292934999998,0],[106.94921337600003,-6.293229833999929,0],[106.94882964000008,-6.293199043999957,0],[106.94851079200008,-6.293251143999916,0],[106.94843344800007,-6.293256477999913,0],[106.94833543800004,-6.293227558999918,0]]},"properties":{}},{"type":"Feature","geometry":{"bbox":[106.99720111000005,-6.249683143999933,106.99746509100004,-6.246382067999916],"type":"LineString","coordinates":[[106.99746509100004,-6.246382067999916,0],[106.99738337900003,-6.247419976999906,0],[106.99728977800001,-6.248012678999919,0],[106.99723388700009,-6.248281286999939,0],[106.99720124800005,-6.249282529000004,0],[106.99720111000005,-6.249286670999902,0],[106.99726420800002,-6.249605699000009,0],[106.99730916100002,-6.249683143999933,0]]},"properties":{}},{"type":"Feature","geometry":{"bbox":[106.95955312700005,-6.312358964999946,106.98432426900007,-6.172306410689858],"type":"LineString","coordinates":[[106.96036317900011,-6.312358964999946,0],[106.9603469230001,-6.312229007999941,0],[106.96039745700001,-6.312088681999965,0],[106.96042814300007,-6.312033379999919,0],[106.96048939200007,-6.311928462999942,0],[106.960610897,-6.311723678999963,0],[106.96090951800002,-6.311118324999969,0],[106.96102281700007,-6.310567463999954,0],[106.96097891800008,-6.310355300999985,0],[106.96087232400005,-6.310048605999922,0],[106.96074914900007,-6.309842925999957,0],[106.96053989100008,-6.309493518999913,0],[106.96040683700008,-6.3092436290000204,0],[106.96008972700004,-6.308694965999921,0],[106.95983408800004,-6.308294867999946,0],[106.95971610800004,-6.308110214999944,0],[106.95968451300008,-6.307957296999993,0],[106.95963758200011,-6.307329944999955,0],[106.95955312700005,-6.30656141399996,0],[106.95958078900013,-6.3064082909999915,0],[106.95967624500011,-6.3062376349999045,0],[106.9597521970001,-6.30610185199995,0],[106.959797226,-6.3057803829999965,0],[106.95987948400006,-6.305644394999936,0],[106.96009680100009,-6.305294304999924,0],[106.96027986800006,-6.304885468999936,0],[106.96039987900004,-6.304615052999944,0],[106.96052220000003,-6.304295797999908,0],[106.96059436900005,-6.303783587999893,0],[106.96067052600004,-6.303351420999929,0],[106.96066881700008,-6.303141702999897,0],[106.96068164900008,-6.302771633000008,0],[106.96073752400008,-6.302698615999917,0],[106.9608407850001,-6.302640726999924,0],[106.96106462200007,-6.3025475039999375,0],[106.96111892000002,-6.302470911999906,0],[106.96144587200007,-6.301732451000001,0],[106.96171058900003,-6.301396973999955,0],[106.96207906500007,-6.3010111639999185,0],[106.96208181600011,-6.300884696999935,0],[106.96214736800003,-6.300013466999969,0],[106.96226474200006,-6.299982059999946,0],[106.96240665500008,-6.2999381109999515,0],[106.96262559000007,-6.299740400999935,0],[106.9627729570001,-6.299539118999979,0],[106.96296985700005,-6.299207946999934,0],[106.96308994400003,-6.299126695999961,0],[106.96325857500004,-6.299039257999921,0],[106.96359658600004,-6.298854508,0],[106.96371895000003,-6.298787622999972,0],[106.96384193500009,-6.298626582999971,0],[106.96410983600005,-6.298275769999988,0],[106.96423994000007,-6.298032573999938,0],[106.96439328000005,-6.297786198999981,0],[106.96444500300007,-6.2977028089999205,0],[106.96457090300001,-6.297499834999913,0],[106.96465742400005,-6.297262996999946,0],[106.96484430300006,-6.296612426999941,0],[106.96504706200005,-6.295393822999921,0],[106.96507903800004,-6.295054466999909,0],[106.96505487200008,-6.294752850999911,0],[106.96505222700004,-6.294719842999934,0],[106.96503324700006,-6.294333998999983,0],[106.96503353600009,-6.29356476299993,0],[106.9650067800001,-6.293309654999961,0],[106.96500603000004,-6.293211200999986,0],[106.96506806800002,-6.293032895999977,0],[106.96507368100004,-6.293016763999974,0],[106.96527682700005,-6.292465475000013,0],[106.96561183900006,-6.291325727999945,0],[106.96576514100005,-6.2909324729999145,0],[106.9657787080001,-6.290897668999966,0],[106.96600478700007,-6.2902726009999395,0],[106.96639002700006,-6.289207514999921,0],[106.9666351600001,-6.288608276999989,0],[106.96674416600005,-6.288341808999968,0],[106.96685907300005,-6.28805163999994,0],[106.96687015700009,-6.288009909999952,0],[106.96707031700004,-6.287256485999963,0],[106.96717490300007,-6.286626640999986,0],[106.96723251000004,-6.286428724999952,0],[106.96737599800011,-6.286018781999962,0],[106.96757917400004,-6.285212148999923,0],[106.96764599400007,-6.285054077999989,0],[106.96773893800011,-6.284834212999916,0],[106.96777683300006,-6.284733416999925,0],[106.96810726300004,-6.283835163999944,0],[106.96823976100008,-6.283645753999993,0],[106.96861165700003,-6.283402082999904,0],[106.96874462100001,-6.2832957299999865,0],[106.96905579600009,-6.283046826999998,0],[106.96915440000008,-6.282919592999951,0],[106.96921910300001,-6.282806535999923,0],[106.96924734200005,-6.28256951099994,0],[106.969253295,-6.282420366999945,0],[106.96942562300005,-6.281969756999965,0],[106.9694724010001,-6.281777894999989,0],[106.96946956600004,-6.2817711249999615,0],[106.96919289100006,-6.281109923999965,0],[106.96905840900004,-6.280776066999964,0],[106.96904851300012,-6.280722662999986,0],[106.96899484800011,-6.2804331199999215,0],[106.96897084000008,-6.280122906000011,0],[106.968962445,-6.280014391999915,0],[106.9689570940001,-6.279984928999964,0],[106.9689324920001,-6.279865065999994,0],[106.96868834900006,-6.279459365999999,0],[106.96833053300013,-6.279044131000015,0],[106.96803663200005,-6.27870306199995,0],[106.96797941500003,-6.278610308999914,0],[106.9679394460001,-6.278274297999912,0],[106.9679426610001,-6.278016445999983,0],[106.96800593000009,-6.277779125999887,0],[106.96807589000011,-6.277649015999957,0],[106.968253985,-6.277509350999948,0],[106.96847207300003,-6.277406140999934,0],[106.96864487400002,-6.2773317619999975,0],[106.96879327100004,-6.2772068179999625,0],[106.96895293700003,-6.276952364999959,0],[106.9689903380001,-6.276813996999968,0],[106.96898471400007,-6.276711890999957,0],[106.96851289100003,-6.276300971999975,0],[106.96848954900005,-6.27628063599998,0],[106.96838328200005,-6.276188727000013,0],[106.96824242600012,-6.275944489999967,0],[106.96816291600003,-6.275723194999953,0],[106.96815938600008,-6.27557489999994,0],[106.96818870100012,-6.275212462999972,0],[106.968174435,-6.274904544999986,0],[106.96811297100007,-6.27465757699998,0],[106.96798016200009,-6.274323135000019,0],[106.96795140700002,-6.274090870999986,0],[106.96793422600011,-6.273949751999945,0],[106.96776482300004,-6.273877580999924,0],[106.96764499500007,-6.273826533999964,0],[106.96700308700007,-6.273553058999896,0],[106.96680418100004,-6.273422204999994,0],[106.96669725600007,-6.273315705999975,0],[106.96660363500006,-6.27290939399993,0],[106.96651322600005,-6.272318180999951,0],[106.96636973900007,-6.271463097999989,0],[106.96633012900008,-6.271121153999941,0],[106.96632266600008,-6.2707979929999365,0],[106.96629016600006,-6.270607620999995,0],[106.96618106700001,-6.270415122999966,0],[106.96564522400007,-6.26990874899999,0],[106.96541364800001,-6.269765747999971,0],[106.96528446700007,-6.269689808999905,0],[106.96524018700005,-6.2696275099999905,0],[106.96527753100011,-6.269367459999968,0],[106.96530757300012,-6.269196001999903,0],[106.96527945900002,-6.269093220999926,0],[106.9651807260001,-6.2689905049999535,0],[106.96503096400005,-6.268806241999895,0],[106.96492443700004,-6.268501778000017,0],[106.96483869200004,-6.268137005999945,0],[106.96483209800003,-6.267886350999989,0],[106.96487444500008,-6.267620693999946,0],[106.96490120500006,-6.267501749999964,0],[106.96492778500004,-6.26744111099992,0],[106.96509998800008,-6.267084123999959,0],[106.96522838300005,-6.266790804999937,0],[106.96534695900009,-6.266565907999981,0],[106.96553944500003,-6.2662112049999426,0],[106.96567227600009,-6.266041269000004,0],[106.9656799100001,-6.266031493999906,0],[106.96585826800003,-6.265926293999906,0],[106.96607511200003,-6.26589248099995,0],[106.96629211600005,-6.265874823999999,0],[106.96632970100005,-6.2658215769999455,0],[106.96635524400003,-6.265785397999972,0],[106.9665653970001,-6.265352359999936,0],[106.96654406100002,-6.265213624999914,0],[106.96642007500006,-6.26466193799992,0],[106.9664398880001,-6.264413055000022,0],[106.96664322200004,-6.262914018999981,0],[106.96664852400005,-6.2628749509999455,0],[106.96670024900006,-6.2624426519999705,0],[106.96673021600006,-6.2621668709999785,0],[106.96674564900009,-6.262024841999951,0],[106.96671091700006,-6.261869972999927,0],[106.96664071300002,-6.261773245000006,0],[106.96657842600011,-6.261720379999895,0],[106.96640032900002,-6.261653429999951,0],[106.96517858000001,-6.261412769999934,0],[106.96455029700007,-6.261178129999971,0],[106.96443055700011,-6.261094035999941,0],[106.96432252600006,-6.260954430999936,0],[106.96430779800008,-6.260920184999945,0],[106.96424434400008,-6.260772628999993,0],[106.9640921380001,-6.260424368999955,0],[106.96388335100005,-6.260024172999971,0],[106.96375244200006,-6.259709889999991,0],[106.9635082500001,-6.2592235379999845,0],[106.96329061100003,-6.259051072000014,0],[106.9632538310001,-6.258845897000002,0],[106.96320095400007,-6.258639272999959,0],[106.96307948300006,-6.258309197000004,0],[106.96311474300005,-6.258228291999972,0],[106.9632142500001,-6.258069802000003,0],[106.96330725500007,-6.2579216700000035,0],[106.9634170850001,-6.2577426539999355,0],[106.96372307000011,-6.257395346999976,0],[106.96430538100006,-6.256844795999898,0],[106.96447338200002,-6.256533988999939,0],[106.96457373700007,-6.256084961999912,0],[106.9647523300001,-6.255116932999931,0],[106.9647749000001,-6.254698602999957,0],[106.96480651900005,-6.254344501999968,0],[106.964832813,-6.254050018999939,0],[106.96483477900007,-6.254049053999948,0],[106.96510961400008,-6.253591897999959,0],[106.96525351800008,-6.253300284999989,0],[106.9655788210001,-6.252678610999977,0],[106.96614246500009,-6.251974612999993,0],[106.96647464500005,-6.251489161999972,0],[106.96650890000004,-6.251449198999952,0],[106.96671308500005,-6.251211026999963,0],[106.96684088400006,-6.251061136999995,0],[106.96713988000002,-6.250614965999938,0],[106.96734567400009,-6.250191312999968,0],[106.96737460400009,-6.250000282999972,0],[106.96739928400008,-6.249837355999903,0],[106.96739887400004,-6.249805143999902,0],[106.967396137,-6.2495875649999295,0],[106.96739458500005,-6.249464757999894,0],[106.9674177380001,-6.249246241000021,0],[106.96742472800005,-6.249180251999979,0],[106.96753505500003,-6.248806228999941,0],[106.96753621800003,-6.248556430999967,0],[106.96756568600009,-6.2483546159999666,0],[106.9680103310001,-6.247654489999947,0],[106.96821579400005,-6.247330975999914,0],[106.96834222100003,-6.2471722129999225,0],[106.9685737470001,-6.24685777799993,0],[106.96916406999999,-6.246011048999948,0],[106.96936423200003,-6.245720056999941,0],[106.96956657400008,-6.245422357999912,0],[106.97026898000011,-6.2444524959999566,0],[106.9704491790001,-6.244211068999965,0],[106.97110726200002,-6.243220624999905,0],[106.97121502700004,-6.243058423999985,0],[106.97137456900002,-6.242849901999962,0],[106.97171197000004,-6.242373886999923,0],[106.97209059900011,-6.2418285549999215,0],[106.97295070000004,-6.240668702999967,0],[106.97309767300003,-6.240510829999961,0],[106.973247562,-6.240349835999963,0],[106.97321576800003,-6.240303863999978,0],[106.97327921900005,-6.240224255999964,0],[106.97390000600006,-6.239446024999966,0],[106.97401129800004,-6.239289858999923,0],[106.97443245900007,-6.238698908999966,0],[106.97463724500005,-6.238307308999895,0],[106.97477008800003,-6.2380532839999265,0],[106.97486272100005,-6.237879983999976,0],[106.97501408800005,-6.237607526999993,0],[106.97501556900009,-6.23760486399995,0],[106.9749813370001,-6.237363516999965,0],[106.97497604700001,-6.237159536999963,0],[106.97518703500006,-6.236822358999953,0],[106.97534402200009,-6.236627334999982,0],[106.97568034900011,-6.236285871999973,0],[106.97587948100008,-6.236081052999991,0],[106.9760805490001,-6.235497970999974,0],[106.9761040750001,-6.235403946999922,0],[106.97624548200007,-6.23483881799997,0],[106.97671995800007,-6.233091665000005,0],[106.97676903300004,-6.232912976999964,0],[106.97679692900005,-6.2327049839999855,0],[106.97699524600002,-6.232174187999943,0],[106.97701768900001,-6.232114116999947,0],[106.97715332800004,-6.231859412999922,0],[106.97726756100008,-6.231729156999981,0],[106.97742861900008,-6.231550544999946,0],[106.97799087200006,-6.2311523249999485,0],[106.97838837400009,-6.230870791000013,0],[106.97869525600008,-6.230653442999971,0],[106.9792556880001,-6.230078470000004,0],[106.97943469400006,-6.229785893999955,0],[106.97948380100004,-6.229659334999964,0],[106.9794725940001,-6.22953274999997,0],[106.97944564100008,-6.229500682999982,0],[106.97942578400004,-6.229397112999939,0],[106.9794553500001,-6.229273140999984,0],[106.97958415300009,-6.22899565199994,0],[106.98020010300007,-6.2279975809999595,0],[106.9802616480001,-6.227805373999955,0],[106.9802604710001,-6.227715421999973,0],[106.98025808800007,-6.227532965999975,0],[106.98022435000003,-6.227341406999935,0],[106.98013632200012,-6.227214666999929,0],[106.98001500300003,-6.227143517999904,0],[106.97989297400007,-6.227061160999929,0],[106.97989196100006,-6.227010264999892,0],[106.97994056400009,-6.226956658999898,0],[106.98004122300007,-6.2269269619999275,0],[106.98034155100005,-6.226921431999914,0],[106.98060853100012,-6.226931974999987,0],[106.98066977900002,-6.226880048999954,0],[106.98071010000008,-6.226827125999927,0],[106.98107945300009,-6.2263424019999665,0],[106.98114127800005,-6.2261935909999995,0],[106.98111968700005,-6.2260929379999315,0],[106.98104142200005,-6.22599881799996,0],[106.98085245000004,-6.225789351999948,0],[106.98075083400008,-6.225601917999983,0],[106.98066597600007,-6.225344758999933,0],[106.9807146670001,-6.225234918999904,0],[106.98079462100006,-6.225078246999908,0],[106.98088994800013,-6.224891473999909,0],[106.980849763,-6.224850416999976,0],[106.98065611600005,-6.224786726999946,0],[106.98029250500008,-6.224619278999947,0],[106.98017318400007,-6.224509652999936,0],[106.98005420600008,-6.224310810000004,0],[106.97984770200004,-6.223961943999916,0],[106.97975181900001,-6.223799964999925,0],[106.97947739700005,-6.223302268999957,0],[106.97931834000012,-6.222916609000022,0],[106.97899630400012,-6.222369419999955,0],[106.97868405800004,-6.221910432999993,0],[106.97856556800009,-6.22179803699993,0],[106.97855967800005,-6.221689512999921,0],[106.97855864300006,-6.221620543999988,0],[106.97855670700008,-6.221491834999908,0],[106.97850307300008,-6.221362207999929,0],[106.97831387800005,-6.22096659799997,0],[106.9782553310001,-6.220438952999922,0],[106.97837484400013,-6.219868102999941,0],[106.97831681500013,-6.219732489,0],[106.97826572600007,-6.219601947999946,0],[106.97798659300007,-6.219353236999973,0],[106.97797120200003,-6.219271934999908,0],[106.97802290900005,-6.219115784999955,0],[106.97805322200007,-6.219017432999989,0],[106.97812347800003,-6.218789472999957,0],[106.97819702900007,-6.218550851999931,0],[106.97816579800006,-6.218493060999945,0],[106.97805196400006,-6.218359735999927,0],[106.97773384500003,-6.2176744199999785,0],[106.97775474000007,-6.217558101999947,0],[106.9778473860001,-6.217379069999966,0],[106.97794390500009,-6.217165550999974,0],[106.97813032900005,-6.2166102539999475,0],[106.9783841750001,-6.215854104,0],[106.97840150900002,-6.21580246099999,0],[106.97844066000006,-6.215675885999909,0],[106.97858460500008,-6.215292245999963,0],[106.97870600800009,-6.214777668999931,0],[106.97874245000008,-6.214482363999922,0],[106.9787275830001,-6.213943976999962,0],[106.97872048900004,-6.213687239999947,0],[106.978852057,-6.213117430999963,0],[106.978878852,-6.213001361999952,0],[106.978909043,-6.212667167999923,0],[106.97891549900001,-6.212644550999917,0],[106.97873175700008,-6.212677134999948,0],[106.97859163900003,-6.212665724999981,0],[106.97844466700005,-6.212591931000004,0],[106.97831853100008,-6.212521684999965,0],[106.97821807900003,-6.212477867999981,0],[106.9782413290001,-6.212230141000001,0],[106.97829429500004,-6.212120872999931,0],[106.978502195,-6.212042604999938,0],[106.97857788200005,-6.211984106999983,0],[106.97859706600003,-6.211862171999931,0],[106.97865677900009,-6.211747616999956,0],[106.97880826400011,-6.211708978999956,0],[106.97895883000004,-6.211745935999906,0],[106.97910022300002,-6.211789119999926,0],[106.97914424400001,-6.2117741730000215,0],[106.97914930200008,-6.211633621999939,0],[106.97910410100008,-6.2115335359999175,0],[106.97887086200005,-6.211338987999985,0],[106.97881383600013,-6.211285163999973,0],[106.9788189130001,-6.2111012249999416,0],[106.9788714380001,-6.210903040999975,0],[106.97895098800011,-6.210575225999941,0],[106.97913542600008,-6.209815168999937,0],[106.97921647300004,-6.209416412999895,0],[106.97927876500005,-6.208983986999998,0],[106.97930843800002,-6.20871432899998,0],[106.97921967100004,-6.208153696999956,0],[106.97919649200007,-6.208060038999934,0],[106.9791549590001,-6.20789218599999,0],[106.97911205800001,-6.207641080999997,0],[106.97911313500002,-6.207593240999946,0],[106.97911903000006,-6.207330750999988,0],[106.97916874,-6.207109504999979,0],[106.97921877600005,-6.206660615999963,0],[106.97919222900008,-6.206136619999951,0],[106.97924580700007,-6.205041949999972,0],[106.97925410800005,-6.204821355999927,0],[106.97918484000009,-6.2045129299999875,0],[106.97894182000006,-6.204170264999968,0],[106.97891456300002,-6.204123922999953,0],[106.97899666300006,-6.204014717999977,0],[106.97905462100006,-6.203938358999965,0],[106.97910692300003,-6.2038694609999485,0],[106.97923650700001,-6.203704729999997,0],[106.97926591600005,-6.2036812940000114,0],[106.97930523900001,-6.202765498,0],[106.97932356200002,-6.202276919999987,0],[106.97936249000004,-6.201783202999904,0],[106.97946473900006,-6.201345645999938,0],[106.97955247700004,-6.200970163999957,0],[106.97956039000007,-6.20087061099998,0],[106.97957691000002,-6.200690590000006,0],[106.97963002100006,-6.200111797999989,0],[106.97964407300007,-6.199863616999972,0],[106.97966297300003,-6.19952963699996,0],[106.97983080600007,-6.197727600999984,0],[106.97986177800006,-6.197403855999932,0],[106.97988199000004,-6.196930025999984,0],[106.97989735400007,-6.196781307999936,0],[106.97992594000003,-6.196532502999956,0],[106.98002701700005,-6.195824083999961,0],[106.98002936800006,-6.195335339999934,0],[106.98004563400008,-6.194735602999961,0],[106.98004556400008,-6.194552143999969,0],[106.98001111600007,-6.1942194389999745,0],[106.98001714500003,-6.194140506999927,0],[106.98003370000006,-6.193923733999933,0],[106.98006688500006,-6.193561176999955,0],[106.98008737000006,-6.193293570000018,0],[106.98022788300005,-6.1927941839999985,0],[106.9803228430001,-6.192562950999962,0],[106.980619082,-6.191843659999956,0],[106.98070906100008,-6.191599516999917,0],[106.98083639900005,-6.191395122999969,0],[106.98092748700013,-6.191278751999933,0],[106.98096743900005,-6.191117655999927,0],[106.98092586100007,-6.190987882999936,0],[106.980935635,-6.189914044999993,0],[106.980872375,-6.18951730299994,0],[106.98085007200002,-6.189330943999975,0],[106.98086982000007,-6.188945490999968,0],[106.98091118400002,-6.188632293999989,0],[106.98100394600006,-6.187929954999964,0],[106.98106214900008,-6.187612056999951,0],[106.98125016400009,-6.186585072999977,0],[106.98134953200005,-6.186285863,0],[106.98141472100012,-6.1859978189999705,0],[106.9814210050001,-6.185873346999886,0],[106.98139051600006,-6.185798050999962,0],[106.98119293100007,-6.185781238999903,0],[106.9810914240001,-6.185789691999981,0],[106.98104890200004,-6.185733795999974,0],[106.98114886100005,-6.185210160999903,0],[106.98124971800006,-6.184803800999942,0],[106.98129340000011,-6.184627782999945,0],[106.98134782400008,-6.184374451999945,0],[106.98134671900009,-6.184296233999957,0],[106.98118309100005,-6.184215890999971,0],[106.9810279450001,-6.1841571969999105,0],[106.9810034540001,-6.184132733999929,0],[106.98104182400009,-6.183905689999973,0],[106.98106283500005,-6.183691747999946,0],[106.98107709200006,-6.183602541999937,0],[106.98144330900008,-6.183595525999978,0],[106.9815830430001,-6.183566597999983,0],[106.98174238200005,-6.183540941999992,0],[106.98199320000002,-6.183583945999908,0],[106.98365525100004,-6.183749013999977,0],[106.98381442700007,-6.183757089999935,0],[106.98389256100005,-6.183723689999924,0],[106.98393787300007,-6.1832582479999605,0],[106.98394633200006,-6.183157373999963,0],[106.98398370400004,-6.182835096999943,0],[106.98400720300003,-6.182736317999941,0],[106.98405938800009,-6.1826775109999605,0],[106.98421577900007,-6.182687341999975,0],[106.98424699300007,-6.182692921999903,0],[106.98425103600005,-6.18246639499999,0],[106.98431583800009,-6.181428019999961,0],[106.98432426900007,-6.181145006999904,0],[106.98432373800003,-6.181143281999939,0],[106.98427047300005,-6.180970518999944,0],[106.98419247400008,-6.18077080699994,0],[106.98395415400009,-6.180265449999959,0],[106.98382094700008,-6.180016597999975,0],[106.98380787400006,-6.179979624999936,0],[106.98378811300003,-6.179922721999935,0],[106.98393561900006,-6.179800579999954,0],[106.98395024400011,-6.179788464999929,0],[106.9839145920001,-6.1794450069999325,0],[106.98382168700005,-6.178869274999991,0],[106.98380724500001,-6.178729329999959,0],[106.9833940670001,-6.178719632999956,0],[106.98339761200005,-6.178255015999971,0],[106.98341029600003,-6.177709474999952,0],[106.98341414200009,-6.177543965999936,0],[106.98342827,-6.176459272999983,0],[106.98340317300006,-6.176199077999948,0],[106.98338690000004,-6.175244352999913,0],[106.98343240300008,-6.173436348999887,0],[106.9834273480001,-6.172874202999916,0],[106.98341308000008,-6.172780755,0],[106.98329413,-6.1727501149999515,0],[106.98301201300002,-6.172754547999963,0],[106.98285852300003,-6.17275629499993,0],[106.9826393020001,-6.17266505699993,0],[106.982563015,-6.172618942999934,0],[106.98257115531376,-6.172306410689858,0]]},"properties":{}},{"type":"Feature","geometry":{"bbox":[107.02100899194407,-6.261438777283994,107.04232792927876,-6.233163094999965],"type":"MultiLineString","coordinates":[[[107.03774545251083,-6.246805822836025,0],[107.03774587500008,-6.2468047559999835,0],[107.0379349350001,-6.246327329999916,0],[107.03819597200003,-6.245607164999926,0],[107.03839302100008,-6.245112015999991,0],[107.03859833100009,-6.244612991999913,0],[107.03867751300007,-6.244420526999976,0],[107.03877675300002,-6.244179301000001,0],[107.03879674800008,-6.2441307019999766,0],[107.03920387100001,-6.2429135879999915,0],[107.03952760600006,-6.242072415999937,0],[107.03980746000003,-6.241345270999902,0],[107.04000441000008,-6.240794730999914,0],[107.03995825200008,-6.240423132999988,0],[107.03984460300009,-6.240134273999979,0],[107.03984283300012,-6.2401297879999635,0],[107.03968225400007,-6.239696857999936,0],[107.03931689600005,-6.238213190999923,0],[107.03924115500008,-6.2374496069999825,0],[107.03924566400009,-6.237181281999897,0],[107.03924567800001,-6.237180196999896,0],[107.03920339300007,-6.2366764909999635,0],[107.03931420700009,-6.2362416339999545,0],[107.03942164100009,-6.236075250999955,0],[107.03974957300005,-6.235614428999929,0],[107.03979669600004,-6.235392461999949,0],[107.03981111400007,-6.235324547999925,0],[107.03995187700009,-6.234758955999935,0],[107.04046750300003,-6.233784064000007,0],[107.04046868800003,-6.233782169999939,0],[107.04085665400008,-6.233163094999965,0],[107.04089886400001,-6.233215096000004,0],[107.04105372400004,-6.233293456999915,0],[107.04198271700008,-6.233668767999971,0],[107.04227104500004,-6.23376965599997,0],[107.04232792927876,-6.233770952918276,0]],[[107.03738453496663,-6.247652969904964,0],[107.03742191900001,-6.247568785999961,0],[107.03756066974486,-6.2472481311093215,0]],[[107.03691630077547,-6.2487892267735585,0],[107.03706792900003,-6.248378614999998,0],[107.03708700850015,-6.2483269481828625,0]],[[107.03657394535307,-6.250023300229694,0],[107.03657542500005,-6.250000178999963,0],[107.03658927900004,-6.2497838259999146,0],[107.03670908000001,-6.249350370999933,0],[107.03674592285712,-6.249250607057226,0]],[[107.03620752673523,-6.250848940582491,0],[107.03636699300003,-6.250780945999994,0],[107.03655977600009,-6.250539075999965,0],[107.03656021100004,-6.2503509077072845,0]],[[107.03421897393591,-6.250655666248532,0],[107.03422094400011,-6.25065577899994,0],[107.03428643580497,-6.250682973115344,0]],[[107.03170940617466,-6.251262901499681,0],[107.03245170600009,-6.251192792999964,0],[107.03275068894374,-6.251033594976933,0]],[[107.03017491179278,-6.251618967135501,0],[107.03029284100008,-6.25146384899992,0],[107.03041443418297,-6.251303920297017,0]],[[107.0298293022836,-6.2526473418884105,0],[107.02987583900004,-6.252533594999969,0],[107.02993739700007,-6.252251559999904,0],[107.0300268940001,-6.251813646999908,0],[107.0300757156947,-6.251749437901426,0]],[[107.02882425836663,-6.252694848069355,0],[107.02885600400003,-6.2527113949999364,0],[107.0290714240001,-6.252919520000015,0],[107.02911519781533,-6.2529550061504775,0]],[[107.02943316856071,-6.253092037874756,0],[107.02945392000004,-6.253080746999943,0],[107.02960811500009,-6.252996832999928,0],[107.02968324327382,-6.252910355863188,0]],[[107.02925063104938,-6.253064790340483,0],[107.02929915210748,-6.253104120309542,0]],[[107.02694636473846,-6.253646579421483,0],[107.02696147300013,-6.253641966999927,0],[107.027183273,-6.253531709999953,0],[107.02721469665249,-6.253508906036968,0]],[[107.02582362952282,-6.254209459917563,0],[107.02624131100005,-6.253962541999984,0],[107.0266165300001,-6.253747273999936,0],[107.02670470063872,-6.253720356964314,0]],[[107.02100899194407,-6.261438777283994,0],[107.02115426700006,-6.261059614999935,0],[107.0212981872452,-6.260683990803921,0]]]},"properties":{}},{"type":"Feature","geometry":{"bbox":[106.89772813000009,-6.397195208958399,106.90819465994576,-6.375896848435174],"type":"MultiLineString","coordinates":[[[106.90766337033027,-6.375896848435174,50.865499999999884],[106.90765138400012,-6.375980954999909,50.865499999999884],[106.9076690078974,-6.376018641046459,50.865499999999884]],[[106.90819465994576,-6.376722957363549,50.98570000000473],[106.90819128200012,-6.376766333999965,50.98570000000473],[106.90811462700007,-6.376966736999938,50.98570000000473],[106.90800357700003,-6.377201813999937,50.98570000000473],[106.9078959120001,-6.37738684499997,50.98570000000473],[106.90783911297497,-6.377460726097565,50.98570000000473]],[[106.90755308608489,-6.377622859084779,50.98570000000473],[106.90754196200004,-6.377624013999965,50.98570000000473],[106.90742638600007,-6.377602995999913,51.07159999999567],[106.90727632300008,-6.377591643999951,51.22609999999986],[106.90711317676782,-6.377605542376978,51.353900000001886]],[[106.90663176221152,-6.37761230639166,51.94550000000163],[106.9065817436242,-6.377623034802353,51.98979999999574]],[[106.90656010952888,-6.37763133962496,52.02069999999367],[106.9064907580001,-6.377668399999907,52.1533000000054],[106.90644928100004,-6.377720964999993,52.1533000000054],[106.90640199700003,-6.377814057999968,52.1533000000054],[106.90631105700672,-6.3779774445295185,52.1533000000054]],[[106.9062225279723,-6.37805581058503,52.1533000000054],[106.9062040960001,-6.378070892999991,52.1533000000054],[106.90611025600006,-6.378130794999974,52.1533000000054],[106.906046255,-6.378209653999926,52.1533000000054],[106.90600265200004,-6.378332505999966,52.1533000000054],[106.90595785500005,-6.378455361999917,52.1533000000054],[106.90589674051601,-6.378556254231109,52.1533000000054]],[[106.90570481447064,-6.378608509955834,52.30779999999504],[106.90569408600008,-6.378606430999982,52.32499999999709],[106.90560121400004,-6.3786079679999315,52.565400000006775],[106.90548366600008,-6.378696545999977,52.65119999999297],[106.9054055220001,-6.378814760999989,52.9774999999936],[106.90530842000005,-6.378960448999964,53.37239999999292],[106.90528006111487,-6.378992741912752,53.375499999994645]],[[106.90519743046197,-6.379086835331764,53.384600000004866],[106.90515309600009,-6.379137319999943,53.38950000000477],[106.90513297559066,-6.379150166685969,53.38950000000477]],[[106.90510793432311,-6.37916615529223,53.38950000000477],[106.90502361400003,-6.3792199929999445,53.38950000000477],[106.904866596,-6.379261068999968,53.38950000000477],[106.90471906300006,-6.3792913969999905,53.38950000000477],[106.9046014660001,-6.379366873999929,53.38950000000477],[106.90456369400007,-6.379456350999961,53.38950000000477],[106.90459743400002,-6.379564630999949,53.38950000000477],[106.9046669450001,-6.379688257999964,53.38950000000477],[106.90468586164035,-6.37979118797322,53.38950000000477]],[[106.90467704723142,-6.379837058604247,53.38950000000477],[106.9046487090001,-6.379908687999906,53.38950000000477],[106.90459398384272,-6.3799379347476854,53.38950000000477]],[[106.9041491085311,-6.380019841433652,53.92179999999644],[106.90402066400009,-6.380081355999982,53.92179999999644],[106.90394718500005,-6.380173342999955,54.21369999999297],[106.90392603000008,-6.380249656999963,54.21369999999297],[106.90397034722916,-6.380337515609595,54.470799999995506]],[[106.90421072758079,-6.380616726581449,55.36509999999544],[106.90422877700009,-6.380655929999916,55.48429999999644],[106.904278327,-6.380853478999919,55.74180000000342],[106.90430903800006,-6.381108284999952,56.050900000002],[106.90438434600007,-6.381511699999935,56.806400000001304],[106.90444338000007,-6.381717342999897,56.83259999999427],[106.90454061200003,-6.381910095999947,57.12149999999383],[106.90463423400006,-6.3821137930000145,57.12149999999383],[106.90463990678442,-6.3822124945540555,57.12149999999383]],[[106.90464353631204,-6.382275645201966,57.12149999999383],[106.90464397000007,-6.3822831909999085,57.12149999999383],[106.90464127091964,-6.38229936456373,57.12149999999383]],[[106.90461901435789,-6.382432731440028,57.12149999999383],[106.90460655200008,-6.382507408999986,57.12149999999383],[106.90454186300005,-6.382742666999912,57.12149999999383],[106.90447759900006,-6.3830268639998895,57.12149999999383],[106.90448726000007,-6.383139364999961,57.12149999999383],[106.9045348160001,-6.383288713999972,57.12149999999383],[106.90454384084904,-6.383314089606921,57.12149999999383]],[[106.90473864075298,-6.383967871111233,57.12149999999383],[106.90475859500005,-6.384010103999975,57.12149999999383],[106.90485108421792,-6.384085731155357,57.12149999999383]],[[106.90502186747871,-6.384222200841043,57.20829999999842],[106.90505462400002,-6.384265672999982,57.26589999999851],[106.90509074200008,-6.384447440999923,57.41030000000319],[106.90509363900006,-6.384607749999953,57.543699999994715],[106.90504729100003,-6.3847828889999665,57.61030000000028],[106.90492874500009,-6.385019946999952,57.85469999999623],[106.90483253069637,-6.385165144764342,57.85469999999623]],[[106.9047643266099,-6.3852652764469315,57.85469999999623],[106.90471649800011,-6.385335206000013,57.85469999999623],[106.90458993900003,-6.385487521999915,57.91030000000319],[106.90445574100004,-6.385659124999991,57.97699999999895],[106.90423859300009,-6.385900408999971,58.09919999999693],[106.90414499600007,-6.386007126000008,58.09919999999693],[106.90404658107053,-6.38615077039603,58.18899999999849]],[[106.90396024239477,-6.386343935044396,58.35869999999704],[106.90393177500002,-6.386477311000009,58.42140000000654],[106.903933828,-6.386614495999902,58.42140000000654],[106.90395273200006,-6.386726193999907,58.42140000000654],[106.90401011300011,-6.3868269459998945,58.42140000000654],[106.90404551580116,-6.386848136453819,58.42140000000654]],[[106.90450208579922,-6.38708552103701,58.42140000000654],[106.90451035000011,-6.387092553999933,58.42140000000654],[106.90451155700003,-6.387211252999984,58.42140000000654],[106.90442127300011,-6.387380378999945,58.42140000000654],[106.90433150700005,-6.387481683999978,58.42140000000654],[106.90419860400007,-6.387587768999962,58.42140000000654],[106.9040841660001,-6.387684544999976,58.42140000000654],[106.9038790610001,-6.3878494759999445,58.42140000000654],[106.90376394900008,-6.387971679000019,58.42140000000654],[106.90364111400004,-6.388090067999956,58.54360000000452],[106.90354150400006,-6.388239960999924,58.643599999995786],[106.90352714622847,-6.388347655459052,58.74109999999928]],[[106.90396199741197,-6.38902245740111,58.9545999999973],[106.9040315700001,-6.38908830899995,58.9545999999973],[106.90408635269813,-6.389177761703062,58.9545999999973]],[[106.90412328527131,-6.3892570612436845,58.9545999999973],[106.90413730000006,-6.389344582000016,58.9545999999973],[106.90412691400009,-6.389451758999913,59.01020000000426],[106.90407043500004,-6.389597641999993,59.199099999998],[106.90404620300008,-6.389711804999935,59.287899999995716],[106.9040517888475,-6.389780039648267,59.318700000003446]],[[106.90409713240726,-6.3905745789767305,59.69899999999325],[106.90408979000004,-6.390664314999965,59.69899999999325],[106.90410288400005,-6.390871600999974,59.69899999999325],[106.90413716800005,-6.390975529999958,59.69899999999325],[106.90419359937323,-6.391076648922171,59.69899999999325]],[[106.90440008089035,-6.391469389737596,59.69899999999325],[106.90440096400003,-6.3914724749999525,59.69899999999325],[106.90439518000008,-6.391575006999998,59.69899999999325],[106.90432351700011,-6.391779523999956,59.69899999999325],[106.9042677070001,-6.391896119000011,59.69899999999325],[106.90419732200006,-6.3920304889999375,59.69899999999325],[106.90409696100001,-6.392185013999933,59.69899999999325],[106.9040846291148,-6.392203162795733,59.69899999999325]],[[106.90406302382623,-6.3922349592293966,59.69899999999325],[106.90401190000007,-6.392310197999988,59.69899999999325],[106.90391606900005,-6.392438495999945,59.69899999999325],[106.90382413700009,-6.392579890000009,59.69899999999325],[106.90367615700009,-6.392773902999986,59.69899999999325],[106.90364106860969,-6.3928132645557785,59.69899999999325]],[[106.90349579724221,-6.392956541040233,59.69899999999325],[106.90338588200007,-6.393034724999984,59.69899999999325],[106.90327138600009,-6.393116076999965,59.776800000006915],[106.9031876910001,-6.393192695999998,59.86569999999483],[106.90307873200005,-6.393314884999983,59.9655999999959],[106.90299365100012,-6.393434662999946,60.09900000000198],[106.90289971500007,-6.3936014329999775,60.09900000000198],[106.90286513163812,-6.393676238832617,60.09900000000198]],[[106.90283487190314,-6.393755596949672,60.10340000000724],[106.90283167600003,-6.3937642469999485,60.104000000006636],[106.90278190300009,-6.393846761999937,60.159599999999045],[106.9027781699496,-6.3938505700697075,60.164199999999255]],[[106.90276230172118,-6.393866757185977,60.18399999999383],[106.902725026,-6.393904781999941,60.23029999999562],[106.90256337600005,-6.393943353999935,60.23029999999562],[106.90238106400005,-6.39396463399992,60.32919999999285],[106.90226439600008,-6.393971927999901,60.42819999999483],[106.90211443300011,-6.3939891639999065,60.541299999997136],[106.90200004098283,-6.394015101390719,60.575500000006286]],[[106.90174611312578,-6.39409848652223,60.62619999999879],[106.901637528,-6.394164556999941,60.62619999999879],[106.90155547800005,-6.394251186999915,60.71099999999569],[106.90149747583288,-6.394334150952423,60.75010000000475]],[[106.90088223198991,-6.394536368705365,61.213000000003376],[106.90086912400001,-6.394532323999995,61.220100000005914],[106.90073158500009,-6.394463186999959,61.220100000005914],[106.90059013500012,-6.3943970039999005,61.276599999997416],[106.90043607800007,-6.394370105999984,61.30490000000282],[106.9003194580001,-6.394388193999971,61.375599999999395],[106.90022497710348,-6.39444148922003,61.397100000001956]],[[106.89923340330911,-6.394730233895222,61.531099999992875],[106.89920759000003,-6.394689535999946,61.531099999992875],[106.8991247640001,-6.394566238999959,61.531099999992875],[106.89896938700012,-6.394446155999971,61.531099999992875],[106.89894301669045,-6.394441528624155,61.531099999992875]],[[106.89859367151197,-6.394461401746236,61.57970000000205],[106.89850579600005,-6.3945077040000005,61.58770000000368],[106.8984463240001,-6.394602097999995,61.71499999999651],[106.89844469600006,-6.394692355000002,61.785699999993085],[106.89846129819487,-6.394761790837082,61.800399999992806]],[[106.90003932510047,-6.394583754014731,61.531099999992875],[106.90000355500007,-6.394614002000003,61.531099999992875],[106.89989801100005,-6.3947115139999,61.531099999992875],[106.89978657900006,-6.394808061999983,61.531099999992875],[106.89973734911402,-6.394834516169327,61.531099999992875]],[[106.89856414317283,-6.395252514963305,62.15140000000247],[106.89856259100013,-6.395284431999963,62.16740000000573],[106.89852988100009,-6.395455243999974,62.29469999999856],[106.89849838109357,-6.395507660029002,62.33030000000144]],[[106.89772813000009,-6.396274252885574,63.46829999999318],[106.89773517000006,-6.396402869999955,63.46829999999318],[106.89777835600007,-6.396555562999977,63.46829999999318],[106.89782417100005,-6.396651746999941,63.46829999999318],[106.89792007500007,-6.396750819999967,63.46829999999318],[106.89797120465109,-6.396778673483665,63.46829999999318]],[[106.89817381826745,-6.396893466716362,63.46829999999318],[106.89817872300007,-6.396896306999926,63.46829999999318],[106.89823531700004,-6.396991673999912,63.501699999993434],[106.89823032800008,-6.397101914999974,63.501699999993434],[106.89818443600011,-6.397193039999964,63.53500000000349],[106.898181892609,-6.397195208958399,63.53560000000289]]]},"properties":{}},{"type":"Feature","geometry":{"bbox":[107.02391788700001,-6.21249549999993,107.02979841200002,-6.197063685262309],"type":"LineString","coordinates":[[107.02979841200002,-6.21249549999993,0],[107.02971463800012,-6.2124099439999565,0],[107.02955072600005,-6.212242542999961,0],[107.02941895900007,-6.211981013999905,0],[107.02932580100008,-6.211525802999988,0],[107.02911404300006,-6.210649940999906,0],[107.02906654600004,-6.210528074999948,0],[107.02881847400003,-6.210346060999898,0],[107.02877888200004,-6.21033273299995,0],[107.02841413000006,-6.210257059999906,0],[107.02720824400004,-6.20999782099995,0],[107.02622552600008,-6.209786552999967,0],[107.02543331700008,-6.209604260999983,0],[107.02516220900011,-6.2095236969999785,0],[107.02484272500006,-6.209428744999938,0],[107.02402217600012,-6.209184892999923,0],[107.02400316600006,-6.209155619999899,0],[107.02393310200003,-6.209047715999942,0],[107.02391797000011,-6.208964634999996,0],[107.02391788700001,-6.208857963999963,0],[107.02396218700004,-6.2083675989998905,0],[107.02406568800008,-6.208072032999949,0],[107.02483149300011,-6.206181152999905,0],[107.02553084600007,-6.204024314999971,0],[107.02568189100003,-6.203513380999974,0],[107.02597718700005,-6.2025862760000035,0],[107.02620873100003,-6.201855462999932,0],[107.02643046500008,-6.201209913999987,0],[107.02657709100004,-6.200701320999917,0],[107.02673680800011,-6.2001951909999615,0],[107.02714261300011,-6.199124277999905,0],[107.02762471500003,-6.197771836999914,0],[107.02779096800002,-6.19743056600001,0],[107.02796946500004,-6.197064160999981,0],[107.02796969676069,-6.197063685262309,0]]},"properties":{}},{"type":"Feature","geometry":{"bbox":[106.9851275840001,-6.1976714199999545,106.98731792900006,-6.191377018999981],"type":"LineString","coordinates":[[106.9851275840001,-6.1976714199999545,0],[106.98515647200009,-6.197595866000009,0],[106.98516897800006,-6.197560468999923,0],[106.98519928200008,-6.197474710999932,0],[106.98519331200004,-6.197115247999944,0],[106.98521415700007,-6.196906026999953,0],[106.9852756960001,-6.196816715999935,0],[106.985337938,-6.196801601999928,0],[106.98546420800007,-6.196858104999896,0],[106.98553808200005,-6.196856869999971,0],[106.98564311600003,-6.196790848000015,0],[106.985767255,-6.196741218999906,0],[106.98584533000006,-6.1968005239999275,0],[106.98600036500001,-6.1969153229999225,0],[106.9865210130001,-6.196980049999949,0],[106.9866024680001,-6.196945442999928,0],[106.98688509500003,-6.196651539999946,0],[106.98694660200006,-6.196655142999889,0],[106.98716689900007,-6.196675879999917,0],[106.98722358200006,-6.196636275999927,0],[106.98730388300004,-6.196488725999886,0],[106.98731792900006,-6.196316922999971,0],[106.98725816100009,-6.196280621999987,0],[106.98708934800005,-6.196220905999931,0],[106.98709352700004,-6.1961620249999445,0],[106.98709932999999,-6.196097830999962,0],[106.98711004400008,-6.1959792740000115,0],[106.98707085600003,-6.195897464999993,0],[106.98704769600008,-6.195833062999993,0],[106.98707685200009,-6.1956651729999574,0],[106.9870607930001,-6.195156428999963,0],[106.98707293300004,-6.194977381999893,0],[106.98702931200006,-6.194871956999963,0],[106.98700846100012,-6.194787384999893,0],[106.98703851300012,-6.1946029009999055,0],[106.98710382800002,-6.194354229999936,0],[106.98713300100012,-6.194118306999956,0],[106.98721037300004,-6.193979826999955,0],[106.98721356000003,-6.1938609539999785,0],[106.98716650400004,-6.193801044999907,0],[106.98704124900007,-6.193749862999935,0],[106.98683179700006,-6.193741841999982,0],[106.98676367100002,-6.19371223499993,0],[106.98676629000006,-6.193547816000004,0],[106.9867625520001,-6.193142580999959,0],[106.98668057500008,-6.193097962999998,0],[106.98659459000007,-6.193059065999977,0],[106.98657524400006,-6.192992443999971,0],[106.98649996500005,-6.1926855969999846,0],[106.98645351900002,-6.192653340999891,0],[106.98643361200007,-6.192555122999936,0],[106.98642041500004,-6.19233082199994,0],[106.98632918200005,-6.192207212000016,0],[106.98625720400013,-6.192094723999945,0],[106.98623379400006,-6.191919606999933,0],[106.98626602000006,-6.191569901999953,0],[106.98633963800002,-6.191377018999981,0]]},"properties":{}},{"type":"Feature","geometry":{"bbox":[106.95717069633947,-6.218003813485,106.96010031100012,-6.2128945279999055],"type":"MultiLineString","coordinates":[[[106.95881998770678,-6.213222596962391,0],[106.9588784780001,-6.21313146799997,0],[106.95892640200007,-6.213076772999974,0],[106.95899399000007,-6.212984810000004,0],[106.95904702200001,-6.2128945279999055,0],[106.95912078300007,-6.212898214999944,0],[106.95917424800005,-6.212900891999899,0],[106.95949406100006,-6.213024970999951,0],[106.95965804400004,-6.213042625999991,0],[106.96010031100012,-6.212972392999953,0]],[[106.95856464700975,-6.213826460992282,0],[106.95858907300004,-6.213722359999922,0],[106.95863932955301,-6.2135847877616985,0]],[[106.95836846933315,-6.214655563912467,0],[106.95841490900003,-6.214513617999932,0],[106.95846058279189,-6.21429510130133,0]],[[106.95820215341523,-6.216412503007744,0],[106.95826954000007,-6.215953012999924,0],[106.95824593500008,-6.2152500689999375,0],[106.95826178555845,-6.215139052799705,0]],[[106.95793225192376,-6.217146565224267,0],[106.95808779500005,-6.216773077999919,0],[106.95816980751682,-6.216575720707011,0]],[[106.95736681353681,-6.217851006302537,0],[106.95760698900006,-6.21772894399996,0],[106.95767897292946,-6.217687686116895,0]],[[106.95717069633947,-6.218003813485,0],[106.9572479230001,-6.217942946999903,0],[106.95736037572954,-6.217855833708834,0]]]},"properties":{}},{"type":"Feature","geometry":{"bbox":[106.99949171300003,-6.3446668069999586,107.0040236180001,-6.334351264999986],"type":"LineString","coordinates":[[106.99952067900003,-6.3446668069999586,0],[106.99949171300003,-6.344630420999968,0],[106.99957079700009,-6.344573736999985,0],[106.99979154100006,-6.344349929999941,0],[106.99999912,-6.344148807999909,0],[107.00002598100009,-6.344122787999977,0],[107.00025310600006,-6.3439626939999645,0],[107.00067587500004,-6.343499989999961,0],[107.00085409000005,-6.343251909999951,0],[107.00092914300004,-6.343115347999932,0],[107.00107564800008,-6.342916002999958,0],[107.00148109200005,-6.342478896999941,0],[107.00200523200007,-6.342164675999966,0],[107.00211442800006,-6.34219312100001,0],[107.0021460040001,-6.342271264999992,0],[107.00222306800008,-6.342388967999961,0],[107.00256786100009,-6.342570050999933,0],[107.00264404400009,-6.3426469559999905,0],[107.00266058300012,-6.342645282999941,0],[107.00292627300009,-6.342618362999934,0],[107.0030896370001,-6.342547149999993,0],[107.00322546700005,-6.342438686999989,0],[107.00324055600007,-6.342417256999992,0],[107.003292474,-6.3423435539999335,0],[107.00333468600003,-6.342091704999968,0],[107.00339992500001,-6.341735245999962,0],[107.00347753200003,-6.341598140999986,0],[107.00372627300001,-6.341165093999949,0],[107.003820547,-6.341000973999959,0],[107.00393250100002,-6.340747109999915,0],[107.0039838390001,-6.340630701999965,0],[107.0040236180001,-6.340446278999893,0],[107.00401683200008,-6.3402451479999495,0],[107.00401415800012,-6.340165824999959,0],[107.00400267300006,-6.3396933089999425,0],[107.00399831100005,-6.339513829999925,0],[107.00401339800005,-6.339295292999962,0],[107.00398527800004,-6.338864852999963,0],[107.0038003650001,-6.338343959999941,0],[107.00369157600008,-6.338032201999992,0],[107.0035674260001,-6.33793352299991,0],[107.00328535200003,-6.337750966999993,0],[107.00294358000009,-6.337543779999992,0],[107.00273800500004,-6.337407578999914,0],[107.00267393900008,-6.3373071569999535,0],[107.0027096530001,-6.337188241999973,0],[107.00277024600005,-6.336976453999947,0],[107.00274261000007,-6.336860873999976,0],[107.00257390900006,-6.336639691999972,0],[107.00218108400006,-6.336205307999913,0],[107.00220330200004,-6.336096858999911,0],[107.00227786600007,-6.336028366999928,0],[107.00257487200005,-6.33588669999993,0],[107.00268376800008,-6.335821266999934,0],[107.00280008700013,-6.335686697999991,0],[107.00282407700006,-6.335646708999969,0],[107.00338568800008,-6.334710681999971,0],[107.00346782300004,-6.334351264999986,0]]},"properties":{}},{"type":"Feature","geometry":{"bbox":[106.97457997100011,-6.195530412999998,106.97698603200006,-6.18331536099989],"type":"LineString","coordinates":[[106.97457997100011,-6.195530412999998,0],[106.97489786700004,-6.1954240549999025,0],[106.97524419600009,-6.19531347799999,0],[106.97553226400004,-6.195222265999993,0],[106.97617970500005,-6.194790019000022,0],[106.97638315100009,-6.194606036999987,0],[106.97651490700007,-6.194459534999945,0],[106.97661772600004,-6.194171982999956,0],[106.97663732500007,-6.19411716699995,0],[106.97647916000004,-6.192461225999983,0],[106.97658625500011,-6.19075808799993,0],[106.97665169400001,-6.189418840999965,0],[106.9766784820001,-6.188870551999985,0],[106.97676293500007,-6.188140612999986,0],[106.97677574700006,-6.187771631000009,0],[106.9767996200001,-6.186565440999951,0],[106.97682186000006,-6.1849193870000025,0],[106.97688979400009,-6.1841245239999605,0],[106.97695878300003,-6.183613443999951,0],[106.97698603200006,-6.18331536099989,0]]},"properties":{}},{"type":"Feature","geometry":{"bbox":[107.01613898600004,-6.260194387999933,107.03739566000006,-6.229679797999969],"type":"LineString","coordinates":[[107.01613898600004,-6.260194387999933,0],[107.01617585400008,-6.260097673999924,0],[107.01642393700008,-6.25944688199999,0],[107.01661446500013,-6.258901265999965,0],[107.01679032000003,-6.258397699999955,0],[107.01681292900012,-6.2583329449999265,0],[107.01685457300002,-6.258218220999938,0],[107.01689069300006,-6.258100253999947,0],[107.01689799900005,-6.257986312999934,0],[107.01692301000008,-6.257596226999988,0],[107.01692912800006,-6.25755641499998,0],[107.01693269800008,-6.257356637999971,0],[107.01689220800002,-6.256912449999989,0],[107.0169405390001,-6.256717888999967,0],[107.01718425300002,-6.256141447999967,0],[107.01734386700008,-6.255763935999907,0],[107.01740803300007,-6.2556724589998876,0],[107.0178668180001,-6.255018327999943,0],[107.01790235500002,-6.25496295199998,0],[107.01811993900009,-6.254673427999917,0],[107.01900761500008,-6.25334333699991,0],[107.01947859800005,-6.2525094289999235,0],[107.01972294400011,-6.252225578999974,0],[107.01989119600009,-6.252030113999966,0],[107.0202541790001,-6.251634236999985,0],[107.02043428800008,-6.251124678999924,0],[107.02076501300009,-6.250370145000021,0],[107.02093712100012,-6.250000414999894,0],[107.02116710600005,-6.2495063689999615,0],[107.02159720200011,-6.248625126999967,0],[107.02168661700004,-6.248653405999997,0],[107.02177005300011,-6.24867979199996,0],[107.02225739000002,-6.248809875999976,0],[107.02228235500004,-6.248732888999912,0],[107.02229906900001,-6.248681327999998,0],[107.02237691900005,-6.248398759999889,0],[107.02247364100006,-6.248047681999973,0],[107.02249894700012,-6.247812498999965,0],[107.02252731000006,-6.247302991999996,0],[107.02253994500005,-6.2470759399999505,0],[107.02281085900007,-6.246016159999927,0],[107.02286515700004,-6.2458162879999986,0],[107.02305465700009,-6.245442693999996,0],[107.02336636800003,-6.244793927999963,0],[107.02340339900007,-6.244647868999957,0],[107.02348878300003,-6.244311045999977,0],[107.02351453400003,-6.243827097999903,0],[107.02362941400013,-6.243245546999924,0],[107.02370844700009,-6.242845472999951,0],[107.02371235600006,-6.242402192999956,0],[107.02376208,-6.2422136659999,0],[107.02389207600001,-6.24215703200001,0],[107.02437905400006,-6.242065999999939,0],[107.0247498040001,-6.242055298999942,0],[107.0250921320001,-6.242014066999994,0],[107.02528137200002,-6.241900004999971,0],[107.02547305800007,-6.241691484999949,0],[107.02555194100003,-6.241468862000003,0],[107.0256504310001,-6.241251840999988,0],[107.02581364300002,-6.241088643999985,0],[107.02613640100007,-6.240767352999958,0],[107.02628544900006,-6.2406541499999175,0],[107.02654817900013,-6.240499329999986,0],[107.02662194500002,-6.240252515999904,0],[107.02674436800002,-6.239842944999944,0],[107.02687662500004,-6.239451145999945,0],[107.02729256600009,-6.238611555999933,0],[107.02729972900005,-6.238597107999981,0],[107.02757546800004,-6.238306148999888,0],[107.02808342700006,-6.237796757999929,0],[107.02912317000002,-6.236814589999932,0],[107.02914961600008,-6.236791941000012,0],[107.0297607410001,-6.236209075999925,0],[107.03029089500009,-6.235763796999942,0],[107.0305904180001,-6.235517043999954,0],[107.03096985300004,-6.235060384999917,0],[107.03181694800006,-6.234270781999955,0],[107.0322564560001,-6.233808673999912,0],[107.03280094700003,-6.233261042999986,0],[107.03313802400004,-6.233021992000014,0],[107.03318936100001,-6.232985577999932,0],[107.03345318,-6.232875619999982,0],[107.03372319500005,-6.2327959609999635,0],[107.03460462200006,-6.231973766999969,0],[107.03487618600005,-6.2317311809999705,0],[107.03526851500001,-6.231525302999989,0],[107.03655419400008,-6.230811968999943,0],[107.03670113300007,-6.230701286999933,0],[107.03679056900009,-6.230499417000017,0],[107.03683902200001,-6.230296203999989,0],[107.03716866900002,-6.229916724999944,0],[107.03739566000006,-6.229679797999969,0]]},"properties":{}},{"type":"Feature","geometry":{"bbox":[106.93785440384747,-6.374982610441064,106.97238005700008,-6.302208774999977],"type":"MultiLineString","coordinates":[[[106.97035418272161,-6.302225279759492,0],[106.97044836900002,-6.302208774999977,0],[106.97044911649915,-6.302208915208267,0]],[[106.97079965113817,-6.302306986138044,0],[106.97085142200007,-6.302341157999917,0],[106.97089653000008,-6.30243005899999,0],[106.97089402000005,-6.302490708381063,0]],[[106.9708652978544,-6.302620052912859,0],[106.97082773900007,-6.302736029999993,0],[106.97064404900006,-6.303209430999994,0],[106.97060058580568,-6.303348708370697,0]],[[106.96942833235465,-6.302874581616839,0],[106.96936005800005,-6.302841604999935,0],[106.96925605200005,-6.302847728999909,0],[106.96910824115791,-6.302920861838272,0]],[[106.96907933265183,-6.302945424175503,0],[106.96886508300013,-6.303128182999933,0],[106.96855176500004,-6.303357785999923,0],[106.96844454000005,-6.3033799979999845,0],[106.96835339200007,-6.303333581999963,0],[106.96831036700006,-6.303262465999941,0],[106.96829863700006,-6.303243071999935,0],[106.96829602889238,-6.30318478345661,0]],[[106.96692210991299,-6.303139347853508,0],[106.96699119000006,-6.303208713999934,0],[106.96708185300011,-6.303308789999955,0],[106.96714094655806,-6.303374026760215,0]],[[106.9690343709786,-6.30393648879725,0],[106.96905977900006,-6.303806360999912,0],[106.96913560700004,-6.303717771999954,0],[106.96938798900004,-6.303466979999898,0],[106.9694698313684,-6.303345094420402,0]],[[106.97046125524463,-6.303795184431619,0],[106.97042930000005,-6.303897581999911,0],[106.97046728300009,-6.304064116999923,0],[106.97055952800008,-6.304200295999999,0],[106.97062958520154,-6.30425642508227,0]],[[106.96612595585297,-6.304149365473004,0],[106.9661307490001,-6.304022655999956,0],[106.96616435602509,-6.303857643554116,0]],[[106.97191307072696,-6.303981079919955,0],[106.97238005700008,-6.303927463999985,0]],[[106.96913556558383,-6.304079272553357,0],[106.96905459400008,-6.304034484999958,0],[106.9690326763452,-6.30394594974714,0]],[[106.96741043394887,-6.304067447299337,0],[106.96741800000002,-6.304197370999935,0],[106.96745117151055,-6.30427171895475,0]],[[106.96700272452593,-6.305064158256572,0],[106.96703821200005,-6.3049514119999746,0],[106.96700098600007,-6.30484891000002,0],[106.96689378200008,-6.304711385999921,0],[106.96670994000006,-6.304570243999967,0],[106.96654280100009,-6.304506990999885,0],[106.96627623900007,-6.304412189999946,0],[106.96617525500005,-6.304294866000008,0],[106.96612575300004,-6.3041547279999595,0],[106.96612575313434,-6.304154724450976,0]],[[106.97000542167703,-6.304419342420379,0],[106.96997049800011,-6.304390691999943,0],[106.96973090400009,-6.304263668000003,0],[106.96952535800004,-6.304218461999904,0],[106.96931989102497,-6.304166546908567,0]],[[106.97085521166395,-6.304363727503885,0],[106.97107418200002,-6.304310783999904,0],[106.97150479765223,-6.304182981418586,0]],[[106.96755900756841,-6.3044261858934565,0],[106.96762463200007,-6.3044922129999055,0],[106.96774481400007,-6.304572875000007,0],[106.9678102548409,-6.3045992582998185,0]],[[106.96794865377046,-6.304653347650861,0],[106.96797543800005,-6.30466223399994,0],[106.96807632901995,-6.304695701964784,0]],[[106.97047724063391,-6.30514176967351,0],[106.97044139400008,-6.304968419999961,0],[106.97038070012837,-6.30484705304694,0]],[[106.96478806423309,-6.305013501663074,0],[106.96488671200011,-6.304977192999976,0],[106.96494518955767,-6.30496791565646,0]],[[106.9687304035854,-6.305021432470729,0],[106.96908939500013,-6.305259268999956,0],[106.96924844261653,-6.305403176096151,0]],[[106.96690336709618,-6.305172751826619,0],[106.96698905496756,-6.3050791408147,0]],[[106.96644571223683,-6.305097592444701,0],[106.96676777067817,-6.305236801760865,0]],[[106.96449181491175,-6.305240584945386,0],[106.96448375900007,-6.305215052999939,0],[106.96452013800007,-6.305140643999911,0],[106.9645646051646,-6.305112211760681,0]],[[106.97039396404624,-6.3054000952600315,0],[106.9704802860001,-6.30529664999994,0],[106.97048204600006,-6.305191331012898,0]],[[106.96575880506703,-6.305922771251586,0],[106.96551378200003,-6.305636872999935,0],[106.96512338700006,-6.305291180999932,0],[106.96501858400009,-6.305289758999992,0],[106.96469266900004,-6.305330541999991,0],[106.96469182203931,-6.305330300246085,0]],[[106.96997665886393,-6.3056475023027065,0],[106.97002888753748,-6.305629010808593,0]],[[106.9660848091726,-6.30625910450288,0],[106.96593282700007,-6.306113687999952,0],[106.96575983500006,-6.305923972999976,0],[106.96575952626976,-6.30592361276671,0]],[[106.96654645121835,-6.307029755789754,0],[106.966565346,-6.306959742999966,0],[106.96652946700006,-6.306823621999984,0],[106.96640824500005,-6.306620710999981,0],[106.96640196010834,-6.306612618462674,0]],[[106.9655392911836,-6.306811953375339,0],[106.96554022000001,-6.306811948999995,0],[106.9655797724368,-6.306831597863242,0]],[[106.96525944596745,-6.3070438691295845,0],[106.96535902100003,-6.306880801000007,0],[106.96545007489867,-6.306815060661412,0]],[[106.96597750029669,-6.307045754717626,0],[106.96604245902166,-6.307081493192117,0]],[[106.96645339826483,-6.3071428379328704,0],[106.96646857279153,-6.307127895170288,0]],[[106.96484620702962,-6.308473889219572,0],[106.96491077700006,-6.308293111999978,0],[106.96506891747802,-6.307677667393145,0]],[[106.96143992498386,-6.308270620089422,0],[106.96146995700012,-6.308257763999984,0],[106.96147015750843,-6.308257831521706,0]],[[106.96103863963003,-6.309120058690658,0],[106.96104413500005,-6.309088056999938,0],[106.96115080400008,-6.30864581199994,0],[106.96116316200005,-6.3085945759999635,0],[106.96124323391696,-6.30841174995002,0]],[[106.96330613568664,-6.308889823295642,0],[106.96339893900003,-6.3088393109999625,0],[106.96379528900005,-6.308524500999939,0],[106.96391803500008,-6.3084555340000055,0],[106.96391947067859,-6.308455813649909,0]],[[106.96408737818577,-6.308569054112871,0],[106.96421217700008,-6.308766348999965,0],[106.96421080400005,-6.308874411999936,0],[106.96420997590539,-6.308879793467119,0]],[[106.9621292067112,-6.308721219592909,0],[106.96223576700007,-6.308802086999991,0],[106.96224509978039,-6.308805502892804,0]],[[106.96395841682435,-6.309470350393502,0],[106.96386863700008,-6.309583503999898,0],[106.96381960144348,-6.309690462897814,0]],[[106.96195460277953,-6.309760817446135,0],[106.96192993000007,-6.30974170400002,0],[106.96173640000005,-6.3096727810000015,0],[106.96155535700008,-6.309656149999958,0],[106.96106063500008,-6.309631223999938,0],[106.960965216,-6.309626411999984,0],[106.96096817700007,-6.30957299276748,0]],[[106.96333544593358,-6.312357690200036,0],[106.9633688050001,-6.3122370039999804,0],[106.96337690300007,-6.312028894999992,0],[106.963318154,-6.311787359999903,0],[106.96320945900007,-6.3115230859999745,0],[106.96270613600008,-6.310606010999946,0],[106.96241386100006,-6.310172113999927,0],[106.96228599789212,-6.310041009934368,0]],[[106.96379801474545,-6.31014722315925,0],[106.96385463900008,-6.3102119059999335,0],[106.96397598678966,-6.310281043604464,0]],[[106.96493428085252,-6.310207357382273,0],[106.965086156,-6.310178220999989,0],[106.9651080733966,-6.3101478746518875,0]],[[106.96056563758148,-6.312252541167711,0],[106.96067446900011,-6.3122098909999576,0],[106.96079462808821,-6.312200806555028,0]],[[106.96144961885143,-6.312222797765481,0],[106.96147366500007,-6.312224003999971,0],[106.96198804866168,-6.312375830425625,0]],[[106.96024054875238,-6.312515483201812,0],[106.96028628800005,-6.3124204079999675,0],[106.96036317900011,-6.312358964999946,0],[106.96041717893921,-6.312326367073988,0]],[[106.96050373472815,-6.31361597094479,0],[106.96040896400008,-6.313398970999932,0],[106.96029583900004,-6.312992215999939,0],[106.96023573800005,-6.312525482999957,0],[106.96023582894694,-6.312525293954556,0]],[[106.9631547388671,-6.31271293816326,0],[106.96320720213923,-6.312664191203902,0]],[[106.9609811275059,-6.315185032115293,0],[106.96097490700001,-6.31515606599992,0],[106.96091969200006,-6.314881182999914,0],[106.96086027090055,-6.314671966452627,0]],[[106.96296531448195,-6.316524554830886,0],[106.96290641100003,-6.316505068999982,0],[106.96199492400002,-6.316017842999903,0],[106.96142593900002,-6.315683562999956,0],[106.96112486800007,-6.3154390629998876,0],[106.96105770442458,-6.31535357318093,0]],[[106.9633702558018,-6.316659752268132,0],[106.96334092700002,-6.316648799999973,0],[106.9632175628049,-6.316607994225125,0]],[[106.96362959752616,-6.316843799414899,0],[106.96360621500013,-6.316797074999984,0],[106.96356216632022,-6.316760803621106,0]],[[106.96347968798041,-6.3182124882041375,0],[106.96349770600003,-6.318207490999976,0],[106.96354653100006,-6.3181412439999125,0],[106.9635974060001,-6.317949988999986,0],[106.96365777800013,-6.317581574999968,0],[106.96366136099998,-6.317216072371183,0]],[[106.9626338453467,-6.318006602692032,0],[106.96263496900005,-6.318006510999956,0],[106.96301622600006,-6.318082543999941,0],[106.96341854525585,-6.318228465435409,0]],[[106.96244972132143,-6.318050899189968,0],[106.96251335400002,-6.3180164349999774,0],[106.96251692844388,-6.318016143318987,0]],[[106.9622445915194,-6.318868513661561,0],[106.96227860700006,-6.318671437999994,0],[106.96234815400004,-6.318205373999978,0],[106.9623598316921,-6.3181854081728535,0]],[[106.96190426168361,-6.32014074735782,0],[106.96197389800007,-6.320109518999965,0],[106.96198050000008,-6.320022275999941,0],[106.96194988963082,-6.319706895370862,0]],[[106.96029971101005,-6.321481455706428,0],[106.96025053300012,-6.321394760999992,0],[106.96024329000005,-6.321290165999953,0],[106.96024340260553,-6.321289797041933,0]],[[106.96064871381084,-6.3220387925537675,0],[106.96055316700001,-6.321909047999911,0],[106.96052584855252,-6.321871956551865,0]],[[106.96180427396516,-6.323187337257023,0],[106.96190374700004,-6.32292249399992,0],[106.9619033170001,-6.322729578999946,0],[106.96185198600001,-6.322656069999903,0],[106.96178414284039,-6.322624929016511,0]],[[106.96152023324,-6.324233901939495,0],[106.96152423200007,-6.324150781999942,0],[106.96156290700007,-6.323942556999944,0],[106.96160648100005,-6.323707949999983,0],[106.96167647670279,-6.323524911818305,0]],[[106.96169725862812,-6.325043838889359,0],[106.9616845630001,-6.325025851999959,0],[106.96152895200002,-6.3246884229999285,0],[106.96151579534177,-6.32460633482607,0]],[[106.96456660691464,-6.325444990585664,0],[106.96464187500001,-6.325283475999958,0],[106.96472586000003,-6.324944536999981,0],[106.96466481800005,-6.32484565199997,0],[106.96452197100004,-6.324734833999949,0],[106.96451977300003,-6.324734245999901,0],[106.96438668000003,-6.324698846999992,0],[106.96416678700005,-6.3247018479999735,0],[106.96383712000004,-6.324745153000004,0],[106.9637024570001,-6.324762839999957,0],[106.96286033700005,-6.324896844999943,0],[106.96230982800006,-6.324907458999933,0],[106.96221222794385,-6.324932367953499,0]],[[106.96178263120211,-6.325131871624505,0],[106.96178069700007,-6.3251331579999555,0],[106.96174864600007,-6.325116643999921,0],[106.96174408985733,-6.3251101885394885,0]],[[106.96422295717213,-6.326100996458665,0],[106.96440652800008,-6.325788508999912,0],[106.9644819212677,-6.325626718679304,0]],[[106.96086691644848,-6.326120577046661,0],[106.96092769200001,-6.3260357139999375,0],[106.96107342700007,-6.325929655999955,0],[106.96113385075044,-6.325903491560895,0]],[[106.96378514649889,-6.32663922963909,0],[106.96384934400008,-6.3265801479999535,0],[106.9640960507488,-6.326279794329219,0]],[[106.96129020504581,-6.327717721792807,0],[106.96126421000005,-6.327583285999909,0],[106.96119332800005,-6.326911914999959,0],[106.96109038800006,-6.326787537999971,0],[106.96085969400006,-6.326586739999966,0],[106.96077712500008,-6.326484770999967,0],[106.9607774020001,-6.3263808249999816,0],[106.9607774710001,-6.326380577030692,0]],[[106.96344774473583,-6.326633158561227,0],[106.96359471300006,-6.326711905999931,0],[106.96363289679903,-6.326732367368708,0]],[[106.96237295461253,-6.327024995589385,0],[106.9622886083264,-6.327033771527139,0]],[[106.96306287082851,-6.3282031326336625,0],[106.96293488600008,-6.327953793999923,0],[106.962628007,-6.327260044999987,0],[106.96248612000008,-6.327077970999932,0],[106.96238310743405,-6.327029690294809,0]],[[106.96203206045456,-6.327184498413667,0],[106.96198357400007,-6.327232751999949,0],[106.9619786810001,-6.327320205999991,0],[106.96198374500008,-6.327570152999977,0],[106.96196537528189,-6.32800644928521,0]],[[106.96154735290091,-6.328291180130067,0],[106.96149358900003,-6.328218616999985,0],[106.96142044139445,-6.328073935220361,0]],[[106.96191575388974,-6.328289796568713,0],[106.96188577500006,-6.3283463399999835,0],[106.96184435686438,-6.328368672910438,0]],[[106.96339758442508,-6.328710762678151,0],[106.96332996900009,-6.32860475299996,0],[106.96313182269894,-6.328323479791679,0]],[[106.96179677523881,-6.328394329212054,0],[106.9617959930001,-6.328394750999992,0],[106.96167972600006,-6.328388173999981,0],[106.96167921296174,-6.328387901086023,0]],[[106.96342394232983,-6.328930054791863,0],[106.96343171000007,-6.328894674999967,0],[106.96342054536686,-6.328808911459609,0]],[[106.96310850287358,-6.329421725511912,0],[106.96312379800008,-6.3294063659999384,0],[106.96317017700001,-6.329359800999994,0],[106.96323867500008,-6.329291010999986,0],[106.96332183076085,-6.329166590211914,0]],[[106.96298918229972,-6.329487679725203,0],[106.96299649900003,-6.329483948999963,0],[106.96301091353253,-6.329476600272914,0]],[[106.96199426383993,-6.32983692377435,0],[106.96199718800004,-6.329779125999961,0],[106.96203498200006,-6.329703788999945,0],[106.96205683254614,-6.329660233821992,0]],[[106.96216651702294,-6.330191319469629,0],[106.96208112400005,-6.330056150999967,0],[106.9620187299122,-6.329943273866638,0]],[[106.96237964300015,-6.33076478718028,0],[106.96237777200008,-6.330748926,0],[106.96235602000006,-6.3305643460000045,0],[106.96232847106636,-6.330496020719993,0]],[[106.96119116407519,-6.33064533322049,0],[106.96119159000008,-6.330645223999946,0],[106.96122570685884,-6.330658418730144,0]],[[106.96020772956075,-6.331782732894757,0],[106.96019629900007,-6.331712620999978,0],[106.96021938301708,-6.331546488411314,0]],[[106.96031206000005,-6.333424022907012,0],[106.96031036300009,-6.333314175999975,0],[106.96032463300011,-6.332835680999908,0],[106.96029330600001,-6.332115284999899,0],[106.96024436401044,-6.331947655601182,0]],[[106.96136419998727,-6.3325207482729,0],[106.96134186100008,-6.332511722999927,0],[106.96131067800007,-6.332519217999925,0],[106.9612736215436,-6.332528128458785,0]],[[106.9612028034642,-6.33257836312872,0],[106.96116045800008,-6.33261971599998,0],[106.96109473318063,-6.332728151599769,0]],[[106.9623567642902,-6.3331401636061475,0],[106.96234812100003,-6.3331216219999416,0],[106.96222503400006,-6.333001326999936,0],[106.96196000500007,-6.332811680999965,0],[106.96193191749842,-6.332794822769332,0]],[[106.96200892370346,-6.333517470267617,0],[106.96210975000011,-6.333470781999965,0],[106.96220385655688,-6.3333887998682155,0]],[[106.96064885820324,-6.333544596644762,0],[106.96058257700005,-6.3335805629999005,0],[106.96044655200008,-6.333592395999991,0],[106.96037254,-6.333550543999904,0],[106.96031249,-6.333451663999982,0],[106.96031242574527,-6.3334476792961265,0]],[[106.961791425358,-6.335562157616296,0],[106.96178441200001,-6.335498732999982,0],[106.96160638300003,-6.334230031999903,0],[106.96160108718745,-6.334015257375507,0]],[[106.96125074247287,-6.335188232758197,0],[106.96125184600001,-6.335188551999986,0],[106.96126723671253,-6.335202524585474,0]],[[106.96068205761252,-6.335405201265358,0],[106.96075092300003,-6.335358535999928,0],[106.96083004302426,-6.335304918561883,0]],[[106.96139026936834,-6.33535306513439,0],[106.9614053920001,-6.335386963999971,0],[106.96139651900008,-6.335550042999964,0],[106.96136523900006,-6.3359097759999745,0],[106.96136997415269,-6.335921568809459,0]],[[106.95951217627831,-6.3354198413239455,0],[106.95951224500004,-6.335419839999938,0],[106.95951484651034,-6.335421154421221,0]],[[106.95923312302465,-6.335545493974363,0],[106.9594141350001,-6.335421729999917,0],[106.95942582700009,-6.335421504999987,0],[106.95942655199154,-6.335421491031694,0]],[[106.95995333860462,-6.335667578202868,0],[106.96003797146845,-6.3357167090310735,0]],[[106.9615910852503,-6.336047009693894,0],[106.96168158300013,-6.335985654999947,0],[106.9617747195434,-6.335845189334092,0]],[[106.95835283366023,-6.336551404202099,0],[106.95847116600007,-6.336434792999983,0],[106.958692694,-6.336147292999998,0],[106.95877920488077,-6.336036077793709,0]],[[106.96145599670338,-6.3360406428645195,0],[106.96148843644671,-6.336055234973907,0]],[[106.95789192204157,-6.336843975095922,0],[106.95799198300003,-6.336787022999905,0],[106.95826498500006,-6.33661998099994,0],[106.95829532992396,-6.336601408682389,0]],[[106.95700070471027,-6.338400068103615,0],[106.95683123700009,-6.337840315999925,0],[106.95683290500004,-6.337676413999953,0],[106.95689087400005,-6.33754459399997,0],[106.95695219648243,-6.337483441627471,0]],[[106.95715527863139,-6.339228337834372,0],[106.95714199800004,-6.339073577999914,0],[106.95708251800009,-6.338756886999912,0],[106.95704736144269,-6.338569726919767,0]],[[106.95550031352013,-6.338999684532569,0],[106.95550053900003,-6.33899960400001,0],[106.95553661744665,-6.339004709826172,0]],[[106.95589555008804,-6.339091304543169,0],[106.95596552100004,-6.33911468799994,0],[106.95636301500006,-6.339298447999957,0],[106.95642133612418,-6.339320483681147,0]],[[106.95505808530545,-6.339640306935339,0],[106.95508301800004,-6.339539436999912,0],[106.95516780100003,-6.339333867999956,0],[106.95524520500004,-6.33914618199997,0],[106.95526792261956,-6.339128517587993,0]],[[106.95709527059667,-6.339505221244616,0],[106.95709724900007,-6.339504831999891,0],[106.95714420800005,-6.339443979999919,0],[106.95715174560365,-6.339397755484503,0]],[[106.95685646948054,-6.339484894808438,0],[106.95697163368396,-6.339528409123611,0]],[[106.9549689565497,-6.339957301999936,0],[106.9550064570001,-6.339910263999952,0],[106.95502895400008,-6.339758153999979,0],[106.95503251700012,-6.339743744600527,0]],[[106.95297782203954,-6.34005255780256,0],[106.9530754790001,-6.340003494999939,0],[106.95318914020011,-6.339977380659205,0]],[[106.95279563187917,-6.340768059210992,0],[106.95277980200007,-6.340617600999947,0],[106.95278184600015,-6.340433470710709,0]],[[106.95286507185604,-6.341402880232964,0],[106.9528553010001,-6.341335166999988,0],[106.9528014674439,-6.340823522423948,0]],[[106.95293408945773,-6.341762145670186,0],[106.95288607800006,-6.341548500999965,0],[106.95288207457092,-6.34152073676532,0]],[[106.9530850834791,-6.34269604357746,0],[106.95305364700008,-6.342579099999972,0],[106.95297899000012,-6.342152733999955,0],[106.95296227300007,-6.341965638999929,0],[106.95295370571256,-6.341869774121671,0]],[[106.95430830048687,-6.343109404836282,0],[106.95405633700008,-6.343069069000011,0],[106.95363833700004,-6.343027085000001,0],[106.95336138800005,-6.34299927099992,0],[106.953209492,-6.342905653999901,0],[106.95320832170503,-6.3429041141579585,0]],[[106.95481495651964,-6.343407622537482,0],[106.95472600800007,-6.343289087999919,0],[106.95458704000004,-6.3431994819999655,0],[106.95436336548255,-6.343126890314236,0]],[[106.95483326326251,-6.344066422176057,0],[106.95486862500006,-6.343857836999993,0],[106.9548597926492,-6.343627473059714,0]],[[106.95092221355878,-6.343935167529173,0],[106.95092287300008,-6.343935156999995,0],[106.95095158020105,-6.3439434273269075,0]],[[106.95026053238253,-6.344145091801094,0],[106.95026323100004,-6.344140132999902,0],[106.95031539100009,-6.344044254999963,0],[106.9503908883649,-6.344006381410454,0]],[[106.95131697984822,-6.344068522718375,0],[106.95145781000011,-6.344124133999999,0],[106.95166109600005,-6.344212811999965,0],[106.9516925477347,-6.34422653173287,0]],[[106.95464234339035,-6.3444104120493545,0],[106.95474839500005,-6.344289791999939,0],[106.95480465629426,-6.3441560536881365,0]],[[106.95054699282092,-6.344975173007976,0],[106.95029110600004,-6.344590977999902,0],[106.95026375761825,-6.344466159198918,0]],[[106.95252813104923,-6.344472625114365,0],[106.95256080882972,-6.344480617204821,0]],[[106.9509934911443,-6.345667561089156,0],[106.95098497000006,-6.345634884999944,0],[106.95094018000009,-6.34554729199998,0],[106.95087962300005,-6.345428847999949,0],[106.95071562002849,-6.34521388505526,0]],[[106.95104599684444,-6.346255928183579,0],[106.95104710100006,-6.34623633299997,0],[106.95106396000003,-6.345937769999958,0],[106.95104217156523,-6.345854223982032,0]],[[106.95200006329047,-6.348356054968766,0],[106.9519557190001,-6.348130001999978,0],[106.95184294400009,-6.347485374999932,0],[106.95176083600005,-6.347331507999991,0],[106.9517582060001,-6.347326589999939,0],[106.95171365406186,-6.347287361465829,0]],[[106.95341479914578,-6.348361266916262,0],[106.953343473092,-6.348316696564053,0]],[[106.95328036331718,-6.3483360600638346,0],[106.95326254100004,-6.348341795999916,0],[106.95324304878172,-6.348357628326388,0]],[[106.95278112805009,-6.348712313582576,0],[106.95278087400007,-6.348712504999947,0],[106.95276069137986,-6.348719845011567,0]],[[106.95255806548417,-6.348793535960555,0],[106.95255702600011,-6.348793913999932,0],[106.95235308100011,-6.348790280999898,0],[106.95222519400001,-6.34874702199996,0],[106.95221248149679,-6.348730846791055,0]],[[106.95157569105507,-6.349248801847944,0],[106.95159096200011,-6.349238353999935,0],[106.95159129393974,-6.349238222075863,0]],[[106.95235080691741,-6.3493204139638255,0],[106.95240172300005,-6.34935792899997,0],[106.95245134909537,-6.349414687643799,0]],[[106.95361136997784,-6.3509431173994475,0],[106.95369408400005,-6.350802448999941,0],[106.95377218000002,-6.3505581179999755,0],[106.95400211800003,-6.349453339999959,0],[106.95399170446937,-6.349372896489262,0]],[[106.95077532557211,-6.350047172512278,0],[106.9509650130001,-6.34980841899994,0],[106.95103735772737,-6.349731688934883,0]],[[106.95280256340634,-6.350307573968321,0],[106.95281332000009,-6.350420732999977,0],[106.9528396881164,-6.350679769420202,0]],[[106.95343700693445,-6.351102617986319,0],[106.95345985400012,-6.351090304999955,0],[106.95355008982817,-6.35100520370923,0]],[[106.95137686095957,-6.352209911672039,0],[106.95067451000004,-6.351900889999966,0],[106.95027763000007,-6.351614166999957,0],[106.95015411700007,-6.351458483999954,0],[106.95010251300006,-6.3513158659999664,0],[106.95012617700006,-6.351156599999934,0],[106.95014126836804,-6.351116089234081,0]],[[106.95200616055672,-6.3525290627909055,0],[106.95190937900009,-6.352459336999987,0],[106.95159994130009,-6.3523102704090935,0]],[[106.95228191273878,-6.352845132964761,0],[106.95227809900004,-6.352836494000018,0],[106.95225419491813,-6.352805022705114,0]],[[106.95241328944661,-6.353436769546443,0],[106.95241987700004,-6.353306174999977,0],[106.95237526100009,-6.35305656699993,0],[106.95235185091705,-6.353003546655549,0]],[[106.94933161686265,-6.355250685258566,0],[106.94939143400002,-6.355181427999971,0],[106.94946155300005,-6.3550212549999525,0],[106.94947521000003,-6.354829840000013,0],[106.94949985000002,-6.354253063999986,0],[106.94950698300008,-6.354085948999925,0],[106.94960680500007,-6.353968616999987,0],[106.94999455600001,-6.3536234149999355,0],[106.95053822300005,-6.353337114999961,0],[106.95053843952462,-6.353337076321301,0]],[[106.95114224543718,-6.3534336658648645,0],[106.95114226100011,-6.353433672999957,0],[106.95114307359589,-6.353434185563726,0]],[[106.9521437426635,-6.353897342724617,0],[106.95218316200008,-6.3538846379999665,0],[106.95222775002172,-6.353824842875204,0]],[[106.94816630212452,-6.356177266863343,0],[106.94828503400005,-6.356072986999932,0],[106.9486302160001,-6.355814440999945,0],[106.94872981354666,-6.355739839774214,0]],[[106.94735167888578,-6.357713474342878,0],[106.94735631000012,-6.357559600999922,0],[106.94737043200004,-6.357503600999996,0],[106.94742358800009,-6.357292734999957,0],[106.94750850300001,-6.357092109999966,0],[106.9478056780001,-6.3565803509999,0],[106.94787419800008,-6.356494755000012,0],[106.94794136670222,-6.356410847068565,0]],[[106.94397213068513,-6.357939951098805,0],[106.94401364900004,-6.357887723999982,0],[106.94417425000009,-6.357785904999995,0],[106.9441752634408,-6.357785704127698,0]],[[106.94515011422712,-6.357912383338197,0],[106.94529163200009,-6.357978191000006,0],[106.94543373560684,-6.358059235502493,0]],[[106.94856606343053,-6.358337615144231,0],[106.94849915000009,-6.358309282999956,0],[106.94827788000008,-6.358301420000016,0],[106.94758298200004,-6.358270531999947,0],[106.94747744600002,-6.358173412999994,0],[106.9474236977397,-6.358077170257063,0]],[[106.94701467598642,-6.358315734492718,0],[106.94698514400005,-6.3583751649999005,0],[106.94687924000009,-6.35846129100001,0],[106.94644388400003,-6.3587675429999475,0],[106.94626403306624,-6.358919996046668,0]],[[106.94867357343072,-6.3584647248684885,0],[106.94866861800008,-6.3584337719999535,0],[106.94864655345735,-6.35840643555227,0]],[[106.94863065756458,-6.358676837348247,0],[106.948652677,-6.358656974999947,0],[106.94865957600004,-6.358650755999966,0],[106.94867167029538,-6.358609511373674,0]],[[106.94373555584353,-6.358767185124529,0],[106.94373310100009,-6.358696409999924,0],[106.9437373595814,-6.35867298747174,0]],[[106.94774397765312,-6.358755310432278,0],[106.94786514000003,-6.35871687499993,0],[106.94786771726706,-6.3587168180445115,0]],[[106.94664652288277,-6.359403018530989,0],[106.94686023800003,-6.359292887999983,0],[106.94704822300012,-6.359136528999924,0],[106.94726982754027,-6.358961933405142,0]],[[106.94476359147767,-6.3589985496683195,0],[106.944678084183,-6.358997412822857,0]],[[106.945339973502,-6.359552144820084,0],[106.94529733100002,-6.359488924999949,0],[106.94498302300005,-6.359165713999941,0],[106.94491067572388,-6.35911010958811,0]],[[106.94443519225776,-6.35911345498789,0],[106.94439136500003,-6.359152913999948,0],[106.94398706500006,-6.359586281999922,0],[106.94388819600005,-6.359628152999923,0],[106.94388681855514,-6.359627455654985,0]],[[106.94608131222094,-6.359358420507315,0],[106.94609381700012,-6.35937622199995,0],[106.9462139375585,-6.359419536633164,0]],[[106.94381001690654,-6.359569743696218,0],[106.9437772410001,-6.3595152309999055,0],[106.94375656684447,-6.359368316828233,0]],[[106.9464997772021,-6.359436560260205,0],[106.9465466070001,-6.359425897999886,0],[106.9466052131101,-6.359412555367998,0]],[[106.94583784305851,-6.360153305930398,0],[106.9457704580001,-6.3601136279999455,0],[106.94561531500004,-6.35997257399991,0],[106.94554347630745,-6.359857539115625,0]],[[106.94706783014492,-6.360144967717789,0],[106.94689699179328,-6.360111153617469,0]],[[106.9468523568013,-6.360116451634871,0],[106.94674672788094,-6.360129113355166,0]],[[106.94714055578012,-6.360241980714003,0],[106.94713459200007,-6.360191567999911,0],[106.94708794010448,-6.360158506432649,0]],[[106.94663587547333,-6.36019257415427,0],[106.94660181900005,-6.360212533999958,0],[106.94637609700003,-6.36032598199993,0],[106.9462235380001,-6.3603168369999725,0],[106.94622205884525,-6.360316439008022,0]],[[106.94649483952588,-6.360816848932453,0],[106.94650720600004,-6.360732218999969,0],[106.94654058605032,-6.3606930283466685,0]],[[106.94666485828503,-6.361344129737427,0],[106.94662205200004,-6.361237696999959,0],[106.94650666600008,-6.360955942000006,0],[106.94649239443855,-6.360921091829612,0]],[[106.94644978784731,-6.361715137439143,0],[106.94669125700007,-6.36148257599997,0],[106.94668918716822,-6.361435109366857,0]],[[106.94590635020762,-6.362106999119492,0],[106.94597267900004,-6.36204506999997,0],[106.94605260794155,-6.362011562478235,0]],[[106.94610864923821,-6.3627896940105995,0],[106.9458530570001,-6.362390980999992,0],[106.94584176980855,-6.362280433040317,0]],[[106.94586173364208,-6.36339979838038,0],[106.94611937900001,-6.363189035999943,0],[106.94618818100011,-6.363060212999942,0],[106.94618880900006,-6.362938942999945,0],[106.94613493567462,-6.362832990738225,0]],[[106.94474920194624,-6.364025061376603,0],[106.94481317800002,-6.364001324999917,0],[106.94515704000005,-6.363861040999945,0],[106.94537687025263,-6.36373621131167,0]],[[106.94454621862195,-6.364711289906515,0],[106.94440138300006,-6.364525593999952,0],[106.94441174100002,-6.36445162599996,0],[106.94441240200017,-6.364446911640835,0]],[[106.94483428395372,-6.365370602377089,0],[106.94485344200007,-6.365328357999937,0],[106.94485220000006,-6.36520709499994,0],[106.94479177100003,-6.365027368999991,0],[106.94473671798384,-6.364956229920386,0]],[[106.94406564580663,-6.366128686465926,0],[106.94408245800005,-6.366104056999992,0],[106.94414344276298,-6.366054572795614,0]],[[106.94494686335233,-6.366195186228866,0],[106.94489516900006,-6.3662080159999785,0],[106.94477909500004,-6.366308193999918,0],[106.94438389700012,-6.366627639999971,0],[106.94428283518414,-6.366675647674517,0]],[[106.94397124805657,-6.366311938087181,0],[106.94399167500009,-6.366237049999983,0],[106.94399878014075,-6.366226641533361,0]],[[106.94505341255538,-6.366297116401791,0],[106.9450159036125,-6.366261132066635,0]],[[106.9451933572989,-6.367137803813387,0],[106.94518011400001,-6.366903937000005,0],[106.94515065800006,-6.366513780999965,0],[106.94505790784281,-6.366306927808056,0]],[[106.94402899854133,-6.366698551301424,0],[106.94398971400001,-6.366671806999895,0],[106.94395207451329,-6.36658550488111,0]],[[106.9442195030613,-6.366705732508342,0],[106.94421912100007,-6.366705913999963,0],[106.94406467900009,-6.366722841999943,0],[106.94406401888217,-6.366722392602002,0]],[[106.94203102907075,-6.367708711346813,0],[106.94207983100009,-6.367521588999951,0],[106.94208403500008,-6.367505461999949,0],[106.94215966500012,-6.367425823999932,0],[106.94228906800008,-6.367380338999988,0],[106.94230469000004,-6.36737727,0],[106.94265502400008,-6.367308540999909,0],[106.94265601345063,-6.367308548379251,0]],[[106.94337485829091,-6.367313909526777,0],[106.94337693300011,-6.3673139249999995,0],[106.94337811841153,-6.367339133328935,0]],[[106.94547328205802,-6.368214701545442,0],[106.94546988900001,-6.3682052389999395,0],[106.94522818400007,-6.367530809000003,0],[106.94521921761466,-6.367442090642632,0]],[[106.94324047029018,-6.367767121835614,0],[106.94315636200007,-6.367990530999938,0],[106.94314195188394,-6.368105739083722,0]],[[106.94202792292482,-6.367963999872687,0],[106.942016595,-6.367919715999941,0],[106.94202285990735,-6.367770909419994,0]],[[106.94434054148378,-6.368446693660383,0],[106.94443277100008,-6.368400275999912,0],[106.94443399605152,-6.368400345681861,0]],[[106.9454552901815,-6.368493462777318,0],[106.94545681800008,-6.368492278999975,0],[106.94547462319811,-6.36841881722429,0]],[[106.94428078136924,-6.3685106371299245,0],[106.94431249900008,-6.368460806999947,0],[106.94431302597081,-6.36846054178392,0]],[[106.94523579307017,-6.36857358698885,0],[106.94526734078012,-6.368568243882004,0]],[[106.9431440875078,-6.368783376695612,0],[106.94320852700012,-6.369041152999914,0],[106.9432789190001,-6.369113695999966,0],[106.94340550293533,-6.369158335889084,0]],[[106.94210054162947,-6.369110783456604,0],[106.9421219380001,-6.369080250999952,0],[106.94212906600008,-6.36907008899991,0],[106.94215869778456,-6.368930806447574,0]],[[106.94380873672658,-6.369097036614894,0],[106.94383602439693,-6.369078197806514,0]],[[106.94155501736131,-6.36954549071435,0],[106.9418470270001,-6.369348747999963,0],[106.94189879868037,-6.369306402458223,0]],[[106.94112322656211,-6.369741260835797,0],[106.94127526800013,-6.369677996999938,0],[106.94137311703966,-6.369637593036208,0]],[[106.9402631287185,-6.370363250227788,0],[106.94043366500004,-6.370162700999986,0],[106.94066552300004,-6.369968321999979,0],[106.94067181100012,-6.369963053999898,0],[106.94092703050458,-6.369827097821583,0]],[[106.93915048752945,-6.370441441048806,0],[106.9391515670001,-6.370441321999946,0],[106.93946759637245,-6.370494287254973,0]],[[106.93856657214398,-6.37208610971282,0],[106.9384968140001,-6.3717761799999035,0],[106.93845964200004,-6.37122189099996,0],[106.93848954200003,-6.370859853999937,0],[106.93854192500001,-6.370706663999963,0],[106.93864361300008,-6.370584515999981,0],[106.93879349300005,-6.370480811999927,0],[106.93888578021898,-6.370470634153273,0]],[[106.94049175122795,-6.371322273715345,0],[106.93991809,-6.371264715999951,0],[106.93987889900005,-6.371260784999981,0],[106.93971964605065,-6.371263834674982,0]],[[106.94057573650385,-6.3713806565314375,0],[106.94057466700006,-6.3713735869998995,0],[106.94052728592776,-6.3713440794072635,0]],[[106.93940531422217,-6.371434663040924,0],[106.93931737000004,-6.371506807999909,0],[106.93919575226461,-6.371669640759896,0]],[[106.93985642122459,-6.372037031281545,0],[106.94005457100012,-6.371912430999986,0],[106.94041902500007,-6.371646417999914,0],[106.94053480400005,-6.371532344999979,0],[106.9405593191242,-6.371483932788406,0]],[[106.93902889348351,-6.3719383216752785,0],[106.93895010500003,-6.3720760959999385,0],[106.93884370500011,-6.372209246999942,0],[106.93876871500004,-6.372257437999933,0],[106.93865385000004,-6.372230248999903,0],[106.93865353866614,-6.37222995762267,0]],[[106.93927151945864,-6.372487048280943,0],[106.93929251400003,-6.372458612999969,0],[106.93948191100007,-6.372272530999938,0],[106.93951980560743,-6.372248701831877,0]],[[106.93795601739909,-6.374021481743457,0],[106.93801613900003,-6.373950338999938,0],[106.93822928200008,-6.373784600999992,0],[106.93842896300008,-6.373653386999971,0],[106.9385169631325,-6.3735651622172025,0]],[[106.9380106965729,-6.3745078847892085,0],[106.9379086320001,-6.374405058999992,0],[106.93785440384747,-6.37430435092851,0]],[[106.93884330103951,-6.374982610441064,0],[106.93884253600001,-6.374982484999984,0],[106.93868200933419,-6.3748971043368226,0]]]},"properties":{}},{"type":"Feature","geometry":{"bbox":[106.98956592400006,-6.264741164999991,106.99338178900004,-6.26080014399996],"type":"LineString","coordinates":[[106.99326455500002,-6.264741164999991,0],[106.99326531000008,-6.2647282519999,0],[106.9933406220001,-6.264515252999951,0],[106.99337084400011,-6.264412993999928,0],[106.99338178900004,-6.2643759399999706,0],[106.993381238,-6.264311516999969,0],[106.99338006300007,-6.26417339499991,0],[106.99326171200006,-6.2638110259999475,0],[106.99319716500004,-6.263713088000015,0],[106.9928296450001,-6.263781286999974,0],[106.99260940400009,-6.263782339999972,0],[106.99244713800007,-6.263783119999948,0],[106.99222865000011,-6.263667782999997,0],[106.99197418700003,-6.263467219999923,0],[106.99178876400005,-6.263346278999952,0],[106.99142865300009,-6.263161720999959,0],[106.99098712300007,-6.262687430999973,0],[106.99086644300012,-6.26254688799998,0],[106.99059356000001,-6.262203492999989,0],[106.98982515100002,-6.2612365479999195,0],[106.98961869099999,-6.261021289999961,0],[106.98956592400006,-6.26080014399996,0]]},"properties":{}},{"type":"Feature","geometry":{"bbox":[107.00949245200007,-6.258122500999923,107.00959858200005,-6.257807882999915],"type":"LineString","coordinates":[[107.00949245200007,-6.258122500999923,0],[107.00951549200002,-6.258080399999903,0],[107.00957676600002,-6.257879432999973,0],[107.00959858200005,-6.257807882999915,0]]},"properties":{}},{"type":"Feature","geometry":{"bbox":[106.9163881000001,-6.252620724999895,106.92102820951646,-6.250340502999967],"type":"MultiLineString","coordinates":[[[106.91988765667264,-6.250348419392575,0],[106.91991340000003,-6.250340502999967,0],[106.92009738600007,-6.250356412999951,0],[106.92010435500002,-6.2503570119999114,0],[106.92032135100003,-6.250376615999935,0],[106.92043112800005,-6.250386530999956,0],[106.92061481000006,-6.25042056899993,0],[106.92098181100005,-6.2505031130000095,0],[106.92102820951646,-6.25051022643394,0]],[[106.91920085169424,-6.251147697676666,0],[106.91920847100005,-6.2511192140000045,0],[106.91918281500006,-6.250726085999895,0],[106.91919260000007,-6.250565097999987,0],[106.91950224400003,-6.250508281999904,0],[106.91952429321074,-6.250498487811866,0]],[[106.91818187609923,-6.251549906743874,0],[106.918376042,-6.251495430999958,0],[106.91906310227704,-6.25124564637826,0]],[[106.9180095368909,-6.251782831395884,0],[106.91803721700005,-6.251776448999939,0],[106.91803737874213,-6.251775871063396,0]],[[106.91778573490143,-6.251804703295731,0],[106.91796091130833,-6.251790957139429,0]],[[106.9163881000001,-6.252570871999945,0],[106.91649644600001,-6.2525895179999775,0],[106.9172383310001,-6.252620724999895,0],[106.91730549100008,-6.252616157999961,0],[106.91735227800004,-6.25235672999999,0],[106.91737743600008,-6.252318031999986,0],[106.9175581100001,-6.252312462999969,0],[106.91759480300003,-6.2522976729999,0],[106.91759486914606,-6.252297575242364,0]]]},"properties":{}},{"type":"Feature","geometry":{"bbox":[106.9997415500001,-6.182394695999919,107.00134675200005,-6.172263537877269],"type":"LineString","coordinates":[[107.00134675200005,-6.182394695999919,0],[107.00077467800004,-6.182095149000004,0],[107.00061651300011,-6.181987932000014,0],[107.00036011200002,-6.181847769999964,0],[107.00012859100006,-6.181667552999974,0],[107.00002637200004,-6.18152915199998,0],[106.99999882700007,-6.181460634999995,0],[106.99987854700007,-6.1811614209999295,0],[106.99985729100008,-6.180973857999954,0],[106.99983768300005,-6.180443188999922,0],[106.99982499300008,-6.1788275210000005,0],[106.99982151900005,-6.178414674999948,0],[106.999819867,-6.178217707999993,0],[106.99979976200002,-6.177338136999959,0],[106.99978653300009,-6.176328920999945,0],[106.99977609000011,-6.175532028000001,0],[106.99975841400007,-6.174235375000007,0],[106.9997415500001,-6.173681767999943,0],[106.99978134977077,-6.172263537877269,0]]},"properties":{}},{"type":"Feature","geometry":{"bbox":[107.01530130900001,-6.269869806999965,107.01707674928485,-6.268136516441773],"type":"LineString","coordinates":[[107.01530130900001,-6.269869806999965,0],[107.01531642300002,-6.2694552129999455,0],[107.01533966900008,-6.268817498999939,0],[107.01534051100006,-6.268794477999988,0],[107.01574059000004,-6.268835077999972,0],[107.01598704600009,-6.268900958999916,0],[107.01615916700003,-6.268916416999952,0],[107.01622897000003,-6.2688551779999475,0],[107.01679535500008,-6.268230237999932,0],[107.01696215200012,-6.268174682999954,0],[107.01707674928485,-6.268136516441773,0]]},"properties":{}},{"type":"Feature","geometry":{"bbox":[106.97501408800005,-6.237607526999993,106.97708242700013,-6.233550541999959],"type":"LineString","coordinates":[[106.97501408800005,-6.237607526999993,0],[106.97509993100006,-6.237533882999939,0],[106.9754547210001,-6.2374857659999545,0],[106.975648924,-6.237419074999943,0],[106.97575931400007,-6.237389032999944,0],[106.97612268000003,-6.237377824999994,0],[106.97646994500008,-6.2373370129999035,0],[106.9766698000001,-6.237250391999931,0],[106.97680696900008,-6.237099824999996,0],[106.9769243690001,-6.236924956999916,0],[106.97701541400009,-6.236643893999931,0],[106.97706374000009,-6.235667335999954,0],[106.97708242700013,-6.2352896879999715,0],[106.97704590500004,-6.2352257880000135,0],[106.97689844600009,-6.235002524000015,0],[106.976862978,-6.234817335999969,0],[106.97684955600005,-6.234519160999989,0],[106.97684832500003,-6.234491879999952,0],[106.97687763900007,-6.23386651599999,0],[106.97694551299999,-6.233749913999935,0],[106.97702270700007,-6.233550541999959,0]]},"properties":{}},{"type":"Feature","geometry":{"bbox":[107.02834249400009,-6.287044543000013,107.02968168500004,-6.2852447929999595],"type":"LineString","coordinates":[[107.02834249400009,-6.287044543000013,0],[107.02840305800004,-6.2869586020000074,0],[107.02847382800012,-6.286783128999966,0],[107.02860493400004,-6.28615042499993,0],[107.02884376600008,-6.286032891999975,0],[107.02902441400002,-6.2860442239999355,0],[107.02919646000005,-6.286018105999995,0],[107.02934472000005,-6.285892877999936,0],[107.02938031700008,-6.285792334999966,0],[107.02944430500013,-6.285515224999953,0],[107.02958324200007,-6.285320239999985,0],[107.02968168500004,-6.2852447929999595,0]]},"properties":{}},{"type":"Feature","geometry":{"bbox":[106.98394633200006,-6.183172022999932,106.98583976500005,-6.1724301256575504],"type":"LineString","coordinates":[[106.98394633200006,-6.183157373999963,0],[106.98478913000007,-6.183167967999951,0],[106.98511219700006,-6.183172022999932,0],[106.9855731840001,-6.183150075999981,0],[106.98561723600002,-6.183126992999936,0],[106.9857146630001,-6.183075926999974,0],[106.98576896000006,-6.1829490339999555,0],[106.98583976500005,-6.182619498999957,0],[106.98583774700006,-6.182596813999945,0],[106.98582220900002,-6.1824224999999995,0],[106.98581001400008,-6.182197344999933,0],[106.98575808000004,-6.180398061999918,0],[106.98574188400003,-6.1794610489999275,0],[106.98568611100004,-6.1777699279999805,0],[106.98568440900007,-6.177725262999926,0],[106.98566497900006,-6.1772167019999475,0],[106.98564789900007,-6.176478384999966,0],[106.98562084600006,-6.1756717009999225,0],[106.98558760200005,-6.174684809999979,0],[106.98558095300004,-6.174425450999925,0],[106.98557239900005,-6.174139409999972,0],[106.98555272100002,-6.173481593999989,0],[106.98552424400006,-6.17283787799993,0],[106.98552313900005,-6.172812856999903,0],[106.98539562100007,-6.1725843799999165,0],[106.98537541948939,-6.1724301256575504,0]]},"properties":{}},{"type":"Feature","geometry":{"bbox":[106.90932381600003,-6.391959281999997,106.91218795700004,-6.39160018499995],"type":"LineString","coordinates":[[106.90932381600003,-6.391860165999967,69.20209999999497],[106.90963192000002,-6.391913956999888,67.4204999999929],[106.91008705100003,-6.391951504999975,66.17609999999695],[106.9106342460001,-6.391959281999997,65.18630000000121],[106.91103429700007,-6.39195190999992,64.28140000000712],[106.91144391400012,-6.391879756999989,63.63090000000375],[106.91179846500006,-6.391766607999953,62.72599999999511],[106.91218795700004,-6.39160018499995,61.08669999999984]]},"properties":{}},{"type":"Feature","geometry":{"bbox":[106.92121861400001,-6.277227286999969,106.92305903600005,-6.272321570999965],"type":"LineString","coordinates":[[106.92121861400001,-6.277227286999969,0],[106.92122143600007,-6.277205975999982,0],[106.92130081700007,-6.277029334999932,0],[106.92148097600005,-6.276691092999924,0],[106.92153967200002,-6.276422587999912,0],[106.92160940400002,-6.276103573999896,0],[106.92164752100007,-6.275986530999981,0],[106.92173528100004,-6.2757170699998905,0],[106.9219281620001,-6.275231192000012,0],[106.92196387600004,-6.275138993999933,0],[106.92213735200009,-6.274691133000003,0],[106.92215050100003,-6.274657197999948,0],[106.92244071600005,-6.273920908999957,0],[106.92246180300003,-6.273878355999988,0],[106.92265741200005,-6.273483675999929,0],[106.92278817000003,-6.273167051999932,0],[106.92288705900005,-6.272865190999914,0],[106.92302907000007,-6.2724979669999055,0],[106.92305903600005,-6.272321570999965,0]]},"properties":{}},{"type":"Feature","geometry":{"bbox":[107.00435290960422,-6.362757089726527,107.0181104897927,-6.348393832638115],"type":"MultiLineString","coordinates":[[[107.0178681162052,-6.348749337882735,0],[107.01801898700008,-6.348518036999932,0],[107.01810900100007,-6.348395852999948,0],[107.0181104897927,-6.348393832638115,0]],[[107.0174963945782,-6.34900958941426,0],[107.01766662500006,-6.348924288999973,0],[107.01785309465826,-6.3487625540724775,0]],[[107.01712959866687,-6.350336671524419,0],[107.0170348170001,-6.350257423999965,0],[107.01698090500007,-6.349755811999939,0],[107.01702318962619,-6.34957003053435,0]],[[107.01729169255007,-6.352475609109602,0],[107.01730042100004,-6.352421770999987,0],[107.01729917301131,-6.35228494242636,0]],[[107.01714809282979,-6.353615260984784,0],[107.0172324650001,-6.353578584999957,0],[107.01725771200006,-6.353388197999925,0],[107.01725466400008,-6.353125414999942,0],[107.01726998187806,-6.3528073870809205,0]],[[107.01471768747318,-6.3551385335190265,0],[107.0147613610001,-6.3550774009999795,0],[107.01509685700006,-6.354431979999957,0],[107.01528053100007,-6.354180980999972,0],[107.01531159453741,-6.354138532033053,0]],[[107.01425874929318,-6.35563886273202,0],[107.01425919200003,-6.355638137000012,0],[107.01425937088405,-6.355637863257117,0]],[[107.01348293983526,-6.356780786925979,0],[107.01348571800007,-6.35677465599999,0],[107.01360758500003,-6.356505535999927,0],[107.01377667000007,-6.35625331099993,0],[107.01390556000008,-6.356037865999957,0],[107.0140350292332,-6.355922183878297,0]],[[107.01312272025213,-6.3571671673659775,0],[107.01324894600002,-6.357026042000006,0],[107.01347127727803,-6.356793178029411,0]],[[107.00777940500124,-6.361497256533026,0],[107.00849603500005,-6.360827878999979,0],[107.00973362700005,-6.359519627999914,0],[107.00991485000011,-6.359192615999946,0],[107.00996121100005,-6.35915639999997,0],[107.01035090700013,-6.35892488799991,0],[107.01131901900003,-6.3584622860000035,0],[107.01132182094777,-6.358462126921653,0]],[[107.00690806304824,-6.362445361304962,0],[107.00694674900002,-6.362374162000021,0],[107.00698585100007,-6.362302190999928,0],[107.0071226080001,-6.362108187999953,0],[107.00728974573487,-6.361953738436769,0]],[[107.00435290960422,-6.362236580224183,0],[107.00446819800003,-6.362221955999951,0],[107.00475675010881,-6.3621142867540765,0]],[[107.0055237467527,-6.362157140834006,0],[107.00558539113598,-6.362211222233986,0]],[[107.0057380962012,-6.36218508780985,0],[107.0057571620001,-6.36218173899991,0],[107.00575760982454,-6.36218174818705,0]],[[107.00675778748328,-6.362627092012334,0],[107.00678864800008,-6.362596383999934,0],[107.00681114740678,-6.3625739949712585,0]],[[107.00656524940828,-6.362757089726527,0],[107.00663119024357,-6.362723081421999,0]]]},"properties":{}},{"type":"Feature","geometry":{"bbox":[106.95981344100001,-6.220095828999954,106.95995058100007,-6.218719806999966],"type":"LineString","coordinates":[[106.95995058100007,-6.218719806999966,0],[106.95993717500004,-6.218854296999991,0],[106.95989650500005,-6.219262361999915,0],[106.95985287300007,-6.219700127999987,0],[106.95982686400005,-6.219961157999913,0],[106.95981344100001,-6.220095828999954,0]]},"properties":{}},{"type":"Feature","geometry":{"bbox":[106.94922548800005,-6.328967559999958,106.96027385107861,-6.321156997999948],"type":"LineString","coordinates":[[106.94924757200002,-6.328967559999958,0],[106.94926530500007,-6.328879206999931,0],[106.94929194000005,-6.328287666999925,0],[106.94924716300008,-6.327993240999989,0],[106.94922548800005,-6.32783736399997,0],[106.94924667700003,-6.327612939999964,0],[106.94929561,-6.327519352999948,0],[106.94961268500003,-6.327217872999961,0],[106.94968142600004,-6.327136524999981,0],[106.94972191000001,-6.327088617999925,0],[106.94970528700006,-6.326959402999892,0],[106.9497048460001,-6.326870855999937,0],[106.9497788580001,-6.326794904999959,0],[106.94994364400006,-6.326732093000002,0],[106.95010333700013,-6.3267379569999544,0],[106.95029116100004,-6.32679455499993,0],[106.95040037200002,-6.32684953899995,0],[106.95086750200002,-6.3270176939999185,0],[106.95100886900009,-6.3270231569999265,0],[106.95121977500004,-6.3269771679999405,0],[106.95135604500004,-6.326948999999919,0],[106.95158580900004,-6.326950739999974,0],[106.95169012500006,-6.326881247999909,0],[106.95175968300003,-6.326735922999964,0],[106.95201383700002,-6.3266080219999505,0],[106.95208167300004,-6.326564939999939,0],[106.9520867420001,-6.326174726999982,0],[106.95208429200008,-6.326070935999921,0],[106.95208339900009,-6.326032839999966,0],[106.95311771600005,-6.325926408999953,0],[106.953804168,-6.32572504299999,0],[106.95408588400004,-6.325585943999938,0],[106.95441142500006,-6.325506749999958,0],[106.95459487200006,-6.325430232999933,0],[106.95581385900002,-6.324883798000018,0],[106.95615495500009,-6.32475284799993,0],[106.95617412400007,-6.324724938000019,0],[106.95631006200004,-6.324527096999903,0],[106.95637228700004,-6.324424128999999,0],[106.95655375200005,-6.324315939000018,0],[106.95689749100006,-6.324272811999913,0],[106.95704665000005,-6.324229160999943,0],[106.9574830600001,-6.323923077999931,0],[106.95766771100001,-6.323722684999959,0],[106.95775596100003,-6.323536079999974,0],[106.95791793400012,-6.3231323759999665,0],[106.95801352700003,-6.322971329999964,0],[106.95828755600006,-6.322733006999963,0],[106.95850169100001,-6.322448401999951,0],[106.95863856600006,-6.322288519999956,0],[106.95891792400008,-6.3221072169999655,0],[106.95896989000002,-6.322073487999928,0],[106.95911921700012,-6.321976276999967,0],[106.95919323000003,-6.321862704999985,0],[106.95922104000002,-6.321758709999907,0],[106.95913446400006,-6.3214655459999864,0],[106.95913104400003,-6.321349246999956,0],[106.959133857,-6.321304500999895,0],[106.95971395700003,-6.321156997999948,0],[106.960092413,-6.321162994,0],[106.96027385107861,-6.32118110409902,0]]},"properties":{}},{"type":"Feature","geometry":{"bbox":[106.99818499100009,-6.251225876999948,107.00756919300001,-6.2485109409999335],"type":"LineString","coordinates":[[107.00756919300001,-6.251225876999948,0],[107.00703095500006,-6.25107298199991,0],[107.00680080300003,-6.251017744999958,0],[107.0065075670001,-6.250947360999907,0],[107.00635319400003,-6.250910312999951,0],[107.00575247000006,-6.250763803999996,0],[107.00459847200005,-6.25048236299998,0],[107.00450031900002,-6.250458633999971,0],[107.00412901300002,-6.2503688830000055,0],[107.00381990600003,-6.250270864999978,0],[107.00330700900005,-6.250128998999964,0],[107.003233531,-6.250115283999984,0],[107.00279413300007,-6.250033266999948,0],[107.00266797900011,-6.250000099999957,0],[107.00211684800007,-6.24985522099996,0],[107.00195038000007,-6.249811454999891,0],[107.00147107100011,-6.249687937999974,0],[107.00123875800007,-6.249629749999956,0],[107.00069462600008,-6.249480296999936,0],[107.00045040900004,-6.24941605999995,0],[107.00034617100003,-6.249388646999902,0],[106.99999997500008,-6.249390261999947,0],[106.99983676700008,-6.24939101900001,0],[106.99966190900008,-6.24938850999998,0],[106.99939836000003,-6.249319988999995,0],[106.9991639940001,-6.249197219999962,0],[106.99898024500008,-6.249058942999978,0],[106.99881313300001,-6.248866790999978,0],[106.998720684,-6.2487177789999055,0],[106.99857536500006,-6.248564112999892,0],[106.99841431800006,-6.248527377999961,0],[106.99818499100009,-6.2485109409999335,0]]},"properties":{}},{"type":"Feature","geometry":{"bbox":[106.97098365692717,-6.195530412999998,106.97457997100011,-6.188598093901591],"type":"LineString","coordinates":[[106.97457997100011,-6.195530412999998,0],[106.97455490700008,-6.195437094999916,0],[106.9745154980001,-6.195290361999943,0],[106.97438648700009,-6.194880372999949,0],[106.97411950000011,-6.194039408,0],[106.97384483500012,-6.193174240999914,0],[106.97356155300004,-6.192323724999975,0],[106.97339922400002,-6.191764212999955,0],[106.97331565800003,-6.191486169999953,0],[106.9731961530001,-6.191202410999923,0],[106.97310131000006,-6.191089054999958,0],[106.97239179700007,-6.190240980999954,0],[106.97203333400007,-6.189836444999967,0],[106.97161329200004,-6.189318934999958,0],[106.97130028100008,-6.188980743999954,0],[106.97113315300003,-6.1888021000000055,0],[106.97103169800006,-6.188659483999929,0],[106.97098365692717,-6.188598093901591,0]]},"properties":{}},{"type":"Feature","geometry":{"bbox":[106.96587596400008,-6.2343619949999525,106.97085731200012,-6.201708107999908],"type":"LineString","coordinates":[[106.96587596400008,-6.2343619949999525,0],[106.96596403400008,-6.234262594999988,0],[106.96599304300008,-6.234019951999896,0],[106.96604881500008,-6.233957198999944,0],[106.96618710700005,-6.2338015929999475,0],[106.9661939710001,-6.23379386499993,0],[106.96626872400006,-6.233665402999959,0],[106.96643302300006,-6.233407283999918,0],[106.96652042800011,-6.2332699679999255,0],[106.96665552900001,-6.233140864999902,0],[106.96676255800007,-6.233045236999983,0],[106.96685878200012,-6.23279710899997,0],[106.96694095800008,-6.232563661999928,0],[106.96698758900003,-6.232416481000007,0],[106.96687173100013,-6.232259373999975,0],[106.966805778,-6.232181604999935,0],[106.96679860300011,-6.232093988999969,0],[106.9668993810001,-6.231671017999966,0],[106.96707138400004,-6.23095410299989,0],[106.96718595600001,-6.230472666999935,0],[106.96721434700005,-6.230388985999939,0],[106.96738758,-6.229878417999972,0],[106.9674166840001,-6.229797003999986,0],[106.96744634300006,-6.229699620999922,0],[106.96822163400009,-6.228065768999917,0],[106.96840361900004,-6.227632676999965,0],[106.96855924300004,-6.2270929999999876,0],[106.96889829700002,-6.225652371999983,0],[106.96897409500008,-6.225298016999973,0],[106.96917477000008,-6.2243988009999125,0],[106.96929709700008,-6.223851056999978,0],[106.96935849700009,-6.223669628999977,0],[106.96949336000006,-6.223271086999953,0],[106.97019296000003,-6.221996137999978,0],[106.97041279200002,-6.221585932999966,0],[106.97051961200006,-6.221325894999945,0],[106.97053881100005,-6.2212413089999625,0],[106.9706113230001,-6.220921890999913,0],[106.97068669600012,-6.220579579999923,0],[106.97075201300002,-6.220208240000018,0],[106.97075350600005,-6.219954372999974,0],[106.97076052700001,-6.219918155999908,0],[106.97085731200012,-6.219418713999973,0],[106.97081676700004,-6.219305020999981,0],[106.97063422900004,-6.218963310999952,0],[106.97061499000004,-6.218736444999921,0],[106.97061454600001,-6.218731220999933,0],[106.97059277500007,-6.2184743929999104,0],[106.97043931500008,-6.216668557999975,0],[106.97042300500006,-6.216155596999988,0],[106.97042300400007,-6.216131067999912,0],[106.97036797200003,-6.215639696999935,0],[106.97022235700007,-6.2151928640000005,0],[106.97018436700003,-6.214935382999924,0],[106.97018084300001,-6.214896311999977,0],[106.9701465240001,-6.214515713999928,0],[106.9700789550001,-6.214364628999951,0],[106.96991284200004,-6.214039301999945,0],[106.96985327000009,-6.213832927999922,0],[106.96986896300005,-6.213730895999918,0],[106.96996719,-6.213550749999934,0],[106.97016124200007,-6.213219343999958,0],[106.97013427500006,-6.213054364999985,0],[106.9700638180001,-6.2129624000000145,0],[106.96999176200009,-6.212836419999983,0],[106.96993736900002,-6.211833551999961,0],[106.969889778,-6.2110347309999465,0],[106.96980328500004,-6.210505187999919,0],[106.96972526600007,-6.2097372649999745,0],[106.96968304000004,-6.209382310000004,0],[106.96968030700008,-6.209296041999972,0],[106.96966874100009,-6.208930828999952,0],[106.96967932300008,-6.208411437999965,0],[106.96972940500005,-6.2078516320000094,0],[106.969734294,-6.207630669999935,0],[106.96974776800006,-6.207021590999988,0],[106.96973968900001,-6.206770543999911,0],[106.96972221300008,-6.206227081999975,0],[106.96975445400008,-6.2059641409999795,0],[106.96974873100005,-6.205483876999944,0],[106.96974497900001,-6.205140142999925,0],[106.96979243200012,-6.20454336099993,0],[106.96982362600004,-6.2042416010000085,0],[106.9698630610001,-6.204027950999917,0],[106.96993319100004,-6.203648067999927,0],[106.96999693100007,-6.203041070999975,0],[106.96999698200007,-6.202872446999967,0],[106.97010018300008,-6.202221825999958,0],[106.970155015,-6.201947941999945,0],[106.97018756800013,-6.201708107999908,0]]},"properties":{}},{"type":"Feature","geometry":{"bbox":[106.99773058800007,-6.188122786999932,106.99982123400012,-6.186967189999974],"type":"LineString","coordinates":[[106.99773058800007,-6.186967189999974,0],[106.99776157900006,-6.186973328999949,0],[106.99821573000006,-6.187038965999962,0],[106.99857512000004,-6.187069065999966,0],[106.99890895100005,-6.1871440239999504,0],[106.99889364600001,-6.187386240999919,0],[106.99891004200005,-6.187662665999964,0],[106.9990965150001,-6.188035305999977,0],[106.99917741000004,-6.188061427000006,0],[106.99920251800009,-6.188069541999967,0],[106.99959280100005,-6.188122786999932,0],[106.99982123400012,-6.188108319999978,0]]},"properties":{}},{"type":"Feature","geometry":{"bbox":[106.97601833200011,-6.248243812999947,106.98208178900006,-6.24777701799996],"type":"LineString","coordinates":[[106.98208178900006,-6.248243812999947,0],[106.98187197100002,-6.248211667999952,0],[106.98146027800007,-6.248184007999972,0],[106.98100280700005,-6.248151746999968,0],[106.98091377300005,-6.2481454729999815,0],[106.97913865500009,-6.247965298999906,0],[106.97864694500008,-6.247909720999926,0],[106.97729855500008,-6.24777701799996,0],[106.97620145600007,-6.247797875999909,0],[106.97609695300012,-6.2477960089999325,0],[106.97601833200011,-6.2478031029999865,0]]},"properties":{}},{"type":"Feature","geometry":{"bbox":[106.93530878000011,-6.294233577999934,106.93577735500007,-6.292506055999995],"type":"LineString","coordinates":[[106.93530878000011,-6.2941568719999825,0],[106.93550467500006,-6.294202888999971,0],[106.93570782000009,-6.2942301899999205,0],[106.93573298800004,-6.294233577999934,0],[106.9357424070001,-6.293831843999913,0],[106.93561178700004,-6.293114922000013,0],[106.93562398400007,-6.29289731999995,0],[106.93572982300013,-6.292690599999988,0],[106.93575765400003,-6.29256883899995,0],[106.93577735500007,-6.292506055999995,0]]},"properties":{}},{"type":"Feature","geometry":{"bbox":[106.92523806000005,-6.318113008999974,106.93530878000011,-6.2941568719999825],"type":"LineString","coordinates":[[106.92584594400007,-6.318113008999974,0],[106.92583316100009,-6.318077108999935,0],[106.92574772200004,-6.3177885499999515,0],[106.92577046500006,-6.317683117999932,0],[106.92581226200005,-6.31757932399996,0],[106.92587410600001,-6.317452264999927,0],[106.92593670400004,-6.3174458039999255,0],[106.92619856900004,-6.3174489660000095,0],[106.92629061400001,-6.317395742999958,0],[106.9263388430001,-6.317318162999934,0],[106.92635545700004,-6.317143940999907,0],[106.92633722200004,-6.3169167129999355,0],[106.92631306200009,-6.3167636079999685,0],[106.92629756400005,-6.316492221999985,0],[106.92624815600006,-6.316153097999992,0],[106.9262488410001,-6.316045025999932,0],[106.92624905100004,-6.316011391999991,0],[106.92631592800007,-6.315996632999925,0],[106.92667783300007,-6.316000102999945,0],[106.92670319100004,-6.315998246999969,0],[106.92690307200006,-6.315983601000001,0],[106.9269840010001,-6.315912643999992,0],[106.92709323200008,-6.315754289999946,0],[106.92715117800007,-6.315670281999923,0],[106.92735372200005,-6.315388558999972,0],[106.92764430400011,-6.314984380999926,0],[106.92767411500009,-6.31494292599996,0],[106.927476701,-6.314755002999954,0],[106.92738687200003,-6.314642537999974,0],[106.92723346600005,-6.314425656999971,0],[106.92714444000005,-6.314276263999956,0],[106.92713253500004,-6.314245758000007,0],[106.92699388000003,-6.313890509999924,0],[106.92697039800004,-6.31380841199997,0],[106.92686502000002,-6.313440002999952,0],[106.92682586400007,-6.313182781999986,0],[106.92681522600007,-6.312798452999983,0],[106.92682581200006,-6.312457497999928,0],[106.92682708000008,-6.312416662999924,0],[106.92685037300005,-6.312017624999948,0],[106.92685514900009,-6.311935747999923,0],[106.9270033550001,-6.311949005999955,0],[106.92736869000004,-6.311981675999993,0],[106.92744521600007,-6.311934920999944,0],[106.92751334800002,-6.311854029999912,0],[106.92755116400004,-6.3117341579999415,0],[106.92759034699999,-6.3114927759999535,0],[106.92757147500004,-6.311298459999952,0],[106.9275573390001,-6.3111485819998965,0],[106.92758559900004,-6.310790509999935,0],[106.92764030700005,-6.310373300999965,0],[106.9275669450001,-6.310234626999948,0],[106.92745936700008,-6.3101336279999405,0],[106.92741188000007,-6.310064710999923,0],[106.92738192700007,-6.309950251999956,0],[106.92734071800004,-6.3097927539999805,0],[106.92736949600001,-6.309633259999929,0],[106.9273844370001,-6.309490091999985,0],[106.92741204300007,-6.309358168999994,0],[106.92759513800003,-6.309014911999926,0],[106.9275992010001,-6.308931147999923,0],[106.92759752900005,-6.3086694029999375,0],[106.92771895700007,-6.308300515999969,0],[106.9275411610001,-6.308216873999887,0],[106.92745931700007,-6.308039652999968,0],[106.92739638900011,-6.307985792999952,0],[106.92730599000001,-6.307975403999892,0],[106.92704086300009,-6.30801235999993,0],[106.9269122190001,-6.308030284999992,0],[106.92674985200009,-6.308001781999943,0],[106.92671849900006,-6.3078775819999695,0],[106.92672515100008,-6.3076822129999695,0],[106.92670649100005,-6.307459534000019,0],[106.92664737600005,-6.307420151999958,0],[106.92655428800006,-6.307425495999956,0],[106.92641627200001,-6.307425915999902,0],[106.92637164500006,-6.3073580189999685,0],[106.92623526500005,-6.307172653999908,0],[106.92610744900004,-6.307113608999908,0],[106.92598851100006,-6.306967942999934,0],[106.92593230800011,-6.306862991999955,0],[106.92578074600002,-6.306099281999915,0],[106.92576663100009,-6.3060281439999795,0],[106.92574191199999,-6.305786988999921,0],[106.9257366790001,-6.3052699239999495,0],[106.92560843400005,-6.305119192999912,0],[106.92560216300006,-6.305111820000013,0],[106.92539542200011,-6.304863028999945,0],[106.92523806000005,-6.304378513000001,0],[106.92526713000007,-6.304101798999932,0],[106.92534583100009,-6.303792470999918,0],[106.92537327400005,-6.303582134999923,0],[106.92545268700005,-6.303340775999937,0],[106.92560500900004,-6.30310107399991,0],[106.92575642300004,-6.302664402999929,0],[106.9255766580001,-6.302445763999957,0],[106.92556634300004,-6.302304858999934,0],[106.92555812200007,-6.302192569999969,0],[106.9255917670001,-6.301943695999983,0],[106.92562128100005,-6.301432270999944,0],[106.92569022000008,-6.301337842999947,0],[106.92581800900008,-6.3012280629999236,0],[106.92594455900007,-6.30118186499992,0],[106.92614035400001,-6.3011776339999255,0],[106.92660523300002,-6.3011742349999995,0],[106.92701117000003,-6.300969651999948,0],[106.92707373600005,-6.3009381209999145,0],[106.92736027600006,-6.300830338999967,0],[106.92755374300008,-6.300707540999932,0],[106.92770707800005,-6.300600694999973,0],[106.92794950300005,-6.300453521999964,0],[106.92820929000004,-6.3002243260000075,0],[106.9283172350001,-6.300038925999944,0],[106.9283527300001,-6.29994131299995,0],[106.92838582700008,-6.299850289999968,0],[106.928397798,-6.299666438999944,0],[106.92837581400006,-6.299500044999943,0],[106.92836547700009,-6.299421794999953,0],[106.92854002100006,-6.299049069000022,0],[106.92856596700007,-6.298993658999967,0],[106.92881693900006,-6.29886629999991,0],[106.92898229300006,-6.298784479999979,0],[106.92917630100003,-6.298514832999961,0],[106.92933914400001,-6.298391830999909,0],[106.92961658100005,-6.298293277999926,0],[106.92969538700008,-6.298291883999989,0],[106.92991311600007,-6.298286837999926,0],[106.92996998100007,-6.298236240999914,0],[106.93000449300008,-6.298105178999906,0],[106.93000674299999,-6.297929129999906,0],[106.93001154700003,-6.297456194999944,0],[106.93010411900006,-6.297350857999932,0],[106.9302892420001,-6.297229590999935,0],[106.93039670100002,-6.297225983999992,0],[106.93056202900003,-6.297269501999951,0],[106.93074039800004,-6.297318577999926,0],[106.93094416200002,-6.297302489999927,0],[106.93114107900006,-6.297189550999997,0],[106.93127825900004,-6.29707889499999,0],[106.93135135700005,-6.2970684709999265,0],[106.93148585900008,-6.297042151999969,0],[106.93159358200002,-6.297039031999889,0],[106.93192073500009,-6.297031744999996,0],[106.93206048200001,-6.296921151999905,0],[106.93223382900005,-6.296770299999947,0],[106.93251266100003,-6.2966271129999125,0],[106.93262835200002,-6.2965331449999535,0],[106.93295836900006,-6.296323035999977,0],[106.93329796600008,-6.296076897999951,0],[106.93346096100008,-6.295953976999995,0],[106.93356225000011,-6.2959532029999306,0],[106.93397765300001,-6.295950045999936,0],[106.93439306000002,-6.295889386999891,0],[106.93471462100007,-6.29572657499992,0],[106.93485590500003,-6.295626390999891,0],[106.93490257200007,-6.295506060999971,0],[106.93493611300009,-6.2951813320000145,0],[106.93494021300008,-6.295151290999927,0],[106.93500922600002,-6.294645525999913,0],[106.93506356300007,-6.294304897999973,0],[106.93509617200002,-6.294206906999948,0],[106.93510597600003,-6.294204600999935,0],[106.93530878000011,-6.2941568719999825,0]]},"properties":{}},{"type":"Feature","geometry":{"bbox":[106.98208178900006,-6.248563968999969,106.99294815300004,-6.247271832999994],"type":"LineString","coordinates":[[106.99294815300004,-6.247320617999945,0],[106.99269787900003,-6.247271832999994,0],[106.9925311040001,-6.247280537999915,0],[106.99240361500003,-6.2473116519999135,0],[106.99078983700008,-6.247670428999934,0],[106.99036142600008,-6.247779818000014,0],[106.9898873660001,-6.247882823999921,0],[106.98941195800003,-6.248011810000024,0],[106.98927746900009,-6.248031466999963,0],[106.98898356800002,-6.248074437999966,0],[106.98857263100004,-6.248155406999915,0],[106.98778027000012,-6.248364760999918,0],[106.98681203100003,-6.248524447999985,0],[106.98644274000011,-6.248563968999969,0],[106.98525273800006,-6.2485598739999855,0],[106.98461787000011,-6.248544278999939,0],[106.9843063500001,-6.248503169999912,0],[106.98384043,-6.248432238999994,0],[106.98339731200011,-6.248403758999947,0],[106.98208178900006,-6.248243812999947,0]]},"properties":{}},{"type":"Feature","geometry":{"bbox":[107.00958486600008,-6.257803254999976,107.0103998910001,-6.255235294999954],"type":"LineString","coordinates":[[107.0103998910001,-6.255235294999954,0],[107.010114349,-6.256195404999991,0],[107.00989386600007,-6.256855111999952,0],[107.00974178600009,-6.257352239999962,0],[107.00969814000004,-6.2575109099999455,0],[107.00960885700002,-6.2577413389999155,0],[107.00958486600008,-6.257803254999976,0]]},"properties":{}},{"type":"Feature","geometry":{"bbox":[107.01243588700007,-6.277056491999959,107.01432857800009,-6.276570616999992],"type":"LineString","coordinates":[[107.01432857800009,-6.277056491999959,0],[107.01428967100007,-6.276844391999907,0],[107.01421752900005,-6.276755799999949,0],[107.01417637300001,-6.2767344139999555,0],[107.01404019800012,-6.276664184999918,0],[107.01390390000003,-6.276599814999921,0],[107.01389359000007,-6.2765996649999085,0],[107.01372895200004,-6.2765972059999715,0],[107.01365438100008,-6.276619569999957,0],[107.01326354300008,-6.276570616999992,0],[107.01315980600002,-6.276837627999969,0],[107.01309784900005,-6.276857736999945,0],[107.01265109400002,-6.276694144999999,0],[107.01243588700007,-6.276635421000025,0]]},"properties":{}},{"type":"Feature","geometry":{"bbox":[106.99091111000008,-6.202044973999891,106.99146645100011,-6.198580131000002],"type":"LineString","coordinates":[[106.99091111000008,-6.202044973999891,0],[106.99096001800004,-6.2019989259999,0],[106.99093420200003,-6.201597744000013,0],[106.99093761400005,-6.201471637999971,0],[106.99101344700001,-6.201310912999906,0],[106.99109129100006,-6.201125299999914,0],[106.99111201300009,-6.200891171999993,0],[106.99120585800004,-6.2007203629999825,0],[106.9912666020001,-6.200609798999983,0],[106.9912817480001,-6.200582230999922,0],[106.99132288400004,-6.200467754999954,0],[106.99131561700007,-6.200387335999961,0],[106.99119127300008,-6.200322066999979,0],[106.99110973799999,-6.20028736699995,0],[106.99116934800013,-6.20002366499998,0],[106.99121257000006,-6.199928229999989,0],[106.99141388200012,-6.199687626999976,0],[106.99146645100011,-6.199572456999951,0],[106.99135432800007,-6.199299228999992,0],[106.99128267100009,-6.199173964999931,0],[106.9913771400001,-6.198998705999907,0],[106.99141757800007,-6.198924662999998,0],[106.99137248400007,-6.198805030999958,0],[106.99133923500007,-6.19875591999998,0],[106.9913106020001,-6.198713615999944,0],[106.99130004600002,-6.198580131000002,0]]},"properties":{}},{"type":"Feature","geometry":{"bbox":[106.90885971340118,-6.284817566658633,106.90886144100006,-6.28481673799998],"type":"LineString","coordinates":[[106.90885971340118,-6.284817566658633,0],[106.90886144100006,-6.28481673799998,0]]},"properties":{}},{"type":"Feature","geometry":{"bbox":[106.93577735500007,-6.298163901999969,106.93639190600003,-6.292506055999995],"type":"LineString","coordinates":[[106.93620783600007,-6.298163901999969,0],[106.93621063000003,-6.298113450999969,0],[106.93620765300005,-6.2963275369999945,0],[106.93621097100007,-6.294584156999987,0],[106.93621112900007,-6.2945024149999735,0],[106.93626033400005,-6.294472025999946,0],[106.93632491400007,-6.2944601149999375,0],[106.93632716700009,-6.294355960999935,0],[106.93633554200007,-6.293967928999981,0],[106.93636250200008,-6.293762134000007,0],[106.93639190600003,-6.293494198999953,0],[106.93638712500007,-6.293250088000006,0],[106.93626865200012,-6.292987791999975,0],[106.93618839900006,-6.29273235099989,0],[106.93613685000005,-6.292600578,0],[106.93584658600011,-6.292522778999958,0],[106.93577735500007,-6.292506055999995,0]]},"properties":{}},{"type":"Feature","geometry":{"bbox":[106.99662363300004,-6.256683834999903,107.0062906460001,-6.25207046899993],"type":"LineString","coordinates":[[107.0062906460001,-6.256683834999903,0],[107.00624418600007,-6.256671110999916,0],[107.00541271600011,-6.256318576999968,0],[107.00538120600008,-6.256305217999929,0],[107.00520584900005,-6.256245819999988,0],[107.00493761200005,-6.256202245999935,0],[107.0036886980001,-6.255792472999959,0],[107.00219922200006,-6.255215725999934,0],[107.0016351470001,-6.25499574299994,0],[107.00141815799999,-6.254872060000009,0],[107.00138984700006,-6.2548517269999255,0],[107.00055264200006,-6.254603354999981,0],[107.00022632400007,-6.254491803999899,0],[107.00021902300008,-6.2544893099999594,0],[106.99999983700006,-6.254397901999946,0],[106.99983484300009,-6.254329094999937,0],[106.99936030700009,-6.254164793999932,0],[106.99911748300006,-6.25407067199996,0],[106.9984180230001,-6.253524672999992,0],[106.99831448800006,-6.253423284999952,0],[106.99718004800008,-6.252312455999968,0],[106.99711526200005,-6.252246495999929,0],[106.99662363300004,-6.25207046899993,0]]},"properties":{}},{"type":"Feature","geometry":{"bbox":[107.03718044100002,-6.2366764909999635,107.03920339300007,-6.229679797999969],"type":"LineString","coordinates":[[107.03920339300007,-6.2366764909999635,0],[107.03915262700004,-6.236675783999905,0],[107.03887261100004,-6.2366293319999695,0],[107.03880854400008,-6.236618703999978,0],[107.03802125300004,-6.236370863999989,0],[107.03785817700005,-6.236203031999958,0],[107.03783818000008,-6.235977220999926,0],[107.03780422700002,-6.234980053999932,0],[107.03778756600006,-6.234490604999936,0],[107.03774861900004,-6.232246394999967,0],[107.03763013900002,-6.231678441999959,0],[107.03733034600008,-6.230912150999972,0],[107.03732989800004,-6.230911013999966,0],[107.03718044100002,-6.230502204999981,0],[107.037212557,-6.230188235999938,0],[107.03739566000006,-6.229679797999969,0]]},"properties":{}},{"type":"Feature","geometry":{"bbox":[107.00756919300001,-6.255235294999954,107.01046176900007,-6.251225876999948],"type":"LineString","coordinates":[[107.0103998910001,-6.255235294999954,0],[107.01041826200012,-6.254886206000025,0],[107.01043860300011,-6.254608359999951,0],[107.01046176900007,-6.254291889999967,0],[107.01043027400004,-6.254029385000008,0],[107.01022930000002,-6.253472374999928,0],[107.01014313400009,-6.253329959999958,0],[107.01003560200007,-6.253152213999995,0],[107.00992713600006,-6.252796277999943,0],[107.00985062900013,-6.252521595999953,0],[107.00970597400006,-6.2522802539999685,0],[107.00950489800003,-6.252098064999904,0],[107.00911022400007,-6.251917745999906,0],[107.00886222900006,-6.2518036779999715,0],[107.00803616800002,-6.251384358999916,0],[107.00786125300002,-6.251307619999961,0],[107.00765548700005,-6.251255317999986,0],[107.00756919300001,-6.251225876999948,0]]},"properties":{}},{"type":"Feature","geometry":{"bbox":[106.96211325800004,-6.255135015999917,106.964832813,-6.254050018999939],"type":"LineString","coordinates":[[106.96211325800004,-6.255135015999917,0],[106.96293760600004,-6.254763152999969,0],[106.96362060600006,-6.254530912999938,0],[106.96404990600006,-6.254388929000003,0],[106.96439130900006,-6.254267451999988,0],[106.964832813,-6.254050018999939,0]]},"properties":{}},{"type":"Feature","geometry":{"bbox":[106.91344978600009,-6.39094979299996,106.91424226500001,-6.390841930000006],"type":"LineString","coordinates":[[106.91344978600009,-6.39094979299996,61.08669999999984],[106.9136377600001,-6.39089623899997,60.848400000002584],[106.91381835000003,-6.390864736999939,60.848400000002584],[106.91400040000008,-6.390849348999909,60.848400000002584],[106.91424226500001,-6.390841930000006,60.96249999999418]]},"properties":{}},{"type":"Feature","geometry":{"bbox":[106.96635013000005,-6.218250332999935,106.96646966900008,-6.207750605999911],"type":"LineString","coordinates":[[106.96635013000005,-6.218250332999935,0],[106.96636403500004,-6.217589120999937,0],[106.96637152100004,-6.216691148999891,0],[106.96637183000007,-6.216674620999944,0],[106.96638048500007,-6.2159159119999625,0],[106.96638121200004,-6.215622727999952,0],[106.966382949,-6.214545719999924,0],[106.966384959,-6.214114057999913,0],[106.96639858200005,-6.213152793999958,0],[106.96641610300009,-6.212401991000009,0],[106.96643941400006,-6.211358660999926,0],[106.96643999500012,-6.21133999899998,0],[106.96645390400002,-6.210270503999952,0],[106.96646274400004,-6.209563218999962,0],[106.96646323600008,-6.2094572749999895,0],[106.96646966900008,-6.207750605999911,0]]},"properties":{}},{"type":"Feature","geometry":{"bbox":[107.01003742500004,-6.327290081999896,107.02643038500007,-6.305831920999909],"type":"LineString","coordinates":[[107.01003742500004,-6.327277375999911,0],[107.01012993100005,-6.327290081999896,0],[107.01070025700008,-6.327269539999973,0],[107.01082955400004,-6.327283666999987,0],[107.01110666800005,-6.327217934999966,0],[107.01139521600003,-6.327089912999943,0],[107.01159985800008,-6.326890115999932,0],[107.01219543300007,-6.326155925999936,0],[107.01243653500003,-6.3259795469999975,0],[107.01245863800008,-6.325963377999903,0],[107.01287887900004,-6.325586640999996,0],[107.012937428,-6.325443263999945,0],[107.01304524300004,-6.325052810999969,0],[107.01317496900003,-6.324855934999933,0],[107.01329900000007,-6.324756692999893,0],[107.01360227700003,-6.324643222999919,0],[107.01427043700008,-6.324498305000008,0],[107.01450400600004,-6.324346500999971,0],[107.01460865000008,-6.3241711759999415,0],[107.01460832300005,-6.324082026999937,0],[107.01461517000008,-6.324016128999991,0],[107.01462378500008,-6.323933300999977,0],[107.01470477900004,-6.323736260999928,0],[107.01466828800004,-6.323560198999926,0],[107.01462567500006,-6.323170590999931,0],[107.0146389160001,-6.322662759000012,0],[107.0147184410001,-6.322592827999911,0],[107.01490056900008,-6.322550923999907,0],[107.0151337610001,-6.322556248999904,0],[107.01519921300009,-6.322569420999928,0],[107.01587509100005,-6.322705447999992,0],[107.01617222600004,-6.322651524999971,0],[107.01640209500006,-6.32254321199998,0],[107.0165990620001,-6.322366885999957,0],[107.01684511500012,-6.322016389999911,0],[107.01713904400002,-6.321599602999976,0],[107.01725757000006,-6.321411412999948,0],[107.01732514900004,-6.321271598999926,0],[107.01745423000007,-6.321004550999946,0],[107.01747557300006,-6.320869480999962,0],[107.01743582300006,-6.320757051999985,0],[107.017420175,-6.320629466999909,0],[107.01748916900003,-6.320579591999957,0],[107.01773243200009,-6.320432821999892,0],[107.01782450000006,-6.3202794059999,0],[107.01799925700004,-6.319825986999954,0],[107.018027825,-6.319645622999952,0],[107.01797738500001,-6.319596211999949,0],[107.01790740100009,-6.3194395909999574,0],[107.01804306600012,-6.31931868799999,0],[107.01817789300009,-6.319168079999963,0],[107.01842778500006,-6.318911059999925,0],[107.01858398800002,-6.31882536199994,0],[107.01876276900006,-6.318936836000015,0],[107.01898640500009,-6.319046227999918,0],[107.019045405,-6.31900797399995,0],[107.01913088100007,-6.318851138999941,0],[107.01908319300011,-6.318798453999934,0],[107.0190153,-6.318684750999941,0],[107.01902159700008,-6.318467812999932,0],[107.01895009700011,-6.318367539999985,0],[107.01900393300004,-6.318279183999957,0],[107.01916210300007,-6.318157830999953,0],[107.0192763310001,-6.318038375999928,0],[107.01929085300006,-6.317917608999972,0],[107.01931895000008,-6.317718404999921,0],[107.01934135100007,-6.317529918999957,0],[107.01926738600008,-6.317288087999932,0],[107.01938293200004,-6.317042545999955,0],[107.0193900450001,-6.316826200999996,0],[107.01952371400006,-6.316736243000014,0],[107.01952757600012,-6.316676504999956,0],[107.01943807200007,-6.3165052059999045,0],[107.01911666800004,-6.316024366999999,0],[107.01917011200003,-6.315951589999928,0],[107.01937579900007,-6.315785491999952,0],[107.01953910499999,-6.315273488999955,0],[107.01980189600008,-6.315034617999997,0],[107.01991645800004,-6.314975941999938,0],[107.01995421500006,-6.314981870999896,0],[107.02002896400003,-6.315036972999925,0],[107.02109063400012,-6.315893867999948,0],[107.02109406000005,-6.31589662999991,0],[107.02115335700007,-6.315867441999982,0],[107.02132196700008,-6.315721665999911,0],[107.02146447200005,-6.315668739999973,0],[107.02176902200003,-6.315582808999968,0],[107.02194033800008,-6.315442952999943,0],[107.02210941800004,-6.3152436359999715,0],[107.0222507570001,-6.314948504999977,0],[107.02236442600008,-6.314760071999929,0],[107.02249906700004,-6.314629525999964,0],[107.02264225900007,-6.314490691999934,0],[107.02298161600008,-6.314286716999932,0],[107.02322479300004,-6.314130714999992,0],[107.02327041000008,-6.314041152999954,0],[107.02319518000007,-6.313985690999983,0],[107.02310961200001,-6.313883176999939,0],[107.02310382200007,-6.313692820999998,0],[107.02309477600004,-6.313408645000022,0],[107.02307381200008,-6.31303123299997,0],[107.02312343500009,-6.31283323899993,0],[107.02325297000006,-6.312733151999998,0],[107.02338586500005,-6.312574369999917,0],[107.02349365100008,-6.312488289999989,0],[107.02379641500009,-6.312417526999996,0],[107.02390883300006,-6.312267665999942,0],[107.0241186060001,-6.312019054999977,0],[107.02429018500008,-6.311961177999896,0],[107.02444226800006,-6.311859891999953,0],[107.02504853000003,-6.311119625999899,0],[107.0252919110001,-6.310853842999935,0],[107.02545853900003,-6.310619492999907,0],[107.02550395700005,-6.3104207109999795,0],[107.02555655000006,-6.310222163999983,0],[107.02569386700006,-6.30973693199998,0],[107.02565493600012,-6.309540051999944,0],[107.02564251000007,-6.309388343000004,0],[107.02563453300012,-6.309291006999944,0],[107.02564195700002,-6.309197162999995,0],[107.02565092300006,-6.30908378499994,0],[107.02559633100006,-6.309002703999981,0],[107.02537479200004,-6.308717771999943,0],[107.02537100500007,-6.308566237999928,0],[107.02546400500005,-6.3080955899999775,0],[107.02542343600005,-6.307713995999935,0],[107.02548546000013,-6.307631340999935,0],[107.02572183700006,-6.307428327000013,0],[107.02603560100009,-6.306892061999962,0],[107.02643038500007,-6.306606712999978,0],[107.02641935200003,-6.306543679999914,0],[107.02631681800008,-6.306446366999944,0],[107.02613443400008,-6.3062482359998935,0],[107.02610515300006,-6.306088510999912,0],[107.02612545400005,-6.305831920999909,0]]},"properties":{}},{"type":"Feature","geometry":{"bbox":[106.99768660200007,-6.249464406999953,107.03379607802579,-6.208106828527475],"type":"MultiLineString","coordinates":[[[107.03216579452888,-6.208589564061954,0],[107.03216682400006,-6.208508254999982,0],[107.03222914900006,-6.208295056999928,0],[107.03235640200002,-6.208127005999968,0],[107.03237640676551,-6.208106828527475,0]],[[107.0322542328293,-6.209048150662381,0],[107.03222039400005,-6.2089994889999485,0],[107.03216333100004,-6.2087841369999826,0],[107.03216569400023,-6.208597503957984,0]],[[107.03313636123163,-6.210194973111475,0],[107.032423775,-6.209262147999921,0],[107.03236657400006,-6.209209701999933,0],[107.03234226118812,-6.20917473915185,0]],[[107.03379607802579,-6.21241185509213,0],[107.03379478400011,-6.212263054999971,0],[107.03379526000006,-6.212099920999973,0],[107.0337786150001,-6.2117710229999386,0],[107.03367529700007,-6.211229008999945,0],[107.03347737700004,-6.210715950999949,0],[107.03345677875028,-6.210681839255498,0]],[[107.03279778869558,-6.213303302677923,0],[107.03333306181295,-6.213057303247231,0]],[[107.03103478838983,-6.214614881632611,0],[107.03104845800007,-6.2145439189999525,0],[107.03121850100011,-6.214335376999928,0],[107.03163777900006,-6.213936372999955,0],[107.03195908500001,-6.213689368999946,0],[107.03210057873044,-6.213624087839468,0]],[[107.03138385251951,-6.217177076280526,0],[107.03093639800004,-6.216481600999961,0],[107.0308115710001,-6.216125287999967,0],[107.03081800300001,-6.215926797999975,0],[107.03083090671375,-6.215805759722352,0]],[[107.03170720283973,-6.221251407641708,0],[107.03172138500005,-6.2211926159999305,0],[107.03178393700009,-6.221022111999945,0],[107.03184485800006,-6.220941955999974,0],[107.03188309700003,-6.220906203999947,0],[107.0320922800001,-6.220767935999964,0],[107.03211435900006,-6.220756432999989,0],[107.03232071000009,-6.220651033999973,0],[107.03265450600009,-6.2204605949999365,0],[107.03286592200008,-6.220295388999945,0],[107.03300745000007,-6.2200865739998985,0],[107.03304150400004,-6.219877690999935,0],[107.0329959370001,-6.2194859849999435,0],[107.03293216886061,-6.2192152449004485,0]],[[106.99768660200007,-6.249464406999953,0],[106.99768676600009,-6.249464094999928,0],[106.99818499100009,-6.2485109409999335,0],[106.99820629300008,-6.248129549999907,0],[106.99808975700003,-6.247790693999937,0],[106.99806845500004,-6.247208166999966,0],[106.99820629400008,-6.246583235999951,0],[106.99832283000003,-6.246350198999943,0],[106.99859174200009,-6.245917193999999,0],[106.99883183200005,-6.245705295999963,0],[106.99906064500007,-6.245616075999953,0],[106.99998692300007,-6.2453874479999545,0],[106.99999983000006,-6.245380466999999,0],[107.00015048200001,-6.245298972999917,0],[107.00041741300006,-6.245106284999961,0],[107.00079299000005,-6.244392108999934,0],[107.00090563300004,-6.244116877999987,0],[107.0010082420001,-6.243131335999978,0],[107.001010255,-6.243112009999978,0],[107.00109611800009,-6.242724552999983,0],[107.00114584600003,-6.242613048999905,0],[107.00156135600012,-6.242223824999941,0],[107.0019487060001,-6.241838845999974,0],[107.00208313400013,-6.241674289999947,0],[107.00214022000006,-6.241409279999958,0],[107.00214139200007,-6.24138508499991,0],[107.002144962,-6.241311902999984,0],[107.00215908000011,-6.241022071999984,0],[107.00205596800001,-6.24053121799996,0],[107.0020088250001,-6.240367172999976,0],[107.00196595400011,-6.240218020999981,0],[107.00167830800002,-6.239618257000005,0],[107.00159659900002,-6.239429780999954,0],[107.00158999500009,-6.239385242999999,0],[107.00158102200007,-6.239324724999966,0],[107.00162393800007,-6.239069924999933,0],[107.00171666700001,-6.238874455000014,0],[107.00183858100006,-6.238708602999969,0],[107.00187645900009,-6.238677515999973,0],[107.00204883600004,-6.2385360739999935,0],[107.00228181600005,-6.238345712999964,0],[107.00250398800004,-6.238164184999954,0],[107.00280829000009,-6.2378895769999705,0],[107.00292807000005,-6.237740718999911,0],[107.00299813100007,-6.237503188999975,0],[107.00296868100013,-6.237262110999923,0],[107.00290800000008,-6.237063389999912,0],[107.00273237100002,-6.236813050999983,0],[107.00254803000004,-6.236645062999939,0],[107.00234121200008,-6.236510612999917,0],[107.00217044900008,-6.236444946999901,0],[107.0017564460001,-6.236506769999954,0],[107.00170414900003,-6.23650959000001,0],[107.00155821300004,-6.236416814999972,0],[107.00144221500004,-6.236322807000009,0],[107.00126845000004,-6.23603357099997,0],[107.00112366800006,-6.235792589000015,0],[107.00101970500008,-6.235552591999964,0],[107.00093806200006,-6.235238312999984,0],[107.00092156100003,-6.235071127999918,0],[107.00094840900003,-6.234915565999925,0],[107.00106337400004,-6.23465918599994,0],[107.00114354100002,-6.234548895999962,0],[107.001323729,-6.234411557999968,0],[107.00152084700005,-6.234317869999943,0],[107.00174706800003,-6.23427001499998,0],[107.00184175900006,-6.23426881299997,0],[107.0019648020001,-6.234328943999971,0],[107.00217800200008,-6.2345780709998895,0],[107.00221015400007,-6.234608431000003,0],[107.00235548500011,-6.234745617999986,0],[107.00251171200006,-6.234829740999929,0],[107.00290980700005,-6.2348522369999255,0],[107.0033299890001,-6.234768069999978,0],[107.00370640000006,-6.234639340999896,0],[107.00411245400008,-6.2345152929999355,0],[107.00431257200003,-6.234496970999929,0],[107.00492343800003,-6.234543681999975,0],[107.00563316500005,-6.234480145999958,0],[107.00567361900002,-6.234476184999986,0],[107.00574484200006,-6.234458721999962,0],[107.00611120700007,-6.234259644999922,0],[107.00643974000009,-6.233950136999981,0],[107.0069143850001,-6.2334011099999405,0],[107.00737822900003,-6.23304937899997,0],[107.00785873000008,-6.232524934999921,0],[107.00819354300006,-6.232047753999963,0],[107.00821515400008,-6.231852303999956,0],[107.00813524000004,-6.2316387679999625,0],[107.00791720300003,-6.231316664999957,0],[107.00771644900003,-6.231171855999966,0],[107.0073555660001,-6.231009706999961,0],[107.00702561400007,-6.230824133999972,0],[107.00633411500004,-6.230295354999919,0],[107.00631694700004,-6.230227832999928,0],[107.00633837000005,-6.229988233999999,0],[107.00644876900012,-6.229485834999908,0],[107.0065462460001,-6.229341130999925,0],[107.00672628600007,-6.229191888999923,0],[107.006900391,-6.229122055999918,0],[107.00727292,-6.229058010999948,0],[107.00858740000005,-6.2290506989999646,0],[107.00949291500011,-6.228952745999942,0],[107.00971514400003,-6.22880135899994,0],[107.00993708500009,-6.228555228999914,0],[107.01003540900005,-6.228314949999929,0],[107.01015698000008,-6.227747415999955,0],[107.01012562800005,-6.227519397000007,0],[107.00998152600003,-6.227173784999922,0],[107.00972226500008,-6.226724919999997,0],[107.00956428400006,-6.226572623000008,0],[107.00967046800005,-6.225564090999962,0],[107.00973422900009,-6.22527841299995,0],[107.00986434000002,-6.225087942999911,0],[107.01005302800009,-6.224942445999952,0],[107.01035639000006,-6.224806365999973,0],[107.01102092700006,-6.224583198999982,0],[107.01148389200009,-6.224513136999958,0],[107.01231665900006,-6.224544404999969,0],[107.01243895600005,-6.224548993999994,0],[107.01300385399999,-6.224679451999952,0],[107.01366142700005,-6.224850879000014,0],[107.01467736500008,-6.224865146999951,0],[107.01513338500007,-6.2247992620000066,0],[107.01539494800004,-6.224652736999962,0],[107.0157092260001,-6.224384310999957,0],[107.01606206300008,-6.224051878999985,0],[107.0163124860001,-6.224017284999965,0],[107.0174502620001,-6.223851527999928,0],[107.01781623200009,-6.223718298999918,0],[107.01802155600002,-6.223524919999905,0],[107.01843447600008,-6.223145028000003,0],[107.01927788900005,-6.22255065199994,0],[107.0194716240001,-6.222535571999936,0],[107.01968429100002,-6.222584298999971,0],[107.01987131100013,-6.222693150999918,0],[107.02007412000003,-6.2228930139999346,0],[107.0203293430001,-6.223101921999989,0],[107.02058282900002,-6.223205533999947,0],[107.02105969400004,-6.223305920999993,0],[107.02181764900006,-6.223456709999946,0],[107.02223658900007,-6.223493774999993,0],[107.02341365100004,-6.223435365999956,0],[107.02400527000005,-6.223529157999989,0],[107.02464937200006,-6.2236312699999115,0],[107.02510408500011,-6.2235876939999475,0],[107.0254678890001,-6.223504143999962,0],[107.02627655900004,-6.223198121999955,0],[107.02749436600008,-6.222628638999909,0],[107.02775273500005,-6.222513700999992,0],[107.0284123870001,-6.222336092999951,0],[107.02863671500009,-6.222356150999923,0],[107.02902125200002,-6.222471626999974,0],[107.02905799500004,-6.2224751039999955,0],[107.02931969600012,-6.222602976999918,0],[107.02936053900004,-6.2226495569999525,0],[107.02945128100008,-6.222672770000008,0],[107.0297166460001,-6.222798547999934,0],[107.03011224800005,-6.223080534999996,0],[107.03029441600003,-6.223282292999992,0],[107.03058561600005,-6.223486274999994,0],[107.03083031600005,-6.223505703999914,0],[107.03087838400003,-6.2235006359999385,0],[107.03113110000007,-6.223434553999978,0],[107.03129843700006,-6.2232862109999605,0],[107.03136931100006,-6.223181752999933,0],[107.03144641800004,-6.2230342399999845,0],[107.03152651209265,-6.222766576741138,0]]]},"properties":{}},{"type":"Feature","geometry":{"bbox":[106.99130004600002,-6.212890108999984,107.00024422000003,-6.198534721999975],"type":"LineString","coordinates":[[106.99872446000005,-6.212890108999984,0],[106.99875321300003,-6.212839416999964,0],[106.998894625,-6.212557358999986,0],[106.99900454700004,-6.212338128999965,0],[106.99914665600008,-6.21202079099991,0],[106.99917457100008,-6.211958457999993,0],[106.99932336400005,-6.211666960999944,0],[106.99953899400003,-6.211361984999934,0],[106.9996868360001,-6.211177743999967,0],[106.999699552,-6.211131027000009,0],[106.99975412800008,-6.210930493999937,0],[106.99983088700012,-6.210484354999972,0],[106.99999896100007,-6.209454255999917,0],[107.00000268700003,-6.209431424999893,0],[107.0000175040001,-6.209340589999927,0],[107.00024422000003,-6.20777481899996,0],[107.00020958500001,-6.207660356999993,0],[107.00008010600004,-6.207613635999946,0],[106.99999893700007,-6.207595786999979,0],[106.99962169300004,-6.207512816999953,0],[106.99929804400008,-6.207441640999926,0],[106.99829479400003,-6.207300667999986,0],[106.99755532700004,-6.207164184999973,0],[106.99754890300004,-6.207156704999976,0],[106.99750352500011,-6.207103887999958,0],[106.99750479600003,-6.2069809999999155,0],[106.99754130600003,-6.2067924599999476,0],[106.99762750900007,-6.206450001999945,0],[106.99765642200006,-6.206148950999905,0],[106.99771139700007,-6.2057540919999195,0],[106.99771575000008,-6.205722784999994,0],[106.99795081300007,-6.204197502999913,0],[106.99791686900002,-6.204062344000009,0],[106.99778079000005,-6.203798294999922,0],[106.99762293800003,-6.2036680509999815,0],[106.99750127600001,-6.203576573999962,0],[106.99747109,-6.2035538779999495,0],[106.99722234400011,-6.203312421999955,0],[106.9969549020001,-6.203122532999965,0],[106.99671052200004,-6.20287187399992,0],[106.99665846400009,-6.202822697999936,0],[106.99651320600006,-6.202685471999951,0],[106.99624725700008,-6.202443275999984,0],[106.99631708300008,-6.202271000999941,0],[106.99633353600002,-6.202137224999975,0],[106.99628361600007,-6.202094314999977,0],[106.99610039300009,-6.2020423609999416,0],[106.99582677200002,-6.201943390999924,0],[106.99558272500008,-6.201862643999993,0],[106.99507161600006,-6.201704979999915,0],[106.99475812200006,-6.20164970099996,0],[106.9943710590001,-6.201549809999955,0],[106.99436049300002,-6.201543628999977,0],[106.99423937100003,-6.201472734999884,0],[106.99420450600009,-6.201435825999939,0],[106.9942025280001,-6.201433726999943,0],[106.99410239600007,-6.201327701999963,0],[106.99409921200008,-6.201324331999951,0],[106.99405308700008,-6.201159111999958,0],[106.99406339600004,-6.201003073000015,0],[106.99417279500004,-6.200639869999984,0],[106.99424035600003,-6.200345488999963,0],[106.99432609200002,-6.200010255999937,0],[106.9943818180001,-6.199816752999913,0],[106.99447901600006,-6.1995072889999765,0],[106.99455243600009,-6.199216962999936,0],[106.99451140700008,-6.199157592999908,0],[106.99440183500006,-6.199138277999998,0],[106.99412845400009,-6.199085865999924,0],[106.99303997000001,-6.198859345999923,0],[106.99236571600008,-6.198719025999948,0],[106.99199459700012,-6.198637705999969,0],[106.99174403000008,-6.198574267999961,0],[106.99158130800002,-6.198539492999926,0],[106.99133034700013,-6.198534721999975,0],[106.99130004600002,-6.198580131000002,0]]},"properties":{}},{"type":"Feature","geometry":{"bbox":[106.99980354400007,-6.188108319999978,107.001375362,-6.182394695999919],"type":"LineString","coordinates":[[106.99982123400012,-6.188108319999978,0],[106.99982211900002,-6.187896796999974,0],[106.99980354400007,-6.187478185999977,0],[106.999869221,-6.187310709999975,0],[106.99999881600007,-6.186989658999968,0],[107.00002102600004,-6.186934653999947,0],[107.00021235600006,-6.186107673,0],[107.00024787000007,-6.185654321999971,0],[107.00025449000009,-6.185569837999909,0],[107.00028944400013,-6.185546660999945,0],[107.00040634800004,-6.185467330999954,0],[107.0007732130001,-6.185441411999941,0],[107.00096581100006,-6.185492263999974,0],[107.00108682600003,-6.185540555999973,0],[107.00119245000006,-6.184679072999925,0],[107.00123442700007,-6.184513006999952,0],[107.00126183400003,-6.184447827999977,0],[107.00134477900005,-6.184250551999996,0],[107.001375362,-6.183973126999957,0],[107.00137411800009,-6.183491046999949,0],[107.00132210400004,-6.182797150999912,0],[107.00131011100002,-6.182502618999967,0],[107.00132103800004,-6.182470437999969,0],[107.00134675200005,-6.182394695999919,0]]},"properties":{}},{"type":"Feature","geometry":{"bbox":[106.9963656460001,-6.284992152999928,106.99928374600006,-6.282478668999973],"type":"LineString","coordinates":[[106.99928374600006,-6.284992152999928,0],[106.99879873500007,-6.284702277999925,0],[106.99854533700007,-6.284535901000014,0],[106.99813673700001,-6.2842883339999585,0],[106.99789232200004,-6.284051520999993,0],[106.99719251700013,-6.283373492999937,0],[106.99695536200005,-6.283111310000004,0],[106.99678916600007,-6.282914528999976,0],[106.99641885600006,-6.282533434999975,0],[106.9963656460001,-6.282478668999973,0]]},"properties":{}},{"type":"Feature","geometry":{"bbox":[107.02570700700008,-6.303025034999925,107.02834249400009,-6.287044543000013],"type":"LineString","coordinates":[[107.02640814500009,-6.303025034999925,0],[107.02645557700002,-6.302307003999934,0],[107.02648630800007,-6.302142163999973,0],[107.02659809900008,-6.302012881999934,0],[107.02659549000005,-6.30196226399992,0],[107.02658574000013,-6.301773488000022,0],[107.02651502300004,-6.30169987399997,0],[107.02641306400005,-6.301687404999916,0],[107.02608659100004,-6.301632973999942,0],[107.02594843500006,-6.301524949999974,0],[107.02583026500005,-6.301365533999929,0],[107.0257459730001,-6.301176766999943,0],[107.02576839200009,-6.301072522999933,0],[107.02583951800003,-6.30102562399996,0],[107.02591784100011,-6.300942759999943,0],[107.02602865200004,-6.300786838999921,0],[107.02622285900013,-6.300686573999974,0],[107.02629823500006,-6.30056845399997,0],[107.02629920000004,-6.300418782999932,0],[107.02629613400006,-6.300124583999926,0],[107.02630382200007,-6.299810092999929,0],[107.02597701100004,-6.299288341999924,0],[107.02589130600005,-6.29899845999992,0],[107.02578859700007,-6.29862967499996,0],[107.0258255020001,-6.298546908999951,0],[107.02593781000007,-6.298492734999998,0],[107.02602728100001,-6.298416427999902,0],[107.026050764,-6.298264986999895,0],[107.02610631900008,-6.298049693999934,0],[107.02616210700008,-6.29783412799995,0],[107.02618803899999,-6.297733911000007,0],[107.02615250000008,-6.297598023999955,0],[107.02612720500011,-6.297501304999946,0],[107.02617441500011,-6.297349979999948,0],[107.02627573500006,-6.297032457999967,0],[107.02616603700004,-6.296615548999933,0],[107.02582399600007,-6.296641530999951,0],[107.02579982000012,-6.296542177999902,0],[107.02583282300009,-6.296457283999894,0],[107.02584211300007,-6.296364725999963,0],[107.02570700700008,-6.296040644999971,0],[107.02574728900004,-6.2959317569999325,0],[107.02592968900002,-6.295834566999973,0],[107.02590888800007,-6.295768903999958,0],[107.02585614200007,-6.295473677999956,0],[107.02590750400006,-6.295356030999903,0],[107.02596138500007,-6.295224080999999,0],[107.02592907900006,-6.295059521999972,0],[107.02590021900008,-6.294868242999955,0],[107.02594678900002,-6.294544596,0],[107.02603500600013,-6.294324502999908,0],[107.02616590300003,-6.294024314999939,0],[107.02616538600007,-6.293918974999928,0],[107.02616491200004,-6.293822331999925,0],[107.02618079700002,-6.293491607999917,0],[107.02639652000002,-6.293154729000021,0],[107.02646655300003,-6.292998785999908,0],[107.02644244800008,-6.292810164999933,0],[107.02644320000006,-6.292736272999948,0],[107.02648772500001,-6.2925984469999126,0],[107.02649834700009,-6.292441160999955,0],[107.02650195600003,-6.29225348999997,0],[107.02663851600005,-6.29215795199997,0],[107.02665484900007,-6.292045386999982,0],[107.02669714100001,-6.2917395759999035,0],[107.02691653100005,-6.291507382999965,0],[107.02745202800013,-6.291170456999977,0],[107.0275751020001,-6.291036447999902,0],[107.02761568000008,-6.290992262999977,0],[107.0276105450001,-6.290886588999937,0],[107.02750723500007,-6.290578747999957,0],[107.02735285700001,-6.29032437399996,0],[107.02733577400001,-6.290143255999984,0],[107.02732219900004,-6.289836731000024,0],[107.02726829100003,-6.289719230999895,0],[107.02712563600004,-6.289561319999974,0],[107.02710658600006,-6.289483507999931,0],[107.02727872600009,-6.289250522999927,0],[107.02732097800003,-6.289136979999947,0],[107.0274441800001,-6.289059646999943,0],[107.02761328300006,-6.289036135999952,0],[107.02780610300003,-6.289096529999975,0],[107.0278779100001,-6.289044022999983,0],[107.02795695200007,-6.28887198899996,0],[107.0280378410001,-6.2885471429999935,0],[107.02804512800009,-6.28851787699997,0],[107.02798296800009,-6.288436834000015,0],[107.02786937200003,-6.288246752000008,0],[107.02795220900003,-6.288000270999953,0],[107.02790821000004,-6.287893761999934,0],[107.02784914600004,-6.287741782999971,0],[107.02785968700002,-6.287680500999963,0],[107.02790924200012,-6.287621389999957,0],[107.02831557900008,-6.287207920999942,0],[107.02834249400009,-6.287044543000013,0]]},"properties":{}},{"type":"Feature","geometry":{"bbox":[106.93527272800006,-6.292506055999995,106.93596111100008,-6.29187002799995],"type":"LineString","coordinates":[[106.93577735500007,-6.292506055999995,0],[106.93593903100003,-6.291990916000005,0],[106.93596111100008,-6.291892339999931,0],[106.93579734400004,-6.291901327999964,0],[106.93556367600006,-6.291927481999908,0],[106.93527272800006,-6.29187002799995,0]]},"properties":{}},{"type":"Feature","geometry":{"bbox":[106.9794812590001,-6.238864711000007,106.98700453000005,-6.238326404999965],"type":"LineString","coordinates":[[106.9794812590001,-6.238581012999893,0],[106.97954894700011,-6.2385643309999335,0],[106.97969852300005,-6.238592888999987,0],[106.97993376800007,-6.23860520499994,0],[106.98052322700008,-6.238656799999946,0],[106.98143089300004,-6.2387874540000094,0],[106.98177975900003,-6.238774107999971,0],[106.98199247700005,-6.238730244999983,0],[106.9822433340001,-6.238624914999972,0],[106.98232529300005,-6.238590503999967,0],[106.98255415900007,-6.2384706999999135,0],[106.9828764950001,-6.238326404999965,0],[106.9830086270001,-6.238326576999979,0],[106.98332119600012,-6.238391208999909,0],[106.98395842100008,-6.238531935000006,0],[106.98437197900002,-6.2385654649999385,0],[106.98506714400007,-6.23866340699996,0],[106.98586318000012,-6.238775560000002,0],[106.98618327700005,-6.238830975999969,0],[106.98678026700006,-6.238848433999992,0],[106.98700453000005,-6.238864711000007,0]]},"properties":{}},{"type":"Feature","geometry":{"bbox":[107.00969138400009,-6.259141215999923,107.01997220600003,-6.230705704999943],"type":"LineString","coordinates":[[107.01337067000006,-6.259141215999923,0],[107.01338155000006,-6.259056987999971,0],[107.01339486100001,-6.258953935999971,0],[107.01339781500008,-6.258932660999987,0],[107.01341917100007,-6.2588046979999685,0],[107.01328253400004,-6.258695095999959,0],[107.01292192400005,-6.25838499799997,0],[107.01273073200004,-6.258139948999945,0],[107.01256596100009,-6.257643502999903,0],[107.01251666400009,-6.257253112999932,0],[107.01256125100005,-6.256032675999938,0],[107.01265227200012,-6.255070707999925,0],[107.01269475500008,-6.254384071999956,0],[107.01267572300011,-6.254014449999927,0],[107.01249536600002,-6.25342935500001,0],[107.01156489400003,-6.252695345999941,0],[107.01149850200005,-6.252653858999972,0],[107.01106629800009,-6.252383766000007,0],[107.01102555900009,-6.252362060999898,0],[107.0108454290001,-6.25217387999996,0],[107.01072254600007,-6.25194630599996,0],[107.01054718000003,-6.2514300079999625,0],[107.01025769700006,-6.250400114999925,0],[107.01014532300009,-6.250000306999974,0],[107.01014076300007,-6.249984089999964,0],[107.00998753400009,-6.249460953999934,0],[107.00996133600005,-6.249371504999905,0],[107.00982697400003,-6.248709203999995,0],[107.00969138400009,-6.247895365999982,0],[107.00972979300008,-6.247500769999929,0],[107.00973468800004,-6.247450529999947,0],[107.00985092800006,-6.247209366999888,0],[107.00997991200008,-6.247054682999968,0],[107.01004278600004,-6.246979277999946,0],[107.01034679300005,-6.246686379999959,0],[107.01074692800003,-6.246445314999997,0],[107.01110741200002,-6.2463327359999194,0],[107.0120357470001,-6.246047854999974,0],[107.01242661500001,-6.245855247999936,0],[107.01263755400007,-6.245673236999975,0],[107.01288544600006,-6.245321154999976,0],[107.01297125500005,-6.245063101999941,0],[107.01306077200009,-6.244843818999916,0],[107.01308298700006,-6.2447893899999425,0],[107.01324194100006,-6.244432422999983,0],[107.01342036500009,-6.24403054799995,0],[107.01405625900011,-6.2428339949999785,0],[107.01408767200004,-6.242774883999973,0],[107.01455162900007,-6.24180552199997,0],[107.01471378900007,-6.241462709999938,0],[107.0151316230001,-6.240672901999959,0],[107.0153678280001,-6.240284981999926,0],[107.01551291900003,-6.239984238,0],[107.01628196500006,-6.238187710999947,0],[107.01636469100006,-6.23668862199999,0],[107.01663805300004,-6.234478407999992,0],[107.0168201980001,-6.233604457999979,0],[107.01696144100006,-6.233245198999919,0],[107.01714783700002,-6.232966022000001,0],[107.01744961700004,-6.232634527999929,0],[107.01772959100002,-6.232433674999919,0],[107.01822131600004,-6.23208290199994,0],[107.0190283270001,-6.231377735999947,0],[107.01925213600006,-6.231182177999932,0],[107.01997220600003,-6.230705704999943,0]]},"properties":{}},{"type":"Feature","geometry":{"bbox":[107.01625191600006,-6.349240304000007,107.01729506031374,-6.3475718263556065],"type":"LineString","coordinates":[[107.01625191600006,-6.349240304000007,0],[107.01632479600005,-6.349078300000015,0],[107.016441189,-6.348865995999946,0],[107.01714451100011,-6.34769300899997,0],[107.01729303700006,-6.347573454999937,0],[107.01729506031374,-6.3475718263556065,0]]},"properties":{}},{"type":"Feature","geometry":{"bbox":[107.00756919300001,-6.255235294999954,107.01051421900006,-6.251225876999948],"type":"LineString","coordinates":[[107.0103998910001,-6.255235294999954,0],[107.01050272300009,-6.254644023999971,0],[107.01051421900006,-6.254087059999984,0],[107.01037711900008,-6.253666818999941,0],[107.01018281200008,-6.2533149899999625,0],[107.01016317600005,-6.2532312849999645,0],[107.01002608400007,-6.252734783999918,0],[107.00996467400006,-6.2525381469999015,0],[107.00978631300005,-6.25229518099996,0],[107.00943551500006,-6.25201381699995,0],[107.00908052900009,-6.251854347999901,0],[107.00903042100003,-6.251825573000007,0],[107.00861538000007,-6.251637067999953,0],[107.00844587400007,-6.25155986599996,0],[107.00791202300005,-6.251289732999991,0],[107.00775713700001,-6.251248293999938,0],[107.00756919300001,-6.251225876999948,0]]},"properties":{}}],"fileName":"SUNGAI_LN_25K"}